frame,action,actionTime,frameMs,fps,windStrength,windTarget,headLinearSpeed,headAngularSpeed,maxDeviation,maxStaticPenetration,maxFrontStaticPenetration,maxFrontMeshPenetration,finite
0,0,0.001000,22.2413,44.961,0.000000,0.000000,0.000000,0.0000,0.223478,0.000355,0.000355,0.000000,True
1,0,0.023246,2.5430,393.236,0.000000,0.000000,0.000000,0.0000,0.223012,0.001265,0.001265,0.000000,True
2,0,0.025789,2.5844,386.937,0.000000,0.000000,0.000000,0.0000,0.223005,0.001008,0.001008,0.000000,True
3,0,0.028374,2.5227,396.401,0.000000,0.000000,0.000000,0.0000,0.222864,0.000908,0.000908,0.000000,True
4,0,0.030897,2.4631,405.992,0.000000,0.000000,0.000000,0.0000,0.222808,0.000857,0.000857,0.000000,True
5,0,0.033361,2.4358,410.543,0.000000,0.000000,0.000000,0.0000,0.222887,0.000816,0.000816,0.000000,True
6,0,0.035797,2.5269,395.742,0.000000,0.000000,0.000000,0.0000,0.223065,0.000784,0.000784,0.000000,True
7,0,0.038324,2.5100,398.406,0.000000,0.000000,0.000000,0.0000,0.223250,0.000812,0.000812,0.000000,True
8,0,0.040835,2.5067,398.931,0.000000,0.000000,0.000000,0.0000,0.223442,0.000866,0.000866,0.000000,True
9,0,0.043343,2.8995,344.887,0.000000,0.000000,0.000000,0.0000,0.223629,0.000926,0.000926,0.000000,True
10,0,0.046243,2.5136,397.836,0.000000,0.000000,0.000000,0.0000,0.223786,0.001011,0.001011,0.000000,True
11,0,0.048757,2.4609,406.355,0.000000,0.000000,0.000000,0.0000,0.223955,0.001058,0.001058,0.000000,True
12,0,0.051218,2.4574,406.934,0.000000,0.000000,0.000000,0.0000,0.224087,0.001101,0.001101,0.000000,True
13,0,0.053676,2.4570,407.000,0.000000,0.000000,0.000000,0.0000,0.224200,0.001139,0.001139,0.000000,True
14,0,0.056134,2.4761,403.861,0.000000,0.000000,0.000000,0.0000,0.224302,0.001169,0.001169,0.000000,True
15,0,0.058610,2.5168,397.330,0.000000,0.000000,0.000000,0.0000,0.224394,0.001190,0.001190,0.000000,True
16,0,0.061127,2.6197,381.723,0.000000,0.000000,0.000000,0.0000,0.224480,0.001199,0.001199,0.000000,True
17,0,0.063747,2.4843,402.528,0.000000,0.000000,0.000000,0.0000,0.224571,0.001196,0.001196,0.000000,True
18,0,0.066232,2.5254,395.977,0.000000,0.000000,0.000000,0.0000,0.224674,0.001170,0.001170,0.000000,True
19,0,0.068758,2.5095,398.486,0.000000,0.000000,0.000000,0.0000,0.224791,0.001129,0.001129,0.000000,True
20,0,0.071268,2.5526,391.757,0.000000,0.000000,0.000000,0.0000,0.224880,0.001121,0.001121,0.000000,True
21,0,0.073822,2.7899,358.436,0.000000,0.000000,0.000000,0.0000,0.224918,0.001172,0.001172,0.000000,True
22,0,0.076612,2.6536,376.847,0.000000,0.000000,0.000000,0.0000,0.224904,0.001255,0.001255,0.000000,True
23,0,0.079266,2.4869,402.107,0.000000,0.000000,0.000000,0.0000,0.224851,0.001330,0.001330,0.000000,True
24,0,0.081754,2.5425,393.314,0.000000,0.000000,0.000000,0.0000,0.224775,0.001390,0.001390,0.000000,True
25,0,0.084297,2.6207,381.577,0.000000,0.000000,0.000000,0.0000,0.224672,0.001453,0.001453,0.000000,True
26,0,0.086918,2.5348,394.509,0.000000,0.000000,0.000000,0.0000,0.224558,0.001512,0.001512,0.000000,True
27,0,0.089453,2.5480,392.465,0.000000,0.000000,0.000000,0.0000,0.224452,0.001549,0.001549,0.000000,True
28,0,0.092001,2.6224,381.330,0.000000,0.000000,0.000000,0.0000,0.224359,0.001577,0.001577,0.000000,True
29,0,0.094624,2.5229,396.369,0.000000,0.000000,0.000000,0.0000,0.224303,0.001595,0.001595,0.000000,True
30,0,0.097147,2.8741,347.935,0.000000,0.000000,0.000000,0.0000,0.224258,0.001588,0.001588,0.000000,True
31,0,0.100022,2.7299,366.314,0.000000,0.000000,0.000000,0.0000,0.224237,0.001576,0.001576,0.000000,True
32,0,0.102753,2.5370,394.166,0.000000,0.000000,0.000000,0.0000,0.224262,0.001525,0.001525,0.000000,True
33,0,0.105290,2.5275,395.648,0.000000,0.000000,0.000000,0.0000,0.224299,0.001496,0.001496,0.000000,True
34,0,0.107818,2.7771,360.088,0.000000,0.000000,0.000000,0.0000,0.224308,0.001543,0.001543,0.000000,True
35,0,0.110595,2.5127,397.978,0.000000,0.000000,0.000000,0.0000,0.224272,0.001629,0.001629,0.000000,True
36,0,0.113108,2.5136,397.836,0.000000,0.000000,0.000000,0.0000,0.224191,0.001700,0.001700,0.000000,True
37,0,0.115622,2.5067,398.931,0.000000,0.000000,0.000000,0.0000,0.224083,0.001771,0.001771,0.000000,True
38,0,0.118129,2.5625,390.244,0.000000,0.000000,0.000000,0.0000,0.223958,0.001835,0.001835,0.000000,True
39,0,0.120692,2.5377,394.058,0.000000,0.000000,0.000000,0.0000,0.223842,0.001896,0.001896,0.000000,True
40,0,0.123230,2.5662,389.681,0.000000,0.000000,0.000000,0.0000,0.223712,0.001941,0.001941,0.000000,True
41,0,0.125797,2.5302,395.226,0.000000,0.000000,0.000000,0.0000,0.223595,0.001974,0.001974,0.000000,True
42,0,0.128327,2.5347,394.524,0.000000,0.000000,0.000000,0.0000,0.223506,0.001989,0.001989,0.000000,True
43,0,0.130863,2.4735,404.285,0.000000,0.000000,0.000000,0.0000,0.223451,0.001988,0.001988,0.000000,True
44,0,0.133336,2.5320,394.945,0.000000,0.000000,0.000000,0.0000,0.223429,0.001966,0.001966,0.000000,True
45,0,0.135869,2.5391,393.840,0.000000,0.000000,0.000000,0.0000,0.223439,0.001930,0.001930,0.000000,True
46,0,0.138408,2.5264,395.820,0.000000,0.000000,0.000000,0.0000,0.223466,0.001879,0.001879,0.000000,True
47,0,0.140935,2.5044,399.297,0.000000,0.000000,0.000000,0.0000,0.223479,0.001899,0.001899,0.000000,True
48,0,0.143440,2.5069,398.899,0.000000,0.000000,0.000000,0.0000,0.223456,0.001966,0.001966,0.000000,True
49,0,0.145947,2.5494,392.249,0.000000,0.000000,0.000000,0.0000,0.223402,0.002045,0.002045,0.000000,True
50,0,0.148497,2.5136,397.836,0.000000,0.000000,0.000000,0.0000,0.223318,0.002127,0.002127,0.000000,True
51,0,0.151011,2.5031,399.505,0.000000,0.000000,0.000000,0.0000,0.223213,0.002198,0.002198,0.000000,True
52,0,0.153515,2.5096,398.470,0.000000,0.000000,0.000000,0.0000,0.223114,0.002260,0.002260,0.000000,True
53,0,0.156025,2.4831,402.722,0.000000,0.000000,0.000000,0.0000,0.222994,0.002313,0.002313,0.000000,True
54,0,0.158508,2.4786,403.454,0.000000,0.000000,0.000000,0.0000,0.222884,0.002350,0.002350,0.000000,True
55,0,0.160987,2.5207,396.715,0.000000,0.000000,0.000000,0.0000,0.222795,0.002374,0.002374,0.000000,True
56,0,0.163508,2.4974,400.416,0.000000,0.000000,0.000000,0.0000,0.222729,0.002386,0.002386,0.000000,True
57,0,0.166006,2.5284,395.507,0.000000,0.000000,0.000000,0.0000,0.222697,0.002377,0.002377,0.000000,True
58,0,0.168535,2.5697,389.151,0.000000,0.000000,0.000000,0.0000,0.222694,0.002352,0.002352,0.000000,True
59,0,0.171105,2.5445,393.005,0.000000,0.000000,0.000000,0.0000,0.222703,0.002305,0.002305,0.000000,True
60,0,0.173650,2.5690,389.257,0.000000,0.000000,0.000000,0.0000,0.222740,0.002263,0.002263,0.000000,True
61,0,0.176219,2.5268,395.758,0.000000,0.000000,0.000000,0.0000,0.222738,0.002311,0.002311,0.000000,True
62,0,0.178746,2.4964,400.577,0.000000,0.000000,0.000000,0.0000,0.222716,0.002386,0.002386,0.000000,True
63,0,0.181243,2.5715,388.878,0.000000,0.000000,0.000000,0.0000,0.222653,0.002465,0.002465,0.000000,True
64,0,0.183815,2.5024,399.616,0.000000,0.000000,0.000000,0.0000,0.222560,0.002548,0.002548,0.000000,True
65,0,0.186318,2.5656,389.772,0.000000,0.000000,0.000000,0.0000,0.222454,0.002614,0.002614,0.000000,True
66,0,0.188884,2.5247,396.087,0.000000,0.000000,0.000000,0.0000,0.222334,0.002677,0.002677,0.000000,True
67,0,0.191409,2.5525,391.773,0.000000,0.000000,0.000000,0.0000,0.222242,0.002722,0.002722,0.000000,True
68,0,0.193962,2.8373,352.448,0.000000,0.000000,0.000000,0.0000,0.222144,0.002756,0.002756,0.000000,True
69,0,0.196799,2.5439,393.097,0.000000,0.000000,0.000000,0.0000,0.222058,0.002794,0.002794,0.000000,True
70,0,0.199344,2.5319,394.960,0.000000,0.000000,0.000000,0.0000,0.222019,0.002775,0.002775,0.000000,True
71,0,0.201876,2.5635,390.092,0.000000,0.000000,0.000000,0.0000,0.222012,0.002749,0.002749,0.000000,True
72,0,0.204440,2.5406,393.608,0.000000,0.000000,0.000000,0.0000,0.222034,0.002707,0.002707,0.000000,True
73,0,0.206981,2.5479,392.480,0.000000,0.000000,0.000000,0.0000,0.222080,0.002647,0.002647,0.000000,True
74,0,0.209529,2.5243,396.149,0.000000,0.000000,0.000000,0.0000,0.222101,0.002663,0.002663,0.000000,True
75,0,0.212054,2.5316,395.007,0.000000,0.000000,0.000000,0.0000,0.222086,0.002732,0.002732,0.000000,True
76,0,0.214586,2.5093,398.518,0.000000,0.000000,0.000000,0.0000,0.222046,0.002814,0.002814,0.000000,True
77,0,0.217095,2.5042,399.329,0.000000,0.000000,0.000000,0.0000,0.221983,0.002892,0.002892,0.000000,True
78,0,0.219600,2.4757,403.926,0.000000,0.000000,0.000000,0.0000,0.221900,0.002963,0.002963,0.000000,True
79,0,0.222076,2.5160,397.456,0.000000,0.000000,0.000000,0.0000,0.221830,0.003023,0.003023,0.000000,True
80,0,0.224592,2.5860,386.698,0.000000,0.000000,0.000000,0.0000,0.221741,0.003077,0.003077,0.000000,True
81,0,0.227179,2.5983,384.867,0.000000,0.000000,0.000000,0.0000,0.221659,0.003122,0.003122,0.000000,True
82,0,0.229778,2.5799,387.612,0.000000,0.000000,0.000000,0.0000,0.221601,0.003147,0.003147,0.000000,True
83,0,0.232358,2.7051,369.672,0.000000,0.000000,0.000000,0.0000,0.221582,0.003152,0.003152,0.000000,True
84,0,0.235064,2.5416,393.453,0.000000,0.000000,0.000000,0.0000,0.221572,0.003145,0.003145,0.000000,True
85,0,0.237606,2.5002,399.968,0.000000,0.000000,0.000000,0.0000,0.221598,0.003105,0.003105,0.000000,True
86,0,0.240106,2.5368,394.197,0.000000,0.000000,0.000000,0.0000,0.221662,0.003050,0.003050,0.000000,True
87,0,0.242643,2.5841,386.982,0.000000,0.000000,0.000000,0.0000,0.221704,0.003014,0.003014,0.000000,True
88,0,0.245228,2.5235,396.275,0.000000,0.000000,0.000000,0.0000,0.221707,0.003063,0.003063,0.000000,True
89,0,0.247752,2.5458,392.804,0.000000,0.000000,0.000000,0.0000,0.221677,0.003131,0.003131,0.000000,True
90,0,0.250298,2.4926,401.188,0.000000,0.000000,0.000000,0.0000,0.221614,0.003203,0.003203,0.000000,True
91,0,0.252791,2.5519,391.865,0.000000,0.000000,0.000000,0.0000,0.221542,0.003266,0.003266,0.000000,True
92,0,0.255344,2.5145,397.693,0.000000,0.000000,0.000000,0.0000,0.221457,0.003328,0.003328,0.000000,True
93,0,0.257859,2.5266,395.789,0.000000,0.000000,0.000000,0.0000,0.221372,0.003376,0.003376,0.000000,True
94,0,0.260386,2.7100,369.004,0.000000,0.000000,0.000000,0.0000,0.221296,0.003414,0.003414,0.000000,True
95,0,0.263096,2.5218,396.542,0.000000,0.000000,0.000000,0.0000,0.221241,0.003453,0.003453,0.000000,True
96,0,0.265619,2.4939,400.978,0.000000,0.000000,0.000000,0.0000,0.221210,0.003453,0.003453,0.000000,True
97,0,0.268113,2.5554,391.328,0.000000,0.000000,0.000000,0.0000,0.221203,0.003444,0.003444,0.000000,True
98,0,0.270669,2.4911,401.429,0.000000,0.000000,0.000000,0.0000,0.221216,0.003423,0.003423,0.000000,True
99,0,0.273160,2.5368,394.197,0.000000,0.000000,0.000000,0.0000,0.221272,0.003353,0.003353,0.000000,True
100,0,0.275697,2.5105,398.327,0.000000,0.000000,0.000000,0.0000,0.221333,0.003249,0.003249,0.000000,True
101,0,0.278209,2.5563,391.190,0.000000,0.000000,0.000000,0.0000,0.221386,0.003220,0.003220,0.000000,True
102,0,0.280765,2.5195,396.904,0.000000,0.000000,0.000000,0.0000,0.221366,0.003269,0.003269,0.000000,True
103,0,0.283285,2.5083,398.676,0.000000,0.000000,0.000000,0.0000,0.221305,0.003344,0.003344,0.000000,True
104,0,0.285794,2.5068,398.915,0.000000,0.000000,0.000000,0.0000,0.221202,0.003422,0.003422,0.000000,True
105,0,0.288301,2.5513,391.957,0.000000,0.000000,0.000000,0.0000,0.221100,0.003492,0.003492,0.000000,True
106,0,0.290852,2.5049,399.218,0.000000,0.000000,0.000000,0.0000,0.220986,0.003552,0.003552,0.000000,True
107,0,0.293357,2.5702,389.075,0.000000,0.000000,0.000000,0.0000,0.220881,0.003586,0.003586,0.000000,True
108,0,0.295928,2.5248,396.071,0.000000,0.000000,0.000000,0.0000,0.220786,0.003607,0.003607,0.000000,True
109,0,0.298453,2.5257,395.930,0.000000,0.000000,0.000000,0.0000,0.220735,0.003600,0.003600,0.000000,True
110,0,0.300979,2.5523,391.804,0.000000,0.000000,0.000000,0.0000,0.220703,0.003572,0.003572,0.000000,True
111,0,0.303532,2.5119,398.105,0.000000,0.000000,0.000000,0.0000,0.220709,0.003524,0.003524,0.000000,True
112,0,0.306044,2.5468,392.650,0.000000,0.000000,0.000000,0.0000,0.220746,0.003452,0.003452,0.000000,True
113,0,0.308592,2.6827,372.759,0.000000,0.000000,0.000000,0.0000,0.220817,0.003361,0.003361,0.000000,True
114,0,0.311275,2.5812,387.417,0.000000,0.000000,0.000000,0.0000,0.220896,0.003276,0.003276,0.000000,True
115,0,0.313856,2.5153,397.567,0.000000,0.000000,0.000000,0.0000,0.220922,0.003277,0.003277,0.000000,True
116,0,0.316372,2.5946,385.416,0.000000,0.000000,0.000000,0.0000,0.220919,0.003314,0.003314,0.000000,True
117,0,0.318967,2.5263,395.836,0.000000,0.000000,0.000000,0.0000,0.220870,0.003367,0.003367,0.000000,True
118,0,0.321493,2.5446,392.989,0.000000,0.000000,0.000000,0.0000,0.220802,0.003410,0.003410,0.000000,True
119,0,0.324039,2.6279,380.532,0.000000,0.000000,0.000000,0.0000,0.220710,0.003446,0.003446,0.000000,True
120,0,0.326667,2.5036,399.425,0.000000,0.000000,0.000000,0.0000,0.220612,0.003476,0.003476,0.000000,True
121,0,0.329171,2.5643,389.970,0.000000,0.000000,0.000000,0.0000,0.220544,0.003479,0.003479,0.000000,True
122,0,0.331736,2.5249,396.055,0.000000,0.000000,0.000000,0.0000,0.220480,0.003476,0.003476,0.000000,True
123,0,0.334261,2.5075,398.804,0.000000,0.000000,0.000000,0.0000,0.220451,0.003455,0.003455,0.000000,True
124,0,0.336769,2.4877,401.978,0.000000,0.000000,0.000000,0.0000,0.220462,0.003421,0.003421,0.000000,True
125,0,0.339257,2.5302,395.226,0.000000,0.000000,0.000000,0.0000,0.220507,0.003375,0.003375,0.000000,True
126,0,0.341788,2.5789,387.762,0.000000,0.000000,0.000000,0.0000,0.220580,0.003319,0.003319,0.000000,True
127,0,0.344367,2.5072,398.851,0.000000,0.000000,0.000000,0.0000,0.220674,0.003250,0.003250,0.000000,True
128,0,0.346874,2.5144,397.709,0.000000,0.000000,0.000000,0.0000,0.220741,0.003212,0.003212,0.000000,True
129,0,0.349389,2.4804,403.161,0.000000,0.000000,0.000000,0.0000,0.220767,0.003207,0.003207,0.000000,True
130,0,0.351870,2.5077,398.772,0.000000,0.000000,0.000000,0.0000,0.220762,0.003212,0.003212,0.000000,True
131,0,0.354378,2.4810,403.063,0.000000,0.000000,0.000000,0.0000,0.220745,0.003220,0.003220,0.000000,True
132,0,0.356859,2.5421,393.376,0.000000,0.000000,0.000000,0.0000,0.220718,0.003226,0.003226,0.000000,True
133,0,0.359401,2.4928,401.155,0.000000,0.000000,0.000000,0.0000,0.220687,0.003231,0.003231,0.000000,True
134,0,0.361894,2.5763,388.154,0.000000,0.000000,0.000000,0.0000,0.220665,0.003230,0.003230,0.000000,True
135,0,0.364471,2.5050,399.202,0.000000,0.000000,0.000000,0.0000,0.220639,0.003228,0.003228,0.000000,True
136,0,0.366976,2.5809,387.462,0.000000,0.000000,0.000000,0.0000,0.220663,0.003219,0.003219,0.000000,True
137,0,0.369558,2.6897,371.789,0.000000,0.000000,0.000000,0.0000,0.220694,0.003209,0.003209,0.000000,True
138,0,0.372248,2.5725,388.727,0.000000,0.000000,0.000000,0.0000,0.220766,0.003196,0.003196,0.000000,True
139,0,0.374821,2.5272,395.695,0.000000,0.000000,0.000000,0.0000,0.220867,0.003177,0.003177,0.000000,True
140,0,0.377349,2.5458,392.804,0.000000,0.000000,0.000000,0.0000,0.220984,0.003156,0.003156,0.000000,True
141,0,0.379895,2.5080,398.724,0.000000,0.000000,0.000000,0.0000,0.221097,0.003133,0.003133,0.000000,True
142,0,0.382403,2.5518,391.880,0.000000,0.000000,0.000000,0.0000,0.221162,0.003111,0.003111,0.000000,True
143,0,0.384955,2.4985,400.240,0.000000,0.000000,0.000000,0.0000,0.221195,0.003087,0.003087,0.000000,True
144,0,0.387454,2.5477,392.511,0.000000,0.000000,0.000000,0.0000,0.221211,0.003066,0.003066,0.000000,True
145,0,0.390002,2.4989,400.176,0.000000,0.000000,0.000000,0.0000,0.221216,0.003044,0.003044,0.000000,True
146,0,0.392501,2.5421,393.376,0.000000,0.000000,0.000000,0.0000,0.221224,0.003025,0.003025,0.000000,True
147,0,0.395044,2.4905,401.526,0.000000,0.000000,0.000000,0.0000,0.221224,0.003006,0.003006,0.000000,True
148,0,0.397534,2.5612,390.442,0.000000,0.000000,0.000000,0.0000,0.221263,0.002992,0.002992,0.000000,True
149,0,0.400096,2.6604,375.883,0.000000,0.000000,0.000000,0.0000,0.221321,0.002979,0.002979,0.000000,True
150,0,0.402757,2.5798,387.627,0.000000,0.000000,0.000000,0.0000,0.221401,0.002968,0.002968,0.000000,True
151,0,0.405337,2.5378,394.042,0.000000,0.000000,0.000000,0.0000,0.221511,0.002964,0.002964,0.000000,True
152,0,0.407876,2.5714,388.893,0.000000,0.000000,0.000000,0.0000,0.221643,0.002965,0.002965,0.000000,True
153,0,0.410447,2.5316,395.007,0.000000,0.000000,0.000000,0.0000,0.221787,0.002971,0.002971,0.000000,True
154,0,0.412981,2.5519,391.865,0.000000,0.000000,0.000000,0.0000,0.221936,0.002982,0.002982,0.000000,True
155,0,0.415533,2.5198,396.857,0.000000,0.000000,0.000000,0.0000,0.222053,0.002976,0.002976,0.000000,True
156,0,0.418053,2.5488,392.342,0.000000,0.000000,0.000000,0.0000,0.222150,0.002951,0.002951,0.000000,True
157,0,0.420602,2.5099,398.422,0.000000,0.000000,0.000000,0.0000,0.222206,0.002915,0.002915,0.000000,True
158,0,0.423113,2.5548,391.420,0.000000,0.000000,0.000000,0.0000,0.222252,0.002878,0.002878,0.000000,True
159,0,0.425668,2.5117,398.137,0.000000,0.000000,0.000000,0.0000,0.222297,0.002839,0.002839,0.000000,True
160,0,0.428180,2.6024,384.261,0.000000,0.000000,0.000000,0.0000,0.222359,0.002804,0.002804,0.000000,True
161,0,0.430783,2.5075,398.804,0.000000,0.000000,0.000000,0.0000,0.222434,0.002768,0.002768,0.000000,True
162,0,0.433290,2.5465,392.696,0.000000,0.000000,0.000000,0.0000,0.222540,0.002741,0.002741,0.000000,True
163,0,0.435837,2.5160,397.456,0.000000,0.000000,0.000000,0.0000,0.222672,0.002718,0.002718,0.000000,True
164,0,0.438353,2.5691,389.241,0.000000,0.000000,0.000000,0.0000,0.222833,0.002703,0.002703,0.000000,True
165,0,0.440923,2.5187,397.030,0.000000,0.000000,0.000000,0.0000,0.223013,0.002695,0.002695,0.000000,True
166,0,0.443442,2.5107,398.295,0.000000,0.000000,0.000000,0.0000,0.223224,0.002697,0.002697,0.000000,True
167,0,0.445953,2.5509,392.019,0.000000,0.000000,0.000000,0.0000,0.223417,0.002709,0.002709,0.000000,True
168,0,0.448504,2.5320,394.945,0.000000,0.000000,0.000000,0.0000,0.223596,0.002727,0.002727,0.000000,True
169,0,0.451036,2.5675,389.484,0.000000,0.000000,0.000000,0.0000,0.223724,0.002733,0.002733,0.000000,True
170,0,0.453605,2.7696,361.063,0.000000,0.000000,0.000000,0.0000,0.223839,0.002727,0.002727,0.000000,True
171,0,0.456375,2.7025,370.028,0.000000,0.000000,0.000000,0.0000,0.223969,0.002712,0.002712,0.000000,True
172,0,0.459078,2.6214,381.476,0.000000,0.000000,0.000000,0.0000,0.224163,0.002689,0.002689,0.000000,True
173,0,0.461700,2.5787,387.792,0.000000,0.000000,0.000000,0.0000,0.224374,0.002660,0.002660,0.000000,True
174,0,0.464279,2.5363,394.275,0.000000,0.000000,0.000000,0.0000,0.224608,0.002630,0.002630,0.000000,True
175,0,0.466816,2.5723,388.757,0.000000,0.000000,0.000000,0.0000,0.224872,0.002597,0.002597,0.000000,True
176,0,0.469388,2.5170,397.298,0.000000,0.000000,0.000000,0.0000,0.225151,0.002565,0.002565,0.000000,True
177,0,0.471906,2.5550,391.389,0.000000,0.000000,0.000000,0.0000,0.225450,0.002534,0.002534,0.000000,True
178,0,0.474461,2.5575,391.007,0.000000,0.000000,0.000000,0.0000,0.225763,0.002506,0.002506,0.000000,True
179,0,0.477019,2.4931,401.107,0.000000,0.000000,0.000000,0.0000,0.226076,0.002482,0.002482,0.000000,True
180,0,0.479513,2.5102,398.375,0.000000,0.000000,0.000000,0.0000,0.226370,0.002463,0.002463,0.000000,True
181,0,0.482023,2.5435,393.159,0.000000,0.000000,0.000000,0.0000,0.226620,0.002451,0.002451,0.000000,True
182,0,0.484567,2.5176,397.204,0.000000,0.000000,0.000000,0.0000,0.226857,0.002463,0.002463,0.000000,True
183,0,0.487085,2.4831,402.722,0.000000,0.000000,0.000000,0.0000,0.227089,0.002483,0.002483,0.000000,True
184,0,0.489568,2.5465,392.696,0.000000,0.000000,0.000000,0.0000,0.227336,0.002495,0.002495,0.000000,True
185,0,0.492116,2.6251,380.938,0.000000,0.000000,0.000000,0.0000,0.227583,0.002498,0.002498,0.000000,True
186,0,0.494741,2.5055,399.122,0.000000,0.000000,0.000000,0.0000,0.227846,0.002490,0.002490,0.000000,True
187,0,0.497247,2.5863,386.653,0.000000,0.000000,0.000000,0.0000,0.228121,0.002463,0.002463,0.000000,True
188,0,0.499833,2.5379,394.027,0.000000,0.000000,0.000000,0.0000,0.228421,0.002432,0.002432,0.000000,True
189,0,0.502372,2.5869,386.563,0.000000,0.000000,0.000000,0.0000,0.228748,0.002390,0.002390,0.000000,True
190,0,0.504959,2.5267,395.773,0.000000,0.000000,0.000000,0.0000,0.229105,0.002343,0.002343,0.000000,True
191,0,0.507486,2.5280,395.570,0.000000,0.000000,0.000000,0.0000,0.229481,0.002290,0.002290,0.000000,True
192,0,0.510014,2.5143,397.725,0.000000,0.000000,0.000000,0.0000,0.229860,0.002236,0.002236,0.000000,True
193,0,0.512529,2.5599,390.640,0.000000,0.000000,0.000000,0.0000,0.230232,0.002182,0.002182,0.000000,True
194,0,0.515089,2.5399,393.716,0.000000,0.000000,0.000000,0.0000,0.230560,0.002129,0.002129,0.000000,True
195,0,0.517629,2.5139,397.788,0.000000,0.000000,0.000000,0.0000,0.230852,0.002097,0.002097,0.000000,True
196,0,0.520143,2.5794,387.687,0.000000,0.000000,0.000000,0.0000,0.231142,0.002120,0.002120,0.000000,True
197,0,0.522723,2.5317,394.992,0.000000,0.000000,0.000000,0.0000,0.231430,0.002154,0.002154,0.000000,True
198,0,0.525255,2.5716,388.863,0.000000,0.000000,0.000000,0.0000,0.231716,0.002175,0.002175,0.000000,True
199,0,0.527828,2.7462,364.140,0.000000,0.000000,0.000000,0.0000,0.231987,0.002183,0.002183,0.000000,True
200,0,0.530574,2.6909,371.623,0.000000,0.000000,0.000000,0.0000,0.232259,0.002184,0.002184,0.000000,True
201,0,0.533266,2.4781,403.535,0.000000,0.000000,0.000000,0.0000,0.232545,0.002156,0.002156,0.000000,True
202,0,0.535744,2.5420,393.391,0.000000,0.000000,0.000000,0.0000,0.232820,0.002101,0.002101,0.000000,True
203,0,0.538287,2.5910,385.951,0.000000,0.000000,0.000000,0.0000,0.233112,0.002049,0.002049,0.000000,True
204,0,0.540878,2.5173,397.251,0.000000,0.000000,0.000000,0.0000,0.233431,0.002057,0.002057,0.000000,True
205,0,0.543396,2.5703,389.060,0.000000,0.000000,0.000000,0.0000,0.233766,0.002066,0.002066,0.000000,True
206,0,0.545967,2.5197,396.873,0.000000,0.000000,0.000000,0.0000,0.234103,0.002033,0.002033,0.000000,True
207,0,0.548487,2.5278,395.601,0.000000,0.000000,0.000000,0.0000,0.234422,0.001947,0.001947,0.000000,True
208,0,0.551015,2.4993,400.112,0.000000,0.000000,0.000000,0.0000,0.234699,0.001815,0.001815,0.000000,True
209,0,0.553514,2.5052,399.170,0.000000,0.000000,0.000000,0.0000,0.234965,0.001774,0.001774,0.000000,True
210,0,0.556020,2.4886,401.832,0.000000,0.000000,0.000000,0.0000,0.235230,0.001840,0.001840,0.000000,True
211,0,0.558509,2.6109,383.010,0.000000,0.000000,0.000000,0.0000,0.235472,0.001973,0.001973,0.000000,True
212,0,0.561120,2.5639,390.031,0.000000,0.000000,0.000000,0.0000,0.235712,0.002160,0.002160,0.000000,True
213,0,0.563684,2.5390,393.856,0.000000,0.000000,0.000000,0.0000,0.235910,0.002355,0.002355,0.000000,True
214,0,0.566224,2.4965,400.561,0.000000,0.000000,0.000000,0.0000,0.236093,0.002545,0.002545,0.000000,True
215,0,0.568720,2.5261,395.867,0.000000,0.000000,0.000000,0.0000,0.236273,0.002688,0.002688,0.000000,True
216,0,0.571247,2.5519,391.865,0.000000,0.000000,0.000000,0.0000,0.236462,0.002790,0.002790,0.000000,True
217,0,0.573799,2.5486,392.372,0.000000,0.000000,0.000000,0.0000,0.236667,0.002857,0.002857,0.000000,True
218,0,0.576348,2.5582,390.900,0.000000,0.000000,0.000000,0.0000,0.236888,0.002888,0.002888,0.000000,True
219,0,0.578906,2.4962,400.609,0.000000,0.000000,0.000000,0.0000,0.237123,0.002884,0.002884,0.000000,True
220,0,0.581403,2.5925,385.728,0.000000,0.000000,0.000000,0.0000,0.237369,0.002843,0.002843,0.000000,True
221,0,0.583996,2.7283,366.529,0.000000,0.000000,0.000000,0.0000,0.237605,0.002765,0.002765,0.000000,True
222,0,0.586725,2.7045,369.754,0.000000,0.000000,0.000000,0.0000,0.237835,0.002677,0.002677,0.000000,True
223,0,0.589430,2.5166,397.362,0.000000,0.000000,0.000000,0.0000,0.238088,0.002732,0.002732,0.000000,True
224,0,0.591947,2.5372,394.135,0.000000,0.000000,0.000000,0.0000,0.238340,0.002871,0.002871,0.000000,True
225,0,0.594484,2.4736,404.269,0.000000,0.000000,0.000000,0.0000,0.238576,0.003040,0.003040,0.000000,True
226,0,0.596959,2.4982,400.288,0.000000,0.000000,0.000000,0.0000,0.238785,0.003204,0.003204,0.000000,True
227,0,0.599457,2.5179,397.156,0.000000,0.000000,0.000000,0.0000,0.238969,0.003363,0.003363,0.000000,True
228,0,0.601975,2.5449,392.943,0.000000,0.000000,0.000000,0.0000,0.239147,0.003512,0.003512,0.000000,True
229,0,0.604523,2.8931,345.650,0.000000,0.000000,0.000000,0.0000,0.239186,0.003643,0.003643,0.000000,True
230,0,0.607416,2.5578,390.961,0.000000,0.000000,0.000000,0.0000,0.239250,0.003788,0.003788,0.000000,True
231,0,0.609975,2.5333,394.742,0.000000,0.000000,0.000000,0.0000,0.239381,0.003840,0.003840,0.000000,True
232,0,0.612509,2.4857,402.301,0.000000,0.000000,0.000000,0.0000,0.239587,0.003859,0.003859,0.000000,True
233,0,0.614995,2.5278,395.601,0.000000,0.000000,0.000000,0.0000,0.239837,0.003839,0.003839,0.000000,True
234,0,0.617523,2.5424,393.329,0.000000,0.000000,0.000000,0.0000,0.240067,0.003781,0.003781,0.000000,True
235,0,0.620066,2.5342,394.602,0.000000,0.000000,0.000000,0.0000,0.240260,0.003693,0.003693,0.000000,True
236,0,0.622601,2.5318,394.976,0.000000,0.000000,0.000000,0.0000,0.240460,0.003724,0.003724,0.000000,True
237,0,0.625133,2.5261,395.867,0.000000,0.000000,0.000000,0.0000,0.240662,0.003845,0.003845,0.000000,True
238,0,0.627659,2.5013,399.792,0.000000,0.000000,0.000000,0.0000,0.240858,0.004004,0.004004,0.000000,True
239,0,0.630161,2.5267,395.773,0.000000,0.000000,0.000000,0.0000,0.240900,0.004173,0.004173,0.000000,True
240,0,0.632688,2.5136,397.836,0.000000,0.000000,0.000000,0.0000,0.240818,0.004343,0.004343,0.000000,True
241,0,0.635202,2.5841,386.982,0.000000,0.000000,0.000000,0.0000,0.240720,0.004497,0.004497,0.000000,True
242,0,0.637786,2.5219,396.526,0.000000,0.000000,0.000000,0.0000,0.240632,0.004641,0.004641,0.000000,True
243,0,0.640308,2.5848,386.877,0.000000,0.000000,0.000000,0.0000,0.240565,0.004744,0.004744,0.000000,True
244,0,0.642894,2.8132,355.467,0.000000,0.000000,0.000000,0.0000,0.240558,0.004825,0.004825,0.000000,True
245,0,0.645708,2.5531,391.681,0.000000,0.000000,0.000000,0.0000,0.240598,0.004888,0.004888,0.000000,True
246,0,0.648261,2.5111,398.232,0.000000,0.000000,0.000000,0.0000,0.240697,0.004867,0.004867,0.000000,True
247,0,0.650772,2.5364,394.260,0.000000,0.000000,0.000000,0.0000,0.240833,0.004806,0.004806,0.000000,True
248,0,0.653309,2.5007,399.888,0.000000,0.000000,0.000000,0.0000,0.240954,0.004705,0.004705,0.000000,True
249,0,0.655810,2.5295,395.335,0.000000,0.000000,0.000000,0.0000,0.241074,0.004669,0.004669,0.000000,True
250,0,0.658340,2.5529,391.711,0.000000,0.000000,0.000000,0.0000,0.241184,0.004787,0.004787,0.000000,True
251,0,0.660893,2.5109,398.264,0.000000,0.000000,0.000000,0.0000,0.241248,0.004973,0.004973,0.000000,True
252,0,0.663404,2.5616,390.381,0.000000,0.000000,0.000000,0.0000,0.241147,0.005169,0.005169,0.000000,True
253,0,0.665966,2.5443,393.035,0.000000,0.000000,0.000000,0.0000,0.240871,0.005368,0.005368,0.000000,True
254,0,0.668511,2.5514,391.942,0.000000,0.000000,0.000000,0.0000,0.240585,0.005541,0.005541,0.000000,True
255,0,0.671063,2.5616,390.381,0.000000,0.000000,0.000000,0.0000,0.240326,0.005684,0.005684,0.000000,True
256,0,0.673625,2.5764,388.139,0.000000,0.000000,0.000000,0.0000,0.240113,0.005791,0.005791,0.000000,True
257,0,0.676202,2.5838,387.027,0.000000,0.000000,0.000000,0.0000,0.239983,0.005857,0.005857,0.000000,True
258,0,0.678786,2.5343,394.586,0.000000,0.000000,0.000000,0.0000,0.239948,0.005878,0.005878,0.000000,True
259,0,0.681321,2.5386,393.918,0.000000,0.000000,0.000000,0.0000,0.240017,0.005846,0.005846,0.000000,True
260,0,0.683860,2.5581,390.915,0.000000,0.000000,0.000000,0.0000,0.240121,0.005774,0.005774,0.000000,True
261,0,0.686418,2.5178,397.172,0.000000,0.000000,0.000000,0.0000,0.240262,0.005657,0.005657,0.000000,True
262,0,0.688936,2.5691,389.241,0.000000,0.000000,0.000000,0.0000,0.240450,0.005515,0.005515,0.000000,True
263,0,0.691506,2.5334,394.727,0.000000,0.000000,0.000000,0.0000,0.240697,0.005507,0.005507,0.000000,True
264,0,0.694040,2.5641,390.000,0.000000,0.000000,0.000000,0.0000,0.240981,0.005577,0.005577,0.000000,True
265,0,0.696604,2.5595,390.701,0.000000,0.000000,0.000000,0.0000,0.241230,0.005672,0.005672,0.000000,True
266,0,0.699164,2.5527,391.742,0.000000,0.000000,0.000000,0.0000,0.241428,0.005763,0.005763,0.000000,True
267,0,0.701717,2.5346,394.540,0.000000,0.000000,0.000000,0.0000,0.241545,0.005837,0.005837,0.000000,True
268,0,0.704252,2.5539,391.558,0.000000,0.000000,0.000000,0.0000,0.241603,0.005888,0.005888,0.000000,True
269,0,0.706806,2.5199,396.841,0.000000,0.000000,0.000000,0.0000,0.241520,0.005920,0.005920,0.000000,True
270,0,0.709326,2.5722,388.772,0.000000,0.000000,0.000000,0.0000,0.241445,0.005924,0.005924,0.000000,True
271,0,0.711899,2.5121,398.073,0.000000,0.000000,0.000000,0.0000,0.241420,0.005913,0.005913,0.000000,True
272,0,0.714411,2.6020,384.320,0.000000,0.000000,0.000000,0.0000,0.241440,0.005872,0.005872,0.000000,True
273,0,0.717014,2.8075,356.189,0.000000,0.000000,0.000000,0.0000,0.241489,0.005819,0.005819,0.000000,True
274,0,0.719822,2.5705,389.029,0.000000,0.000000,0.000000,0.0000,0.241534,0.005746,0.005746,0.000000,True
275,0,0.722393,2.5497,392.203,0.000000,0.000000,0.000000,0.0000,0.241586,0.005636,0.005636,0.000000,True
276,0,0.724943,2.5696,389.166,0.000000,0.000000,0.000000,0.0000,0.241714,0.005570,0.005570,0.000000,True
277,0,0.727513,2.5494,392.249,0.000000,0.000000,0.000000,0.0000,0.241904,0.005560,0.005560,0.000000,True
278,0,0.730063,2.6413,378.601,0.000000,0.000000,0.000000,0.0000,0.242135,0.005562,0.005562,0.000000,True
279,0,0.732704,2.5298,395.288,0.000000,0.000000,0.000000,0.0000,0.242378,0.005563,0.005563,0.000000,True
280,0,0.735234,2.5596,390.686,0.000000,0.000000,0.000000,0.0000,0.242581,0.005553,0.005553,0.000000,True
281,0,0.737794,2.5453,392.881,0.000000,0.000000,0.000000,0.0000,0.242655,0.005537,0.005537,0.000000,True
282,0,0.740340,2.5670,389.560,0.000000,0.000000,0.000000,0.0000,0.242744,0.005515,0.005515,0.000000,True
283,0,0.742908,2.5924,385.743,0.000000,0.000000,0.000000,0.0000,0.242846,0.005762,0.005762,0.000000,True
284,0,0.745500,2.5786,387.807,0.000000,0.000000,0.000000,0.0000,0.242950,0.007454,0.007454,0.000000,True
285,0,0.748079,2.5161,397.441,0.000000,0.000000,0.000000,0.0000,0.243066,0.009227,0.009227,0.000000,True
286,0,0.750596,2.5444,393.020,0.000000,0.000000,0.000000,0.0000,0.243175,0.010826,0.010826,0.000000,True
287,0,0.753140,2.5602,390.595,0.000000,0.000000,0.000000,0.0000,0.243253,0.012108,0.012108,0.000000,True
288,0,0.755701,2.5456,392.835,0.000000,0.000000,0.000000,0.0000,0.243257,0.012841,0.012841,0.000000,True
289,0,0.758247,2.6081,383.421,0.000000,0.000000,0.000000,0.0000,0.243223,0.013109,0.013109,0.000000,True
290,0,0.760856,2.5771,388.033,0.000000,0.000000,0.000000,0.0000,0.243206,0.013878,0.013878,0.000000,True
291,0,0.763433,2.5157,397.504,0.000000,0.000000,0.000000,0.0000,0.243208,0.015203,0.015203,0.000000,True
292,0,0.765950,2.5331,394.773,0.000000,0.000000,0.000000,0.0000,0.243222,0.016958,0.016958,0.000000,True
293,0,0.768483,2.5415,393.468,0.000000,0.000000,0.000000,0.0000,0.243212,0.018926,0.018926,0.000000,True
294,0,0.771026,2.4939,400.978,0.000000,0.000000,0.000000,0.0000,0.243117,0.020382,0.020382,0.000000,True
295,0,0.773521,2.5456,392.835,0.000000,0.000000,0.000000,0.0000,0.242989,0.019282,0.019282,0.000000,True
296,0,0.776067,2.7062,369.522,0.000000,0.000000,0.000000,0.0000,0.242895,0.016613,0.016613,0.000000,True
297,0,0.778773,2.5636,390.076,0.000000,0.000000,0.000000,0.0000,0.242838,0.014526,0.014526,0.000000,True
298,0,0.781337,2.5244,396.134,0.000000,0.000000,0.000000,0.0000,0.242808,0.012421,0.012421,0.000000,True
299,0,0.783862,2.5432,393.205,0.000000,0.000000,0.000000,0.0000,0.242805,0.012676,0.012676,0.000000,True
300,0,0.786406,2.5226,396.416,0.000000,0.000000,0.000000,0.0000,0.242795,0.012209,0.012209,0.000000,True
301,0,0.788929,2.5166,397.362,0.000000,0.000000,0.000000,0.0000,0.242757,0.011472,0.011472,0.000000,True
302,0,0.791445,2.5475,392.542,0.000000,0.000000,0.000000,0.0000,0.242693,0.010962,0.010962,0.000000,True
303,0,0.793993,2.5644,389.955,0.000000,0.000000,0.000000,0.0000,0.242621,0.010514,0.010514,0.000000,True
304,0,0.796558,2.5233,396.306,0.000000,0.000000,0.000000,0.0000,0.242564,0.009337,0.009337,0.000000,True
305,0,0.799081,2.5633,390.122,0.000000,0.000000,0.000000,0.0000,0.242493,0.006852,0.006852,0.000000,True
306,0,0.801645,2.5339,394.649,0.000000,0.000000,0.000000,0.0000,0.242392,0.005934,0.005934,0.000000,True
307,0,0.804179,2.5513,391.957,0.000000,0.000000,0.000000,0.0000,0.242267,0.005984,0.005984,0.000000,True
308,0,0.806731,2.5407,393.592,0.000000,0.000000,0.000000,0.0000,0.242054,0.006028,0.006028,0.000000,True
309,0,0.809272,2.5478,392.496,0.000000,0.000000,0.000000,0.0000,0.241830,0.006064,0.006064,0.000000,True
310,0,0.811820,2.5185,397.062,0.000000,0.000000,0.000000,0.0000,0.241673,0.006094,0.006094,0.000000,True
311,0,0.814339,2.5821,387.282,0.000000,0.000000,0.000000,0.0000,0.241554,0.006116,0.006116,0.000000,True
312,0,0.816922,2.7980,357.398,0.000000,0.000000,0.000000,0.0000,0.241471,0.006135,0.006135,0.000000,True
313,0,0.819720,2.5702,389.075,0.000000,0.000000,0.000000,0.0000,0.241386,0.006151,0.006151,0.000000,True
314,0,0.822291,2.5315,395.023,0.000000,0.000000,0.000000,0.0000,0.241332,0.006147,0.006147,0.000000,True
315,0,0.824822,2.5938,385.535,0.000000,0.000000,0.000000,0.0000,0.241310,0.006136,0.006136,0.000000,True
316,0,0.827417,2.5360,394.322,0.000000,0.000000,0.000000,0.0000,0.241295,0.006134,0.006134,0.000000,True
317,0,0.829953,2.5081,398.708,0.000000,0.000000,0.000000,0.0000,0.241286,0.006168,0.006168,0.000000,True
318,0,0.832462,2.5230,396.354,0.000000,0.000000,0.000000,0.0000,0.241276,0.006207,0.006207,0.000000,True
319,0,0.834985,2.5624,390.259,0.000000,0.000000,0.000000,0.0000,0.241226,0.006242,0.006242,0.000000,True
320,0,0.837548,2.5100,398.406,0.000000,0.000000,0.000000,0.0000,0.241145,0.006270,0.006270,0.000000,True
321,0,0.840058,2.5431,393.221,0.000000,0.000000,0.000000,0.0000,0.241038,0.006288,0.006288,0.000000,True
322,0,0.842602,2.5546,391.451,0.000000,0.000000,0.000000,0.0000,0.240888,0.006301,0.006301,0.000000,True
323,0,0.845156,2.5569,391.099,0.000000,0.000000,0.000000,0.0000,0.240752,0.006309,0.006309,0.000000,True
324,0,0.847714,2.5171,397.283,0.000000,0.000000,0.000000,0.0000,0.240598,0.006313,0.006313,0.000000,True
325,0,0.850231,2.5630,390.168,0.000000,0.000000,0.000000,0.0000,0.240460,0.006314,0.006314,0.000000,True
326,0,0.852795,2.5217,396.558,0.000000,0.000000,0.000000,0.0000,0.240345,0.006315,0.006315,0.000000,True
327,0,0.855316,2.5740,388.500,0.000000,0.000000,0.000000,0.0000,0.240253,0.006313,0.006313,0.000000,True
328,0,0.857891,2.5626,390.229,0.000000,0.000000,0.000000,0.0000,0.240190,0.006311,0.006311,0.000000,True
329,0,0.860454,2.5046,399.265,0.000000,0.000000,0.000000,0.0000,0.240176,0.006308,0.006308,0.000000,True
330,0,0.862959,2.5046,399.265,0.000000,0.000000,0.000000,0.0000,0.240160,0.006331,0.006331,0.000000,True
331,0,0.865464,2.5258,395.914,0.000000,0.000000,0.000000,0.0000,0.240115,0.006366,0.006366,0.000000,True
332,0,0.867990,2.5016,399.744,0.000000,0.000000,0.000000,0.0000,0.240036,0.006396,0.006396,0.000000,True
333,0,0.870492,2.5593,390.732,0.000000,0.000000,0.000000,0.0000,0.239929,0.006415,0.006415,0.000000,True
334,0,0.873052,2.5324,394.882,0.000000,0.000000,0.000000,0.0000,0.239788,0.006424,0.006424,0.000000,True
335,0,0.875584,2.5815,387.372,0.000000,0.000000,0.000000,0.0000,0.239602,0.006424,0.006424,0.000000,True
336,0,0.878166,2.5403,393.654,0.000000,0.000000,0.000000,0.0000,0.239395,0.006420,0.006420,0.000000,True
337,0,0.880707,2.5534,391.635,0.000000,0.000000,0.000000,0.0000,0.239194,0.006410,0.006410,0.000000,True
338,0,0.883261,2.5060,399.042,0.000000,0.000000,0.000000,0.0000,0.239005,0.006399,0.006399,0.000000,True
339,0,0.885767,2.4950,400.802,0.000000,0.000000,0.000000,0.0000,0.238853,0.006387,0.006387,0.000000,True
340,0,0.888263,2.5486,392.372,0.000000,0.000000,0.000000,0.0000,0.238736,0.006378,0.006378,0.000000,True
341,0,0.890812,2.5483,392.419,0.000000,0.000000,0.000000,0.0000,0.238662,0.006372,0.006372,0.000000,True
342,0,0.893360,2.4982,400.288,0.000000,0.000000,0.000000,0.0000,0.238638,0.006368,0.006368,0.000000,True
343,0,0.895859,2.5510,392.003,0.000000,0.000000,0.000000,0.0000,0.238645,0.006376,0.006376,0.000000,True
344,0,0.898410,2.4944,400.898,0.000000,0.000000,0.000000,0.0000,0.238611,0.006418,0.006418,0.000000,True
345,0,0.900905,2.5558,391.267,0.000000,0.000000,0.000000,0.0000,0.238530,0.006462,0.006462,0.000000,True
346,0,0.903461,2.5159,397.472,0.000000,0.000000,0.000000,0.0000,0.238394,0.006499,0.006499,0.000000,True
347,0,0.905978,2.5746,388.410,0.000000,0.000000,0.000000,0.0000,0.238210,0.006522,0.006522,0.000000,True
348,0,0.908553,2.5064,398.979,0.000000,0.000000,0.000000,0.0000,0.237975,0.006537,0.006537,0.000000,True
349,0,0.911059,2.6179,381.986,0.000000,0.000000,0.000000,0.0000,0.237875,0.006539,0.006539,0.000000,True
350,0,0.913678,2.5131,397.915,0.000000,0.000000,0.000000,0.0000,0.237785,0.006540,0.006540,0.000000,True
351,0,0.916191,2.5348,394.509,0.000000,0.000000,0.000000,0.0000,0.237684,0.006529,0.006529,0.000000,True
352,0,0.918726,2.5080,398.724,0.000000,0.000000,0.000000,0.0000,0.237572,0.006520,0.006520,0.000000,True
353,0,0.921234,2.5646,389.924,0.000000,0.000000,0.000000,0.0000,0.237489,0.006508,0.006508,0.000000,True
354,0,0.923799,2.5148,397.646,0.000000,0.000000,0.000000,0.0000,0.237439,0.006498,0.006498,0.000000,True
355,0,0.926315,2.5319,394.960,0.000000,0.000000,0.000000,0.0000,0.237407,0.006487,0.006487,0.000000,True
356,0,0.928847,2.5572,391.053,0.000000,0.000000,0.000000,0.0000,0.237405,0.006477,0.006477,0.000000,True
357,0,0.931404,2.5678,389.438,0.000000,0.000000,0.000000,0.0000,0.237403,0.006497,0.006497,0.000000,True
358,0,0.933972,2.5436,393.144,0.000000,0.000000,0.000000,0.0000,0.237377,0.006538,0.006538,0.000000,True
359,0,0.936516,2.5483,392.419,0.000000,0.000000,0.000000,0.0000,0.237322,0.006574,0.006574,0.000000,True
360,0,0.939065,2.5272,395.695,0.000000,0.000000,0.000000,0.0000,0.237232,0.006599,0.006599,0.000000,True
361,0,0.941592,2.5878,386.429,0.000000,0.000000,0.000000,0.0000,0.237116,0.006613,0.006613,0.000000,True
362,0,0.944180,2.5738,388.531,0.000000,0.000000,0.000000,0.0000,0.236972,0.006621,0.006621,0.000000,True
363,0,0.946754,2.5753,388.304,0.000000,0.000000,0.000000,0.0000,0.236812,0.006620,0.006620,0.000000,True
364,0,0.949330,2.5825,387.222,0.000000,0.000000,0.000000,0.0000,0.236646,0.006615,0.006615,0.000000,True
365,0,0.951913,2.5623,390.274,0.000000,0.000000,0.000000,0.0000,0.236491,0.006608,0.006608,0.000000,True
366,0,0.954475,2.5647,389.909,0.000000,0.000000,0.000000,0.0000,0.236357,0.006600,0.006600,0.000000,True
367,0,0.957040,2.8121,355.606,0.000000,0.000000,0.000000,0.0000,0.236251,0.006593,0.006593,0.000000,True
368,0,0.959853,2.5740,388.500,0.000000,0.000000,0.000000,0.0000,0.236179,0.006577,0.006577,0.000000,True
369,0,0.962427,2.5650,389.864,0.000000,0.000000,0.000000,0.0000,0.236171,0.006507,0.006507,0.000000,True
370,0,0.964992,2.5517,391.896,0.000000,0.000000,0.000000,0.0000,0.236168,0.006429,0.006429,0.000000,True
371,0,0.967544,2.5623,390.274,0.000000,0.000000,0.000000,0.0000,0.236147,0.006406,0.006406,0.000000,True
372,0,0.970107,2.5240,396.197,0.000000,0.000000,0.000000,0.0000,0.236090,0.006411,0.006411,0.000000,True
373,0,0.972631,2.5388,393.887,0.000000,0.000000,0.000000,0.0000,0.235997,0.006418,0.006418,0.000000,True
374,0,0.975170,2.5292,395.382,0.000000,0.000000,0.000000,0.0000,0.235875,0.006416,0.006416,0.000000,True
375,0,0.977700,2.6088,383.318,0.000000,0.000000,0.000000,0.0000,0.235708,0.006393,0.006393,0.000000,True
376,0,0.980309,2.5618,390.351,0.000000,0.000000,0.000000,0.0000,0.235512,0.006351,0.006351,0.000000,True
377,0,0.982871,2.5551,391.374,0.000000,0.000000,0.000000,0.0000,0.235320,0.006277,0.006277,0.000000,True
378,0,0.985426,3.0305,329.979,0.000000,0.000000,0.000000,0.0000,0.235137,0.006177,0.006177,0.000000,True
379,0,0.988457,2.6121,382.834,0.000000,0.000000,0.000000,0.0000,0.234955,0.006077,0.006077,0.000000,True
380,0,0.991070,2.5532,391.665,0.000000,0.000000,0.000000,0.0000,0.234828,0.005922,0.005922,0.000000,True
381,0,0.993623,2.5761,388.184,0.000000,0.000000,0.000000,0.0000,0.234757,0.005757,0.005757,0.000000,True
382,0,0.996200,2.5772,388.018,0.000000,0.000000,0.000000,0.0000,0.234728,0.005592,0.005592,0.000000,True
383,0,0.998777,2.5570,391.083,0.000000,0.000000,0.000000,0.0000,0.234747,0.005445,0.005445,0.000000,True
384,0,1.001335,2.5534,391.635,0.000000,0.000000,0.000000,0.0000,0.234750,0.005382,0.005382,0.000000,True
385,0,1.003888,2.5391,393.840,0.000000,0.000000,0.000000,0.0000,0.234707,0.005365,0.005365,0.000000,True
386,0,1.006428,2.5713,388.908,0.000000,0.000000,0.000000,0.0000,0.234629,0.005361,0.005361,0.000000,True
387,0,1.008999,2.5354,394.415,0.000000,0.000000,0.000000,0.0000,0.234503,0.005352,0.005352,0.000000,True
388,0,1.011535,2.5343,394.586,0.000000,0.000000,0.000000,0.0000,0.234341,0.005322,0.005322,0.000000,True
389,0,1.014069,2.5513,391.957,0.000000,0.000000,0.000000,0.0000,0.234141,0.005270,0.005270,0.000000,True
390,0,1.016621,2.5438,393.113,0.000000,0.000000,0.000000,0.0000,0.233955,0.005195,0.005195,0.000000,True
391,0,1.019165,2.5463,392.727,0.000000,0.000000,0.000000,0.0000,0.233780,0.005099,0.005099,0.000000,True
392,0,1.021711,2.5623,390.274,0.000000,0.000000,0.000000,0.0000,0.233595,0.004986,0.004986,0.000000,True
393,0,1.024274,2.5333,394.742,0.000000,0.000000,0.000000,0.0000,0.233454,0.004862,0.004862,0.000000,True
394,0,1.026807,2.5651,389.848,0.000000,0.000000,0.000000,0.0000,0.233367,0.004729,0.004729,0.000000,True
395,0,1.029373,2.5412,393.515,0.000000,0.000000,0.000000,0.0000,0.233339,0.004597,0.004597,0.000000,True
396,0,1.031914,2.5536,391.604,0.000000,0.000000,0.000000,0.0000,0.233384,0.004468,0.004468,0.000000,True
397,0,1.034468,2.5564,391.175,0.000000,0.000000,0.000000,0.0000,0.233453,0.004390,0.004390,0.000000,True
398,0,1.037025,2.5753,388.304,0.000000,0.000000,0.000000,0.0000,0.233499,0.004369,0.004369,0.000000,True
399,0,1.039600,2.5608,390.503,0.000000,0.000000,0.000000,0.0000,0.233523,0.004365,0.004365,0.000000,True
400,0,1.042161,2.5910,385.951,0.000000,0.000000,0.000000,0.0000,0.233491,0.004357,0.004357,0.000000,True
401,0,1.044753,2.5304,395.195,0.000000,0.000000,0.000000,0.0000,0.233404,0.004339,0.004339,0.000000,True
402,0,1.047283,2.5325,394.867,0.000000,0.000000,0.000000,0.0000,0.233283,0.004302,0.004302,0.000000,True
403,0,1.049816,2.5461,392.758,0.000000,0.000000,0.000000,0.0000,0.232883,0.004250,0.004250,0.000000,True
404,0,1.052362,2.5561,391.221,0.000000,0.000000,0.000000,0.0000,0.232393,0.004186,0.004186,0.000000,True
405,0,1.054919,2.5456,392.835,0.000000,0.000000,0.000000,0.0000,0.231970,0.004110,0.004110,0.000000,True
406,0,1.057465,2.5791,387.732,0.000000,0.000000,0.000000,0.0000,0.231651,0.004026,0.004026,0.000000,True
407,0,1.060044,2.5295,395.335,0.000000,0.000000,0.000000,0.0000,0.231426,0.003939,0.003939,0.000000,True
408,0,1.062574,2.5456,392.835,0.000000,0.000000,0.000000,0.0000,0.231322,0.003849,0.003849,0.000000,True
409,0,1.065120,2.5426,393.298,0.000000,0.000000,0.000000,0.0000,0.231361,0.003763,0.003763,0.000000,True
410,0,1.067663,2.5512,391.972,0.000000,0.000000,0.000000,0.0000,0.231519,0.003693,0.003693,0.000000,True
411,0,1.070214,2.5465,392.696,0.000000,0.000000,0.000000,0.0000,0.231613,0.003669,0.003669,0.000000,True
412,0,1.072761,2.5837,387.042,0.000000,0.000000,0.000000,0.0000,0.231628,0.003666,0.003666,0.000000,True
413,0,1.075345,2.5605,390.549,0.000000,0.000000,0.000000,0.0000,0.231550,0.003666,0.003666,0.000000,True
414,0,1.077906,2.5360,394.322,0.000000,0.000000,0.000000,0.0000,0.231391,0.003660,0.003660,0.000000,True
415,0,1.080443,2.5579,390.946,0.000000,0.000000,0.000000,0.0000,0.231160,0.003645,0.003645,0.000000,True
416,0,1.083001,2.5707,388.999,0.000000,0.000000,0.000000,0.0000,0.230879,0.003622,0.003622,0.000000,True
417,0,1.085572,2.5662,389.681,0.000000,0.000000,0.000000,0.0000,0.230576,0.003590,0.003590,0.000000,True
418,0,1.088138,2.5449,392.943,0.000000,0.000000,0.000000,0.0000,0.230272,0.003551,0.003551,0.000000,True
419,0,1.090683,2.5537,391.589,0.000000,0.000000,0.000000,0.0000,0.230041,0.003503,0.003503,0.000000,True
420,0,1.093237,2.5551,391.374,0.000000,0.000000,0.000000,0.0000,0.229874,0.003452,0.003452,0.000000,True
421,0,1.095793,2.5455,392.850,0.000000,0.000000,0.000000,0.0000,0.229818,0.003398,0.003398,0.000000,True
422,0,1.098338,2.5610,390.473,0.000000,0.000000,0.000000,0.0000,0.229877,0.003344,0.003344,0.000000,True
423,0,1.100900,2.5617,390.366,0.000000,0.000000,0.000000,0.0000,0.230083,0.003293,0.003293,0.000000,True
424,0,1.103462,2.5517,391.896,0.000000,0.000000,0.000000,0.0000,0.230376,0.003263,0.003263,0.000000,True
425,0,1.106014,2.5597,390.671,0.000000,0.000000,0.000000,0.0000,0.230692,0.003255,0.003255,0.000000,True
426,0,1.108574,2.5408,393.577,0.000000,0.000000,0.000000,0.0000,0.230998,0.003255,0.003255,0.000000,True
427,0,1.111115,2.5390,393.856,0.000000,0.000000,0.000000,0.0000,0.231271,0.003258,0.003258,0.000000,True
428,0,1.113654,2.5920,385.803,0.000000,0.000000,0.000000,0.0000,0.231479,0.003261,0.003261,0.000000,True
429,0,1.116246,2.5434,393.175,0.000000,0.000000,0.000000,0.0000,0.231538,0.003262,0.003262,0.000000,True
430,0,1.118790,2.5619,390.335,0.000000,0.000000,0.000000,0.0000,0.231572,0.003259,0.003259,0.000000,True
431,0,1.121352,2.5519,391.865,0.000000,0.000000,0.000000,0.0000,0.231606,0.003252,0.003252,0.000000,True
432,0,1.123904,2.5691,389.241,0.000000,0.000000,0.000000,0.0000,0.231658,0.003240,0.003240,0.000000,True
433,0,1.126473,2.5739,388.516,0.000000,0.000000,0.000000,0.0000,0.231735,0.003224,0.003224,0.000000,True
434,0,1.129048,2.5354,394.415,0.000000,0.000000,0.000000,0.0000,0.231829,0.003205,0.003205,0.000000,True
435,0,1.131583,2.5559,391.252,0.000000,0.000000,0.000000,0.0000,0.232003,0.003184,0.003184,0.000000,True
436,0,1.134139,6.9169,144.573,0.000000,0.000000,0.000000,0.0000,0.232211,0.003164,0.003164,0.000000,True
437,0,1.141056,2.5346,394.540,0.000000,0.000000,0.000000,0.0000,0.232851,0.003059,0.003059,0.000000,True
438,0,1.143591,2.5128,397.962,0.000000,0.000000,0.000000,0.0000,0.233369,0.003012,0.003012,0.000000,True
439,0,1.146104,2.5062,399.011,0.000000,0.000000,0.000000,0.0000,0.233914,0.002967,0.002967,0.000000,True
440,0,1.148611,2.5540,391.543,0.000000,0.000000,0.000000,0.0000,0.234449,0.002922,0.002922,0.000000,True
441,0,1.151165,2.6045,383.951,0.000000,0.000000,0.000000,0.0000,0.234982,0.002876,0.002876,0.000000,True
442,0,1.153770,2.5553,391.344,0.000000,0.000000,0.000000,0.0000,0.235488,0.002826,0.002826,0.000000,True
443,0,1.156325,2.5592,390.747,0.000000,0.000000,0.000000,0.0000,0.235937,0.002781,0.002781,0.000000,True
444,0,1.158885,2.5628,390.198,0.000000,0.000000,0.000000,0.0000,0.236360,0.002737,0.002737,0.000000,True
445,0,1.161448,2.5457,392.819,0.000000,0.000000,0.000000,0.0000,0.236730,0.002701,0.002701,0.000000,True
446,0,1.163993,2.5608,390.503,0.000000,0.000000,0.000000,0.0000,0.237047,0.002679,0.002679,0.000000,True
447,0,1.166555,2.5311,395.085,0.000000,0.000000,0.000000,0.0000,0.237288,0.002678,0.002678,0.000000,True
448,0,1.169086,2.5554,391.328,0.000000,0.000000,0.000000,0.0000,0.237433,0.002708,0.002708,0.000000,True
449,0,1.171642,2.5784,387.837,0.000000,0.000000,0.000000,0.0000,0.237646,0.002703,0.002703,0.000000,True
450,0,1.174221,2.5687,389.302,0.000000,0.000000,0.000000,0.0000,0.238091,0.002596,0.002596,0.000000,True
451,0,1.176790,2.5535,391.619,0.000000,0.000000,0.000000,0.0000,0.238425,0.002419,0.002419,0.000000,True
452,0,1.179343,2.5582,390.900,0.000000,0.000000,0.000000,0.0000,0.238616,0.002189,0.002189,0.000000,True
453,0,1.181902,2.5221,396.495,0.000000,0.000000,0.000000,0.0000,0.238808,0.002051,0.002051,0.000000,True
454,0,1.184424,2.5644,389.955,0.000000,0.000000,0.000000,0.0000,0.238994,0.002008,0.002008,0.000000,True
455,0,1.186989,2.5711,388.939,0.000000,0.000000,0.000000,0.0000,0.239203,0.001958,0.001958,0.000000,True
456,0,1.189560,2.5775,387.973,0.000000,0.000000,0.000000,0.0000,0.239430,0.001906,0.001906,0.000000,True
457,0,1.192138,2.5519,391.865,0.000000,0.000000,0.000000,0.0000,0.239681,0.001860,0.001860,0.000000,True
458,0,1.194690,2.5599,390.640,0.000000,0.000000,0.000000,0.0000,0.239951,0.001829,0.001829,0.000000,True
459,0,1.197250,2.5593,390.732,0.000000,0.000000,0.000000,0.0000,0.240235,0.001814,0.001814,0.000000,True
460,0,1.199810,2.5602,390.595,0.000000,0.000000,0.000000,0.0000,0.240528,0.001822,0.001822,0.000000,True
461,0,1.202370,2.5905,386.026,0.000000,0.000000,0.000000,0.0000,0.240811,0.001860,0.001860,0.000000,True
462,0,1.204961,2.5289,395.429,0.000000,0.000000,0.000000,0.0000,0.241079,0.001925,0.001925,0.000000,True
463,0,1.207490,2.5413,393.499,0.000000,0.000000,0.000000,0.0000,0.241421,0.001978,0.001978,0.000000,True
464,0,1.210032,2.5809,387.462,0.000000,0.000000,0.000000,0.0000,0.241748,0.002006,0.002006,0.000000,True
465,0,1.212613,2.5777,387.943,0.000000,0.000000,0.000000,0.0000,0.242038,0.002012,0.002012,0.000000,True
466,0,1.215191,2.5526,391.757,0.000000,0.000000,0.000000,0.0000,0.242289,0.001995,0.001995,0.000000,True
467,0,1.217744,2.5611,390.457,0.000000,0.000000,0.000000,0.0000,0.242482,0.001963,0.001963,0.000000,True
468,0,1.220305,2.5284,395.507,0.000000,0.000000,0.000000,0.0000,0.242653,0.001920,0.001920,0.000000,True
469,0,1.222834,2.5681,389.393,0.000000,0.000000,0.000000,0.0000,0.242808,0.001876,0.001876,0.000000,True
470,0,1.225402,2.5600,390.625,0.000000,0.000000,0.000000,0.0000,0.242986,0.001834,0.001834,0.000000,True
471,0,1.227962,2.5596,390.686,0.000000,0.000000,0.000000,0.0000,0.243180,0.001801,0.001801,0.000000,True
472,0,1.230522,2.5717,388.848,0.000000,0.000000,0.000000,0.0000,0.243405,0.001784,0.001784,0.000000,True
473,0,1.233094,2.5642,389.985,0.000000,0.000000,0.000000,0.0000,0.243630,0.001783,0.001783,0.000000,True
474,0,1.235659,2.5670,389.560,0.000000,0.000000,0.000000,0.0000,0.243862,0.001847,0.001803,0.000000,True
475,0,1.238226,2.5422,393.360,0.000000,0.000000,0.000000,0.0000,0.244087,0.002011,0.001848,0.000000,True
476,0,1.240768,2.5571,391.068,0.000000,0.000000,0.000000,0.0000,0.244325,0.002148,0.001897,0.000000,True
477,0,1.243326,2.5739,388.516,0.000000,0.000000,0.000000,0.0000,0.244554,0.002223,0.001931,0.000000,True
478,0,1.245900,2.6064,383.671,0.000000,0.000000,0.000000,0.0000,0.244734,0.002287,0.001945,0.000000,True
479,0,1.248507,2.5553,391.344,0.000000,0.000000,0.000000,0.0000,0.244832,0.002345,0.001939,0.000000,True
480,0,1.251063,2.5550,391.389,0.000000,0.000000,0.000000,0.0000,0.244858,0.002403,0.001920,0.000000,True
481,0,1.253618,2.5221,396.495,0.000000,0.000000,0.000000,0.0000,0.244867,0.002460,0.001892,0.000000,True
482,0,1.256140,2.5451,392.912,0.000000,0.000000,0.000000,0.0000,0.244863,0.002509,0.001859,0.000000,True
483,0,1.258686,2.5442,393.051,0.000000,0.000000,0.000000,0.0000,0.244867,0.002523,0.001826,0.000000,True
484,0,1.261230,2.5670,389.560,0.000000,0.000000,0.000000,0.0000,0.244891,0.002531,0.001797,0.000000,True
485,0,1.263798,2.5334,394.727,0.000000,0.000000,0.000000,0.0000,0.244944,0.002548,0.001775,0.000000,True
486,0,1.266331,2.5081,398.708,0.000000,0.000000,0.000000,0.0000,0.245032,0.002579,0.001766,0.000000,True
487,0,1.268840,2.5650,389.864,0.000000,0.000000,0.000000,0.0000,0.245158,0.002632,0.001772,0.000000,True
488,0,1.271405,2.5280,395.570,0.000000,0.000000,0.000000,0.0000,0.245316,0.002713,0.001796,0.000000,True
489,0,1.273933,2.5897,386.145,0.000000,0.000000,0.000000,0.0000,0.245496,0.002812,0.001834,0.000000,True
490,0,1.276523,2.5264,395.820,0.000000,0.000000,0.000000,0.0000,0.245688,0.002897,0.001865,0.000000,True
491,0,1.279050,2.5484,392.403,0.000000,0.000000,0.000000,0.0000,0.245824,0.002911,0.001882,0.000000,True
492,0,1.281599,2.5173,397.251,0.000000,0.000000,0.000000,0.0000,0.245891,0.002915,0.001886,0.000000,True
493,0,1.284116,2.5175,397.220,0.000000,0.000000,0.000000,0.0000,0.245889,0.002914,0.001874,0.000000,True
494,0,1.286634,2.5090,398.565,0.000000,0.000000,0.000000,0.0000,0.245855,0.002909,0.001855,0.000000,True
495,0,1.289143,2.5794,387.687,0.000000,0.000000,0.000000,0.0000,0.245789,0.002902,0.001832,0.000000,True
496,0,1.291723,2.5578,390.961,0.000000,0.000000,0.000000,0.0000,0.245712,0.002894,0.001807,0.000000,True
497,0,1.294281,2.5370,394.166,0.000000,0.000000,0.000000,0.0000,0.245630,0.002884,0.001787,0.000000,True
498,0,1.296819,2.5512,391.972,0.000000,0.000000,0.000000,0.0000,0.245571,0.002874,0.001768,0.000000,True
499,0,1.299370,2.5353,394.431,0.000000,0.000000,0.000000,0.0000,0.245543,0.002863,0.001757,0.000000,True
500,0,1.301906,2.5552,391.359,0.000000,0.000000,0.000000,0.0000,0.245551,0.002851,0.001751,0.000000,True
501,0,1.304461,2.5749,388.365,0.000000,0.000000,0.000000,0.0000,0.245596,0.002840,0.001761,0.000000,True
502,0,1.307037,2.5374,394.104,0.000000,0.000000,0.000000,0.0000,0.245678,0.002830,0.001785,0.000000,True
503,0,1.309574,2.6033,384.128,0.000000,0.000000,0.000000,0.0000,0.245772,0.002824,0.001811,0.000000,True
504,0,1.312178,2.5198,396.857,0.000000,0.000000,0.000000,0.0000,0.245859,0.002824,0.001826,0.000000,True
505,0,1.314698,2.6069,383.597,0.000000,0.000000,0.000000,0.0000,0.245900,0.002825,0.001831,0.000000,True
506,0,1.317306,2.5287,395.460,0.000000,0.000000,0.000000,0.0000,0.245902,0.002827,0.001825,0.000000,True
507,0,1.319835,2.5336,394.695,0.000000,0.000000,0.000000,0.0000,0.245893,0.002830,0.001811,0.000000,True
508,0,1.322369,2.6510,377.216,0.000000,0.000000,0.000000,0.0000,0.245838,0.002833,0.001792,0.000000,True
509,0,1.325020,2.5665,389.636,0.000000,0.000000,0.000000,0.0000,0.245760,0.002837,0.001770,0.000000,True
510,0,1.327587,2.8349,352.746,0.000000,0.000000,0.000000,0.0000,0.245667,0.002840,0.001747,0.000000,True
511,0,1.330423,2.5385,393.933,0.000000,0.000000,0.000000,0.0000,0.245506,0.002844,0.001725,0.000000,True
512,0,1.332962,2.5081,398.708,0.000000,0.000000,0.000000,0.0000,0.245394,0.002847,0.001714,0.000000,True
513,0,1.335470,2.5357,394.368,0.000000,0.000000,0.000000,0.0000,0.245321,0.002849,0.001712,0.000000,True
514,0,1.338006,2.5140,397.773,0.000000,0.000000,0.000000,0.0000,0.245259,0.002851,0.001719,0.000000,True
515,0,1.340521,2.5214,396.605,0.000000,0.000000,0.000000,0.0000,0.245235,0.002852,0.001738,0.000000,True
516,0,1.343043,2.5033,399.473,0.000000,0.000000,0.000000,0.0000,0.245196,0.002850,0.001765,0.000000,True
517,0,1.345546,2.5311,395.085,0.000000,0.000000,0.000000,0.0000,0.245180,0.002843,0.001789,0.000000,True
518,0,1.348078,2.5293,395.366,0.000000,0.000000,0.000000,0.0000,0.245128,0.002835,0.001808,0.000000,True
519,0,1.350607,2.5357,394.368,0.000000,0.000000,0.000000,0.0000,0.245057,0.002829,0.001821,0.000000,True
520,0,1.353143,2.5396,393.763,0.000000,0.000000,0.000000,0.0000,0.244971,0.002824,0.001831,0.000000,True
521,0,1.355683,2.5145,397.693,0.000000,0.000000,0.000000,0.0000,0.244861,0.002820,0.001835,0.000000,True
522,0,1.358198,2.5579,390.946,0.000000,0.000000,0.000000,0.0000,0.244728,0.002819,0.001835,0.000000,True
523,0,1.360757,2.6049,383.892,0.000000,0.000000,0.000000,0.0000,0.244555,0.002818,0.001832,0.000000,True
524,0,1.363362,2.5085,398.645,0.000000,0.000000,0.000000,0.0000,0.244384,0.002819,0.001827,0.000000,True
525,0,1.365871,2.5151,397.599,0.000000,0.000000,0.000000,0.0000,0.244223,0.002824,0.001824,0.000000,True
526,0,1.368387,2.9922,334.202,0.000000,0.000000,0.000000,0.0000,0.244093,0.002829,0.001822,0.000000,True
527,0,1.371379,2.5083,398.676,0.000000,0.000000,0.000000,0.0000,0.243985,0.002833,0.001821,0.000000,True
528,0,1.373888,2.5459,392.788,0.000000,0.000000,0.000000,0.0000,0.243907,0.002844,0.001826,0.000000,True
529,0,1.376434,2.5706,389.014,0.000000,0.000000,0.000000,0.0000,0.243860,0.002855,0.001834,0.000000,True
530,0,1.379005,2.5463,392.727,0.000000,0.000000,0.000000,0.0000,0.243842,0.002850,0.001843,0.000000,True
531,0,1.381552,2.5169,397.314,0.000000,0.000000,0.000000,0.0000,0.243814,0.002838,0.001850,0.000000,True
532,0,1.384069,2.5426,393.298,0.000000,0.000000,0.000000,0.0000,0.243779,0.002825,0.001855,0.000000,True
533,0,1.386612,2.4963,400.593,0.000000,0.000000,0.000000,0.0000,0.243719,0.002813,0.001857,0.000000,True
534,0,1.389109,2.5584,390.869,0.000000,0.000000,0.000000,0.0000,0.243586,0.002804,0.001857,0.000000,True
535,0,1.391667,2.5369,394.182,0.000000,0.000000,0.000000,0.0000,0.243437,0.002795,0.001855,0.000000,True
536,0,1.394205,2.5806,387.507,0.000000,0.000000,0.000000,0.0000,0.243291,0.002789,0.001851,0.000000,True
537,0,1.396786,2.5203,396.778,0.000000,0.000000,0.000000,0.0000,0.243148,0.002785,0.001849,0.000000,True
538,0,1.399306,2.6098,383.171,0.000000,0.000000,0.000000,0.0000,0.243026,0.002782,0.001843,0.000000,True
539,0,1.401917,2.5399,393.716,0.000000,0.000000,0.000000,0.0000,0.242924,0.002754,0.001840,0.000000,True
540,0,1.404457,2.5638,390.046,0.000000,0.000000,0.000000,0.0000,0.242870,0.002732,0.001838,0.000000,True
541,0,1.407021,2.5226,396.416,0.000000,0.000000,0.000000,0.0000,0.242830,0.002718,0.001839,0.000000,True
542,0,1.409544,2.5979,384.926,0.000000,0.000000,0.000000,0.0000,0.242805,0.002712,0.001838,0.000000,True
543,0,1.412143,2.5564,391.175,0.000000,0.000000,0.000000,0.0000,0.242832,0.002709,0.001843,0.000000,True
544,0,1.414700,2.5781,387.883,0.000000,0.000000,0.000000,0.0000,0.242857,0.002697,0.001851,0.000000,True
545,0,1.417278,2.5474,392.557,0.000000,0.000000,0.000000,0.0000,0.242863,0.002676,0.001861,0.000000,True
546,0,1.419826,2.6257,380.851,0.000000,0.000000,0.000000,0.0000,0.242837,0.002649,0.001872,0.000000,True
547,0,1.422452,2.5536,391.604,0.000000,0.000000,0.000000,0.0000,0.242715,0.002616,0.001879,0.000000,True
548,0,1.425006,2.6149,382.424,0.000000,0.000000,0.000000,0.0000,0.242582,0.002581,0.001884,0.000000,True
549,0,1.427622,2.7891,358.539,0.000000,0.000000,0.000000,0.0000,0.242438,0.002542,0.001892,0.000000,True
550,0,1.430411,2.5507,392.049,0.000000,0.000000,0.000000,0.0000,0.242283,0.002502,0.001900,0.000000,True
551,0,1.432962,2.5599,390.640,0.000000,0.000000,0.000000,0.0000,0.242162,0.002466,0.001908,0.000000,True
552,0,1.435522,2.5328,394.820,0.000000,0.000000,0.000000,0.0000,0.242065,0.002434,0.001909,0.000000,True
553,0,1.438056,2.5858,386.728,0.000000,0.000000,0.000000,0.0000,0.242002,0.002408,0.001912,0.000000,True
554,0,1.440642,2.7386,365.150,0.000000,0.000000,0.000000,0.0000,0.241969,0.002388,0.001914,0.000000,True
555,0,1.443381,2.5216,396.574,0.000000,0.000000,0.000000,0.0000,0.241944,0.002377,0.001914,0.000000,True
556,0,1.445903,2.4750,404.040,0.000000,0.000000,0.000000,0.0000,0.241940,0.002375,0.001915,0.000000,True
557,0,1.448379,2.5259,395.899,0.000000,0.000000,0.000000,0.0000,0.241957,0.002365,0.001917,0.000000,True
558,0,1.450905,2.5072,398.851,0.000000,0.000000,0.000000,0.0000,0.241978,0.002346,0.001920,0.000000,True
559,0,1.453413,2.5246,396.102,0.000000,0.000000,0.000000,0.0000,0.242002,0.002320,0.001922,0.000000,True
560,0,1.455937,2.4831,402.722,0.000000,0.000000,0.000000,0.0000,0.241982,0.002288,0.001926,0.000000,True
561,0,1.458421,2.6503,377.316,0.000000,0.000000,0.000000,0.0000,0.241962,0.002252,0.001932,0.000000,True
562,0,1.461072,2.5588,390.808,0.000000,0.000000,0.000000,0.0000,0.241859,0.002212,0.001939,0.000000,True
563,0,1.463631,2.5484,392.403,0.000000,0.000000,0.000000,0.0000,0.241759,0.002172,0.001945,0.000000,True
564,0,1.466179,2.5052,399.170,0.000000,0.000000,0.000000,0.0000,0.241666,0.002134,0.001951,0.000000,True
565,0,1.468685,2.5639,390.031,0.000000,0.000000,0.000000,0.0000,0.241590,0.002098,0.001955,0.000000,True
566,0,1.471250,2.6630,375.516,0.000000,0.000000,0.000000,0.0000,0.241528,0.002067,0.001957,0.000000,True
567,0,1.473913,2.5465,392.696,0.000000,0.000000,0.000000,0.0000,0.241492,0.002041,0.001957,0.000000,True
568,0,1.476460,2.5236,396.259,0.000000,0.000000,0.000000,0.0000,0.241459,0.002026,0.001955,0.000000,True
569,0,1.478984,2.5733,388.606,0.000000,0.000000,0.000000,0.0000,0.241440,0.002021,0.001948,0.000000,True
570,0,1.481557,2.5317,394.992,0.000000,0.000000,0.000000,0.0000,0.241448,0.002015,0.001943,0.000000,True
571,0,1.484089,2.5856,386.757,0.000000,0.000000,0.000000,0.0000,0.241473,0.001999,0.001942,0.000000,True
572,0,1.486676,2.5260,395.883,0.000000,0.000000,0.000000,0.0000,0.241503,0.001974,0.001943,0.000000,True
573,0,1.489202,2.5513,391.957,0.000000,0.000000,0.000000,0.0000,0.241515,0.001947,0.001947,0.000000,True
574,0,1.491754,2.5370,394.166,0.000000,0.000000,0.000000,0.0000,0.241527,0.001951,0.001951,0.000000,True
575,0,1.494291,2.5867,386.593,0.000000,0.000000,0.000000,0.0000,0.241525,0.001955,0.001955,0.000000,True
576,0,1.496878,2.5392,393.825,0.000000,0.000000,0.000000,0.0000,0.241513,0.001960,0.001960,0.000000,True
577,0,1.499418,2.5325,394.867,0.000000,0.000000,0.000000,0.0000,0.241466,0.001964,0.001964,0.000000,True
578,0,1.501950,2.5632,390.137,0.000000,0.000000,0.000000,0.0000,0.241408,0.001968,0.001968,0.000000,True
579,0,1.504514,2.5240,396.197,0.000000,0.000000,0.000000,0.0000,0.241346,0.001973,0.001973,0.000000,True
580,0,1.507038,2.5719,388.818,0.000000,0.000000,0.000000,0.0000,0.241294,0.001975,0.001975,0.000000,True
581,0,1.509611,2.5792,387.717,0.000000,0.000000,0.000000,0.0000,0.241242,0.001974,0.001974,0.000000,True
582,0,1.512190,2.5857,386.743,0.000000,0.000000,0.000000,0.0000,0.241203,0.001971,0.001971,0.000000,True
583,0,1.514776,2.5131,397.915,0.000000,0.000000,0.000000,0.0000,0.241171,0.001965,0.001965,0.000000,True
584,0,1.517290,2.5621,390.305,0.000000,0.000000,0.000000,0.0000,0.241191,0.001962,0.001962,0.000000,True
585,0,1.519852,2.5455,392.850,0.000000,0.000000,0.000000,0.0000,0.241202,0.001960,0.001960,0.000000,True
586,0,1.522398,2.5202,396.794,0.000000,0.000000,0.000000,0.0000,0.241256,0.001959,0.001959,0.000000,True
587,0,1.524919,2.5339,394.649,0.000000,0.000000,0.000000,0.0000,0.241269,0.001959,0.001959,0.000000,True
588,0,1.527453,2.5297,395.304,0.000000,0.000000,0.000000,0.0000,0.241248,0.001959,0.001959,0.000000,True
589,0,1.529983,2.5411,393.530,0.000000,0.000000,0.000000,0.0000,0.241227,0.001959,0.001959,0.000000,True
590,0,1.532525,2.5421,393.376,0.000000,0.000000,0.000000,0.0000,0.241190,0.001957,0.001957,0.000000,True
591,0,1.535067,2.5749,388.365,0.000000,0.000000,0.000000,0.0000,0.241145,0.001957,0.001957,0.000000,True
592,0,1.537643,2.7789,359.855,0.000000,0.000000,0.000000,0.0000,0.241100,0.001957,0.001957,0.000000,True
593,0,1.540422,2.5538,391.573,0.000000,0.000000,0.000000,0.0000,0.241059,0.001958,0.001958,0.000000,True
594,0,1.542978,2.6629,375.531,0.000000,0.000000,0.000000,0.0000,0.241013,0.001955,0.001955,0.000000,True
595,0,1.545641,2.5185,397.062,0.000000,0.000000,0.000000,0.0000,0.240973,0.001954,0.001954,0.000000,True
596,0,1.548160,2.5042,399.329,0.000000,0.000000,0.000000,0.0000,0.240955,0.001954,0.001954,0.000000,True
597,0,1.550665,2.5257,395.930,0.000000,0.000000,0.000000,0.0000,0.240946,0.001956,0.001956,0.000000,True
598,0,1.553191,2.5327,394.836,0.000000,0.000000,0.000000,0.0000,0.240951,0.001959,0.001959,0.000000,True
599,0,1.555724,2.5517,391.896,0.000000,0.000000,0.000000,0.0000,0.240961,0.001961,0.001961,0.000000,True
600,0,1.558276,2.5085,398.645,0.000000,0.000000,0.000000,0.0000,0.240968,0.001962,0.001962,0.000000,True
601,0,1.560785,2.5380,394.011,0.000000,0.000000,0.000000,0.0000,0.240986,0.001963,0.001963,0.000000,True
602,0,1.563323,2.5239,396.212,0.000000,0.000000,0.000000,0.0000,0.240974,0.001965,0.001965,0.000000,True
603,0,1.565848,2.5400,393.701,0.000000,0.000000,0.000000,0.0000,0.240956,0.001965,0.001965,0.000000,True
604,0,1.568388,2.4962,400.609,0.000000,0.000000,0.000000,0.0000,0.240931,0.001961,0.001961,0.000000,True
605,0,1.570884,2.6216,381.446,0.000000,0.000000,0.000000,0.0000,0.240918,0.001959,0.001959,0.000000,True
606,0,1.573507,2.5556,391.298,0.000000,0.000000,0.000000,0.0000,0.240883,0.001957,0.001957,0.000000,True
607,0,1.576063,2.5627,390.213,0.000000,0.000000,0.000000,0.0000,0.240856,0.001959,0.001959,0.000000,True
608,0,1.578626,2.5623,390.274,0.000000,0.000000,0.000000,0.0000,0.240824,0.001961,0.001961,0.000000,True
609,0,1.581189,2.5332,394.758,0.000000,0.000000,0.000000,0.0000,0.240799,0.001964,0.001964,0.000000,True
610,0,1.583723,2.6554,376.591,0.000000,0.000000,0.000000,0.0000,0.240792,0.001966,0.001966,0.000000,True
611,0,1.586379,2.6487,377.544,0.000000,0.000000,0.000000,0.0000,0.240787,0.001970,0.001970,0.000000,True
612,0,1.589028,2.5262,395.852,0.000000,0.000000,0.000000,0.0000,0.240792,0.001970,0.001970,0.000000,True
613,0,1.591554,2.6045,383.951,0.000000,0.000000,0.000000,0.0000,0.240810,0.001965,0.001965,0.000000,True
614,0,1.594159,2.5275,395.648,0.000000,0.000000,0.000000,0.0000,0.240828,0.001959,0.001959,0.000000,True
615,0,1.596687,2.5697,389.151,0.000000,0.000000,0.000000,0.0000,0.240833,0.001953,0.001953,0.000000,True
616,0,1.599258,2.5612,390.442,0.000000,0.000000,0.000000,0.0000,0.240846,0.001946,0.001946,0.000000,True
617,0,1.601819,2.6743,373.930,0.000000,0.000000,0.000000,0.0000,0.240829,0.001940,0.001940,0.000000,True
618,0,1.604494,2.9118,343.430,0.000000,0.000000,0.000000,0.0000,0.240814,0.001936,0.001936,0.000000,True
619,0,1.607406,2.6159,382.278,0.000000,0.000000,0.000000,0.0000,0.240798,0.001932,0.001932,0.000000,True
620,0,1.610023,2.5760,388.199,0.000000,0.000000,0.000000,0.0000,0.240784,0.001933,0.001933,0.000000,True
621,0,1.612599,2.5452,392.896,0.000000,0.000000,0.000000,0.0000,0.240777,0.001934,0.001934,0.000000,True
622,0,1.615145,2.5508,392.034,0.000000,0.000000,0.000000,0.0000,0.240762,0.001936,0.001936,0.000000,True
623,0,1.617696,2.5673,389.514,0.000000,0.000000,0.000000,0.0000,0.240752,0.001942,0.001942,0.000000,True
624,0,1.620265,2.6880,372.024,0.000000,0.000000,0.000000,0.0000,0.240749,0.001948,0.001948,0.000000,True
625,0,1.622953,2.5939,385.520,0.000000,0.000000,0.000000,0.0000,0.240749,0.001951,0.001951,0.000000,True
626,0,1.625548,2.5452,392.896,0.000000,0.000000,0.000000,0.0000,0.240772,0.001951,0.001951,0.000000,True
627,0,1.628093,2.5834,387.087,0.000000,0.000000,0.000000,0.0000,0.240771,0.001948,0.001948,0.000000,True
628,0,1.630677,2.5521,391.834,0.000000,0.000000,0.000000,0.0000,0.240765,0.001944,0.001944,0.000000,True
629,0,1.633229,2.6510,377.216,0.000000,0.000000,0.000000,0.0000,0.240763,0.001939,0.001939,0.000000,True
630,0,1.635881,2.5685,389.332,0.000000,0.000000,0.000000,0.0000,0.240755,0.001934,0.001934,0.000000,True
631,0,1.638450,2.6163,382.219,0.000000,0.000000,0.000000,0.0000,0.240752,0.001930,0.001930,0.000000,True
632,0,1.641066,2.6099,383.156,0.000000,0.000000,0.000000,0.0000,0.240747,0.001927,0.001927,0.000000,True
633,0,1.643677,2.5999,384.630,0.000000,0.000000,0.000000,0.0000,0.240741,0.001927,0.001927,0.000000,True
634,0,1.646277,2.5727,388.697,0.000000,0.000000,0.000000,0.0000,0.240734,0.001929,0.001929,0.000000,True
635,0,1.648850,2.6443,378.172,0.000000,0.000000,0.000000,0.0000,0.240728,0.001935,0.001935,0.000000,True
636,0,1.651495,2.6645,375.305,0.000000,0.000000,0.000000,0.0000,0.240722,0.001944,0.001944,0.000000,True
637,0,1.654160,2.6205,381.607,0.000000,0.000000,0.000000,0.0000,0.240721,0.001954,0.001954,0.000000,True
638,0,1.656781,2.5616,390.381,0.000000,0.000000,0.000000,0.0000,0.240722,0.001962,0.001962,0.000000,True
639,0,1.659343,2.6287,380.416,0.000000,0.000000,0.000000,0.0000,0.240721,0.001966,0.001966,0.000000,True
640,0,1.661972,2.5616,390.381,0.000000,0.000000,0.000000,0.0000,0.240719,0.001967,0.001967,0.000000,True
641,0,1.664534,2.6121,382.834,0.000000,0.000000,0.000000,0.0000,0.240732,0.001967,0.001967,0.000000,True
642,0,1.667147,2.7706,360.933,0.000000,0.000000,0.000000,0.0000,0.240726,0.001966,0.001966,0.000000,True
643,0,1.669918,2.5509,392.019,0.000000,0.000000,0.000000,0.0000,0.240734,0.001966,0.001966,0.000000,True
644,0,1.672469,2.6480,377.644,0.000000,0.000000,0.000000,0.0000,0.240725,0.001965,0.001965,0.000000,True
645,0,1.675118,2.5816,387.357,0.000000,0.000000,0.000000,0.0000,0.240714,0.001964,0.001964,0.000000,True
646,0,1.677700,2.5406,393.608,0.000000,0.000000,0.000000,0.0000,0.240701,0.001964,0.001964,0.000000,True
647,0,1.680241,2.5644,389.955,0.000000,0.000000,0.000000,0.0000,0.240687,0.001968,0.001968,0.000000,True
648,0,1.682805,3.5531,281.444,0.000000,0.000000,0.000000,0.0000,0.240672,0.001972,0.001972,0.000000,True
649,0,1.686359,2.7228,367.269,0.000000,0.000000,0.000000,0.0000,0.240661,0.001978,0.001978,0.000000,True
650,0,1.689082,2.5720,388.803,0.000000,0.000000,0.000000,0.0000,0.240653,0.001983,0.001983,0.000000,True
651,0,1.691655,2.6139,382.570,0.000000,0.000000,0.000000,0.0000,0.240646,0.001984,0.001984,0.000000,True
652,0,1.694269,2.5990,384.763,0.000000,0.000000,0.000000,0.0000,0.240641,0.001982,0.001982,0.000000,True
653,0,1.696869,2.6096,383.201,0.000000,0.000000,0.000000,0.0000,0.240636,0.001980,0.001980,0.000000,True
654,0,1.699479,2.6431,378.344,0.000000,0.000000,0.000000,0.0000,0.240631,0.001977,0.001977,0.000000,True
655,0,1.702122,2.5546,391.451,0.000000,0.000000,0.000000,0.0000,0.240632,0.001975,0.001975,0.000000,True
656,0,1.704677,2.6173,382.073,0.000000,0.000000,0.000000,0.0000,0.240631,0.001973,0.001973,0.000000,True
657,0,1.707295,2.7374,365.310,0.000000,0.000000,0.000000,0.0000,0.240656,0.001972,0.001972,0.000000,True
658,0,1.710033,2.5784,387.837,0.000000,0.000000,0.000000,0.0000,0.240662,0.001971,0.001971,0.000000,True
659,0,1.712611,2.6278,380.547,0.000000,0.000000,0.000000,0.0000,0.240643,0.001972,0.001972,0.000000,True
660,0,1.715240,2.5795,387.672,0.000000,0.000000,0.000000,0.0000,0.240624,0.001975,0.001975,0.000000,True
661,0,1.717820,2.8722,348.165,0.000000,0.000000,0.000000,0.0000,0.240610,0.001981,0.001981,0.000000,True
662,0,1.720692,2.5839,387.012,0.000000,0.000000,0.000000,0.0000,0.240603,0.001989,0.001989,0.000000,True
663,0,1.723276,2.5378,394.042,0.000000,0.000000,0.000000,0.0000,0.240589,0.001997,0.001997,0.000000,True
664,0,1.725815,2.5896,386.160,0.000000,0.000000,0.000000,0.0000,0.240576,0.002003,0.002003,0.000000,True
665,0,1.728405,2.6663,375.052,0.000000,0.000000,0.000000,0.0000,0.240540,0.002006,0.002006,0.000000,True
666,0,1.731071,2.5895,386.175,0.000000,0.000000,0.000000,0.0000,0.240545,0.002006,0.002006,0.000000,True
667,0,1.733661,2.5651,389.848,0.000000,0.000000,0.000000,0.0000,0.240549,0.002005,0.002005,0.000000,True
668,0,1.736227,2.5943,385.460,0.000000,0.000000,0.000000,0.0000,0.240552,0.002003,0.002003,0.000000,True
669,0,1.738822,2.8778,347.488,0.000000,0.000000,0.000000,0.0000,0.240554,0.002003,0.002003,0.000000,True
670,0,1.741700,2.5970,385.060,0.000000,0.000000,0.000000,0.0000,0.240557,0.002002,0.002002,0.000000,True
671,0,1.744297,5.0159,199.366,0.000000,0.000000,0.000000,0.0000,0.240552,0.002004,0.002004,0.000000,True
672,0,1.749313,2.5697,389.151,0.000000,0.000000,0.000000,0.0000,0.240548,0.002003,0.002003,0.000000,True
673,0,1.751884,2.8392,352.212,0.000000,0.000000,0.000000,0.0000,0.240513,0.002007,0.002007,0.000000,True
674,0,1.754724,2.5512,391.972,0.000000,0.000000,0.000000,0.0000,0.240496,0.002014,0.002014,0.000000,True
675,0,1.757275,2.5130,397.931,0.000000,0.000000,0.000000,0.0000,0.240483,0.002022,0.002022,0.000000,True
676,0,1.759789,2.5349,394.493,0.000000,0.000000,0.000000,0.0000,0.240487,0.002028,0.002028,0.000000,True
677,0,1.762324,2.5458,392.804,0.000000,0.000000,0.000000,0.0000,0.240484,0.002031,0.002031,0.000000,True
678,0,1.764870,2.5209,396.684,0.000000,0.000000,0.000000,0.0000,0.240481,0.002033,0.002033,0.000000,True
679,0,1.767392,2.5206,396.731,0.000000,0.000000,0.000000,0.0000,0.240493,0.002033,0.002033,0.000000,True
680,0,1.769912,2.6065,383.656,0.000000,0.000000,0.000000,0.0000,0.240494,0.002031,0.002031,0.000000,True
681,0,1.772519,2.5646,389.924,0.000000,0.000000,0.000000,0.0000,0.240483,0.002030,0.002030,0.000000,True
682,0,1.775084,2.6074,383.524,0.000000,0.000000,0.000000,0.0000,0.240473,0.002028,0.002028,0.000000,True
683,0,1.777692,2.5855,386.772,0.000000,0.000000,0.000000,0.0000,0.240455,0.002027,0.002027,0.000000,True
684,0,1.780278,2.5483,392.419,0.000000,0.000000,0.000000,0.0000,0.240414,0.002027,0.002027,0.000000,True
685,0,1.782827,2.5648,389.894,0.000000,0.000000,0.000000,0.0000,0.240398,0.002026,0.002026,0.000000,True
686,0,1.785392,2.6033,384.128,0.000000,0.000000,0.000000,0.0000,0.240377,0.002028,0.002028,0.000000,True
687,0,1.787996,2.8614,349.479,0.000000,0.000000,0.000000,0.0000,0.240354,0.002032,0.002032,0.000000,True
688,0,1.790858,2.5546,391.451,0.000000,0.000000,0.000000,0.0000,0.240333,0.002038,0.002038,0.000000,True
689,0,1.793413,2.5214,396.605,0.000000,0.000000,0.000000,0.0000,0.240324,0.002043,0.002043,0.000000,True
690,0,1.795935,2.5640,390.016,0.000000,0.000000,0.000000,0.0000,0.240315,0.002047,0.002047,0.000000,True
691,0,1.798499,2.6740,373.972,0.000000,0.000000,0.000000,0.0000,0.240318,0.002051,0.002051,0.000000,True
692,0,1.801174,2.5646,389.924,0.000000,0.000000,0.000000,0.0000,0.240338,0.002053,0.002053,0.000000,True
693,0,1.803739,2.5221,396.495,0.000000,0.000000,0.000000,0.0000,0.240343,0.002053,0.002053,0.000000,True
694,0,1.806261,2.5878,386.429,0.000000,0.000000,0.000000,0.0000,0.240344,0.002053,0.002053,0.000000,True
695,0,1.808850,2.8731,348.056,0.000000,0.000000,0.000000,0.0000,0.240347,0.002050,0.002050,0.000000,True
696,0,1.811723,2.5486,392.372,0.000000,0.000000,0.000000,0.0000,0.240348,0.002048,0.002048,0.000000,True
697,0,1.814274,2.7771,360.088,0.000000,0.000000,0.000000,0.0000,0.240343,0.002046,0.002046,0.000000,True
698,0,1.817051,2.5735,388.576,0.000000,0.000000,0.000000,0.0000,0.240345,0.002045,0.002045,0.000000,True
699,0,1.819625,2.5151,397.599,0.000000,0.000000,0.000000,0.0000,0.240315,0.002046,0.002046,0.000000,True
700,0,1.822140,2.5911,385.937,0.000000,0.000000,0.000000,0.0000,0.240277,0.002049,0.002049,0.000000,True
701,0,1.824732,2.5493,392.265,0.000000,0.000000,0.000000,0.0000,0.240253,0.002052,0.002052,0.000000,True
702,0,1.827282,2.5961,385.193,0.000000,0.000000,0.000000,0.0000,0.240246,0.002054,0.002054,0.000000,True
703,0,1.829879,2.5588,390.808,0.000000,0.000000,0.000000,0.0000,0.240243,0.002060,0.002060,0.000000,True
704,0,1.832438,2.5799,387.612,0.000000,0.000000,0.000000,0.0000,0.240252,0.002065,0.002065,0.000000,True
705,0,1.835018,2.5384,393.949,0.000000,0.000000,0.000000,0.0000,0.240272,0.002069,0.002069,0.000000,True
706,0,1.837557,2.6119,382.863,0.000000,0.000000,0.000000,0.0000,0.240281,0.002072,0.002072,0.000000,True
707,0,1.840169,2.5505,392.080,0.000000,0.000000,0.000000,0.0000,0.240292,0.002073,0.002073,0.000000,True
708,0,1.842720,2.5814,387.387,0.000000,0.000000,0.000000,0.0000,0.240292,0.002075,0.002075,0.000000,True
709,0,1.845302,2.5304,395.195,0.000000,0.000000,0.000000,0.0000,0.240285,0.002077,0.002077,0.000000,True
710,0,1.847833,2.5822,387.267,0.000000,0.000000,0.000000,0.0000,0.240273,0.002077,0.002077,0.000000,True
711,0,1.850415,2.5515,391.926,0.000000,0.000000,0.000000,0.0000,0.240259,0.002077,0.002077,0.000000,True
712,0,1.852967,2.6567,376.407,0.000000,0.000000,0.000000,0.0000,0.240236,0.002077,0.002077,0.000000,True
713,0,1.855625,2.5836,387.057,0.000000,0.000000,0.000000,0.0000,0.240207,0.002077,0.002077,0.000000,True
714,0,1.858208,2.5771,388.033,0.000000,0.000000,0.000000,0.0000,0.240183,0.002077,0.002077,0.000000,True
715,0,1.860786,2.5413,393.499,0.000000,0.000000,0.000000,0.0000,0.240162,0.002076,0.002076,0.000000,True
716,0,1.863328,2.5576,390.992,0.000000,0.000000,0.000000,0.0000,0.240157,0.002075,0.002075,0.000000,True
717,0,1.865886,2.5453,392.881,0.000000,0.000000,0.000000,0.0000,0.240164,0.002074,0.002074,0.000000,True
718,0,1.868431,2.5695,389.181,0.000000,0.000000,0.000000,0.0000,0.240173,0.002074,0.002074,0.000000,True
719,0,1.871001,2.5575,391.007,0.000000,0.000000,0.000000,0.0000,0.240183,0.002073,0.002073,0.000000,True
720,0,1.873559,2.5494,392.249,0.000000,0.000000,0.000000,0.0000,0.240194,0.002072,0.002072,0.000000,True
721,0,1.876109,2.5615,390.396,0.000000,0.000000,0.000000,0.0000,0.240199,0.002072,0.002072,0.000000,True
722,0,1.878671,2.5602,390.595,0.000000,0.000000,0.000000,0.0000,0.240209,0.002071,0.002071,0.000000,True
723,0,1.881231,2.5284,395.507,0.000000,0.000000,0.000000,0.0000,0.240202,0.002071,0.002071,0.000000,True
724,0,1.883760,2.6417,378.544,0.000000,0.000000,0.000000,0.0000,0.240190,0.002069,0.002069,0.000000,True
725,0,1.886402,2.5987,384.808,0.000000,0.000000,0.000000,0.0000,0.240172,0.002069,0.002069,0.000000,True
726,0,1.889001,2.5943,385.460,0.000000,0.000000,0.000000,0.0000,0.240149,0.002070,0.002070,0.000000,True
727,0,1.891596,2.5782,387.868,0.000000,0.000000,0.000000,0.0000,0.240113,0.002072,0.002072,0.000000,True
728,0,1.894175,2.5530,391.696,0.000000,0.000000,0.000000,0.0000,0.240104,0.002074,0.002074,0.000000,True
729,0,1.896728,2.5820,387.297,0.000000,0.000000,0.000000,0.0000,0.240111,0.002075,0.002075,0.000000,True
730,0,1.899311,2.5757,388.244,0.000000,0.000000,0.000000,0.0000,0.240124,0.002075,0.002075,0.000000,True
731,0,1.901887,2.6258,380.836,0.000000,0.000000,0.000000,0.0000,0.240135,0.002074,0.002074,0.000000,True
732,0,1.904514,2.7826,359.376,0.000000,0.000000,0.000000,0.0000,0.240154,0.002073,0.002073,0.000000,True
733,0,1.907297,2.6001,384.601,0.000000,0.000000,0.000000,0.0000,0.240176,0.002072,0.002072,0.000000,True
734,0,1.909898,2.7056,369.604,0.000000,0.000000,0.000000,0.0000,0.240198,0.002070,0.002070,0.000000,True
735,0,1.912604,2.6008,384.497,0.000000,0.000000,0.000000,0.0000,0.240226,0.002069,0.002069,0.000000,True
736,0,1.915205,2.6652,375.206,0.000000,0.000000,0.000000,0.0000,0.240223,0.002068,0.002068,0.000000,True
737,0,1.917870,2.6691,374.658,0.000000,0.000000,0.000000,0.0000,0.240216,0.002067,0.002067,0.000000,True
738,0,1.920540,2.6945,371.126,0.000000,0.000000,0.000000,0.0000,0.240202,0.002068,0.002068,0.000000,True
739,0,1.923235,2.6498,377.387,0.000000,0.000000,0.000000,0.0000,0.240180,0.002070,0.002070,0.000000,True
740,0,1.925885,2.6888,371.913,0.000000,0.000000,0.000000,0.0000,0.240149,0.002075,0.002075,0.000000,True
741,0,1.928574,2.7945,357.846,0.000000,0.000000,0.000000,0.0000,0.240126,0.002077,0.002077,0.000000,True
742,0,1.931369,2.7293,366.394,0.000000,0.000000,0.000000,0.0000,0.240128,0.002077,0.002077,0.000000,True
743,0,1.934099,2.6933,371.292,0.000000,0.000000,0.000000,0.0000,0.240121,0.002075,0.002075,0.000000,True
744,0,1.936792,2.7099,369.017,0.000000,0.000000,0.000000,0.0000,0.240141,0.002069,0.002069,0.000000,True
745,0,1.939503,2.7120,368.732,0.000000,0.000000,0.000000,0.0000,0.240173,0.002064,0.002064,0.000000,True
746,0,1.942216,2.7010,370.233,0.000000,0.000000,0.000000,0.0000,0.240207,0.002059,0.002059,0.000000,True
747,0,1.944917,2.7586,362.503,0.000000,0.000000,0.000000,0.0000,0.240223,0.002055,0.002055,0.000000,True
748,0,1.947676,2.5960,385.208,0.000000,0.000000,0.000000,0.0000,0.240234,0.002051,0.002051,0.000000,True
749,0,1.950273,2.6342,379.622,0.000000,0.000000,0.000000,0.0000,0.240239,0.002048,0.002048,0.000000,True
750,0,1.952907,2.6537,376.832,0.000000,0.000000,0.000000,0.0000,0.240250,0.002046,0.002046,0.000000,True
751,0,1.955561,2.6681,374.799,0.000000,0.000000,0.000000,0.0000,0.240240,0.002045,0.002045,0.000000,True
752,0,1.958230,2.6009,384.482,0.000000,0.000000,0.000000,0.0000,0.240222,0.002044,0.002044,0.000000,True
753,0,1.960831,2.7292,366.408,0.000000,0.000000,0.000000,0.0000,0.240192,0.002045,0.002045,0.000000,True
754,0,1.963560,2.6169,382.132,0.000000,0.000000,0.000000,0.0000,0.240177,0.002045,0.002045,0.000000,True
755,0,1.966178,2.5803,387.552,0.000000,0.000000,0.000000,0.0000,0.240162,0.002043,0.002043,0.000000,True
756,0,1.968758,2.5737,388.546,0.000000,0.000000,0.000000,0.0000,0.240159,0.002041,0.002041,0.000000,True
757,0,1.971332,2.5702,389.075,0.000000,0.000000,0.000000,0.0000,0.240164,0.002039,0.002039,0.000000,True
758,0,1.973902,2.5722,388.772,0.000000,0.000000,0.000000,0.0000,0.240173,0.002036,0.002036,0.000000,True
759,0,1.976475,2.6144,382.497,0.000000,0.000000,0.000000,0.0000,0.240202,0.002033,0.002033,0.000000,True
760,0,1.979090,2.5995,384.689,0.000000,0.000000,0.000000,0.0000,0.240219,0.002029,0.002029,0.000000,True
761,0,1.981690,2.6153,382.365,0.000000,0.000000,0.000000,0.0000,0.240245,0.002026,0.002026,0.000000,True
762,0,1.984305,2.5716,388.863,0.000000,0.000000,0.000000,0.0000,0.240260,0.002023,0.002023,0.000000,True
763,0,1.986877,2.6201,381.665,0.000000,0.000000,0.000000,0.0000,0.240279,0.002020,0.002020,0.000000,True
764,0,1.989498,2.5831,387.132,0.000000,0.000000,0.000000,0.0000,0.240261,0.002018,0.002018,0.000000,True
765,0,1.992081,2.6317,379.983,0.000000,0.000000,0.000000,0.0000,0.240259,0.002016,0.002016,0.000000,True
766,0,1.994713,2.5865,386.623,0.000000,0.000000,0.000000,0.0000,0.240258,0.002014,0.002014,0.000000,True
767,0,1.997300,2.6107,383.039,0.000000,0.000000,0.000000,0.0000,0.240239,0.002010,0.002010,0.000000,True
768,0,1.999911,2.6016,384.379,0.000000,0.000000,0.000000,0.0000,0.240231,0.002005,0.002005,0.000000,True
769,0,2.002513,2.5526,391.757,0.000000,0.000000,0.000000,0.0000,0.240228,0.002000,0.002000,0.000000,True
770,0,2.005066,2.6127,382.746,0.000000,0.000000,0.000000,0.0000,0.240246,0.001997,0.001997,0.000000,True
771,0,2.007679,2.6051,383.862,0.000000,0.000000,0.000000,0.0000,0.240251,0.001995,0.001995,0.000000,True
772,0,2.010285,2.6061,383.715,0.000000,0.000000,0.000000,0.0000,0.240279,0.001990,0.001990,0.000000,True
773,0,2.012891,2.5971,385.045,0.000000,0.000000,0.000000,0.0000,0.240304,0.001988,0.001988,0.000000,True
774,0,2.015488,2.6159,382.278,0.000000,0.000000,0.000000,0.0000,0.240324,0.001986,0.001986,0.000000,True
775,0,2.018107,2.6688,374.700,0.000000,0.000000,0.000000,0.0000,0.240338,0.001984,0.001984,0.000000,True
776,0,2.020776,2.6292,380.344,0.000000,0.000000,0.000000,0.0000,0.240356,0.001982,0.001982,0.000000,True
777,0,2.023406,2.6126,382.761,0.000000,0.000000,0.000000,0.0000,0.240361,0.001978,0.001978,0.000000,True
778,0,2.026019,2.5989,384.778,0.000000,0.000000,0.000000,0.0000,0.240344,0.001975,0.001975,0.000000,True
779,0,2.028618,2.6031,384.157,0.000000,0.000000,0.000000,0.0000,0.240332,0.001974,0.001974,0.000000,True
780,0,2.031221,2.5704,389.045,0.000000,0.000000,0.000000,0.0000,0.240328,0.001974,0.001974,0.000000,True
781,0,2.033792,2.6191,381.811,0.000000,0.000000,0.000000,0.0000,0.240329,0.001973,0.001973,0.000000,True
782,0,2.036413,2.5784,387.837,0.000000,0.000000,0.000000,0.0000,0.240334,0.001971,0.001971,0.000000,True
783,0,2.038992,2.6731,374.098,0.000000,0.000000,0.000000,0.0000,0.240353,0.001969,0.001969,0.000000,True
784,0,2.041665,2.5905,386.026,0.000000,0.000000,0.000000,0.0000,0.240367,0.001967,0.001967,0.000000,True
785,0,2.044256,2.6031,384.157,0.000000,0.000000,0.000000,0.0000,0.240385,0.001968,0.001968,0.000000,True
786,0,2.046860,2.5812,387.417,0.000000,0.000000,0.000000,0.0000,0.240414,0.001967,0.001967,0.000000,True
787,0,2.049441,2.6104,383.083,0.000000,0.000000,0.000000,0.0000,0.240431,0.001966,0.001966,0.000000,True
788,0,2.052052,2.6821,372.842,0.000000,0.000000,0.000000,0.0000,0.240451,0.001964,0.001964,0.000000,True
789,0,2.054735,2.5905,386.026,0.000000,0.000000,0.000000,0.0000,0.240460,0.001962,0.001962,0.000000,True
790,0,2.057326,2.6700,374.532,0.000000,0.000000,0.000000,0.0000,0.240462,0.001962,0.001962,0.000000,True
791,0,2.059996,2.5767,388.093,0.000000,0.000000,0.000000,0.0000,0.240459,0.001961,0.001961,0.000000,True
792,0,2.062573,2.5421,393.376,0.000000,0.000000,0.000000,0.0000,0.240443,0.001959,0.001959,0.000000,True
793,0,2.065116,2.5887,386.294,0.000000,0.000000,0.000000,0.0000,0.240423,0.001957,0.001957,0.000000,True
794,0,2.067705,2.5322,394.914,0.000000,0.000000,0.000000,0.0000,0.240411,0.001953,0.001953,0.000000,True
795,0,2.070237,2.6709,374.406,0.000000,0.000000,0.000000,0.0000,0.240406,0.001948,0.001948,0.000000,True
796,0,2.072909,2.5565,391.160,0.000000,0.000000,0.000000,0.0000,0.240402,0.001944,0.001944,0.000000,True
797,0,2.075466,2.5709,388.969,0.000000,0.000000,0.000000,0.0000,0.240410,0.001939,0.001939,0.000000,True
798,0,2.078037,2.5906,386.011,0.000000,0.000000,0.000000,0.0000,0.240428,0.001934,0.001934,0.000000,True
799,0,2.080628,2.5764,388.139,0.000000,0.000000,0.000000,0.0000,0.240452,0.001929,0.001929,0.000000,True
800,0,2.083205,2.6060,383.730,0.000000,0.000000,0.000000,0.0000,0.240471,0.001923,0.001923,0.000000,True
801,0,2.085811,2.8679,348.687,0.000000,0.000000,0.000000,0.0000,0.240488,0.001918,0.001918,0.000000,True
802,0,2.088680,2.5963,385.164,0.000000,0.000000,0.000000,0.0000,0.240502,0.001914,0.001914,0.000000,True
803,0,2.091276,2.5838,387.027,0.000000,0.000000,0.000000,0.0000,0.240508,0.001912,0.001912,0.000000,True
804,0,2.093860,2.5969,385.075,0.000000,0.000000,0.000000,0.0000,0.240507,0.001912,0.001912,0.000000,True
805,0,2.096457,2.5569,391.099,0.000000,0.000000,0.000000,0.0000,0.240500,0.001913,0.001913,0.000000,True
806,0,2.099015,2.5689,389.272,0.000000,0.000000,0.000000,0.0000,0.240488,0.001917,0.001917,0.000000,True
807,0,2.101584,2.6943,371.154,0.000000,0.000000,0.000000,0.0000,0.240477,0.001919,0.001919,0.000000,True
808,0,2.104279,2.5393,393.809,0.000000,0.000000,0.000000,0.0000,0.240471,0.001918,0.001918,0.000000,True
809,0,2.106818,2.5502,392.126,0.000000,0.000000,0.000000,0.0000,0.240467,0.001917,0.001917,0.000000,True
810,0,2.109369,2.6307,380.127,0.000000,0.000000,0.000000,0.0000,0.240468,0.001914,0.001914,0.000000,True
811,0,2.112001,2.5454,392.866,0.000000,0.000000,0.000000,0.0000,0.240474,0.001913,0.001913,0.000000,True
812,0,2.114546,2.6083,383.392,0.000000,0.000000,0.000000,0.0000,0.240507,0.001910,0.001910,0.000000,True
813,0,2.117155,2.6368,379.248,0.000000,0.000000,0.000000,0.0000,0.240521,0.001908,0.001908,0.000000,True
814,0,2.119792,2.5972,385.030,0.000000,0.000000,0.000000,0.0000,0.240518,0.001904,0.001904,0.000000,True
815,0,2.122390,2.5588,390.808,0.000000,0.000000,0.000000,0.0000,0.240537,0.001901,0.001901,0.000000,True
816,0,2.124949,2.6262,380.778,0.000000,0.000000,0.000000,0.0000,0.240553,0.001897,0.001897,0.000000,True
817,0,2.127576,2.9388,340.275,0.000000,0.000000,0.000000,0.0000,0.240564,0.001896,0.001896,0.000000,True
818,0,2.130515,2.5812,387.417,0.000000,0.000000,0.000000,0.0000,0.240559,0.001896,0.001896,0.000000,True
819,0,2.133096,2.6170,382.117,0.000000,0.000000,0.000000,0.0000,0.240550,0.001897,0.001897,0.000000,True
820,0,2.135714,2.6025,384.246,0.000000,0.000000,0.000000,0.0000,0.240540,0.001896,0.001896,0.000000,True
821,0,2.138317,2.5495,392.234,0.000000,0.000000,0.000000,0.0000,0.240532,0.001897,0.001897,0.000000,True
822,0,2.140866,2.6075,383.509,0.000000,0.000000,0.000000,0.0000,0.240539,0.001896,0.001896,0.000000,True
823,0,2.143475,2.9742,336.225,0.000000,0.000000,0.000000,0.0000,0.240537,0.001893,0.001893,0.000000,True
824,0,2.146449,2.6300,380.228,0.000000,0.000000,0.000000,0.0000,0.240558,0.001888,0.001888,0.000000,True
825,0,2.149080,2.6051,383.862,0.000000,0.000000,0.000000,0.0000,0.240555,0.001883,0.001883,0.000000,True
826,0,2.151685,2.5920,385.803,0.000000,0.000000,0.000000,0.0000,0.240562,0.001877,0.001877,0.000000,True
827,0,2.154278,2.5639,390.031,0.000000,0.000000,0.000000,0.0000,0.240570,0.001870,0.001870,0.000000,True
828,0,2.156842,2.6076,383.494,0.000000,0.000000,0.000000,0.0000,0.240562,0.001866,0.001866,0.000000,True
829,0,2.159450,2.6666,375.009,0.000000,0.000000,0.000000,0.0000,0.240556,0.001864,0.001864,0.000000,True
830,0,2.162117,2.5902,386.071,0.000000,0.000000,0.000000,0.0000,0.240553,0.001864,0.001864,0.000000,True
831,0,2.164707,2.5479,392.480,0.000000,0.000000,0.000000,0.0000,0.240539,0.001865,0.001865,0.000000,True
832,0,2.166667,2.5952,385.327,0.000000,0.000000,0.000000,0.0000,0.240529,0.001869,0.001869,0.000000,True
833,1,0.002752,22.3138,44.815,0.000000,0.000000,0.000000,0.0000,0.223478,0.000355,0.000355,0.000000,True
834,1,0.025066,2.6263,380.764,0.000000,0.000000,0.000000,0.0000,0.222952,0.000736,0.000736,0.000000,True
835,1,0.027693,2.6425,378.430,0.000000,0.000000,0.000000,0.0000,0.223032,0.000714,0.000714,0.000000,True
836,1,0.030336,2.4838,402.609,0.000000,0.000000,0.000000,0.0000,0.222967,0.000707,0.000707,0.000000,True
837,1,0.032820,2.5146,397.678,0.000000,0.000000,0.000000,0.0000,0.223034,0.000699,0.000699,0.000000,True
838,1,0.035335,2.5418,393.422,0.000000,0.000000,0.000000,0.0000,0.223157,0.000688,0.000688,0.000000,True
839,1,0.037877,2.5572,391.053,0.000000,0.000000,0.000000,0.0000,0.223295,0.000697,0.000697,0.000000,True
840,1,0.040435,2.5899,386.115,0.000000,0.000000,0.000000,0.0000,0.223434,0.000719,0.000719,0.000000,True
841,1,0.043025,2.5696,389.166,0.000000,0.000000,0.000000,0.0000,0.223581,0.000745,0.000745,0.000000,True
842,1,0.045595,2.5920,385.803,0.000000,0.000000,0.000000,0.0000,0.223918,0.000775,0.000775,0.000000,True
843,1,0.048187,2.5450,392.927,0.000000,0.000000,0.000000,0.0000,0.224116,0.000805,0.000805,0.000000,True
844,1,0.050733,2.5684,389.347,0.000000,0.000000,0.000000,0.0000,0.224329,0.000834,0.000834,0.000000,True
845,1,0.053301,2.5508,392.034,0.000000,0.000000,0.000000,0.0000,0.224550,0.000861,0.000861,0.000000,True
846,1,0.055852,2.6079,383.450,0.000000,0.000000,0.000000,0.0000,0.224789,0.000885,0.000885,0.000000,True
847,1,0.058461,2.9148,343.077,0.000000,0.000000,0.000000,0.0000,0.225000,0.000906,0.000906,0.000000,True
848,1,0.061376,2.5727,388.697,0.000000,0.000000,0.000000,0.0000,0.225198,0.000926,0.000926,0.000000,True
849,1,0.063949,2.5253,395.993,0.000000,0.000000,0.000000,0.0000,0.225402,0.000930,0.000930,0.000000,True
850,1,0.066475,2.5736,388.561,0.000000,0.000000,0.000000,0.0000,0.225597,0.000928,0.000928,0.000000,True
851,1,0.069049,2.5596,390.686,0.000000,0.000000,0.000000,0.0000,0.225782,0.000920,0.000920,0.000000,True
852,1,0.071609,2.5725,388.727,0.000000,0.000000,0.000000,0.0000,0.225918,0.000927,0.000927,0.000000,True
853,1,0.074182,2.6189,381.840,0.000000,0.000000,0.000000,0.0000,0.226003,0.000950,0.000950,0.000000,True
854,1,0.076801,2.5941,385.490,0.000000,0.000000,0.000000,0.0000,0.226061,0.000980,0.000980,0.000000,True
855,1,0.079396,2.5486,392.372,0.000000,0.000000,0.000000,0.0000,0.226101,0.001013,0.001013,0.000000,True
856,1,0.081945,2.5769,388.063,0.000000,0.000000,0.000000,0.0000,0.226144,0.001047,0.001047,0.000000,True
857,1,0.084522,2.5681,389.393,0.000000,0.000000,0.000000,0.0000,0.226190,0.001081,0.001081,0.000000,True
858,1,0.087091,2.6139,382.570,0.000000,0.000000,0.000000,0.0000,0.226246,0.001113,0.001113,0.000000,True
859,1,0.089705,2.7049,369.699,0.000000,0.000000,0.000000,0.0000,0.226323,0.001143,0.001143,0.000000,True
860,1,0.092410,2.5659,389.727,0.000000,0.000000,0.000000,0.0000,0.226393,0.001170,0.001170,0.000000,True
861,1,0.094977,2.5427,393.283,0.000000,0.000000,0.000000,0.0000,0.226496,0.001187,0.001187,0.000000,True
862,1,0.097520,2.5887,386.294,0.000000,0.000000,0.000000,0.0000,0.226592,0.001197,0.001197,0.000000,True
863,1,0.100109,2.5455,392.850,0.000000,0.000000,0.000000,0.0000,0.226696,0.001199,0.001199,0.000000,True
864,1,0.102655,2.5834,387.087,0.000000,0.000000,0.000000,0.0000,0.226810,0.001192,0.001192,0.000000,True
865,1,0.105239,2.6094,383.230,0.000000,0.000000,0.000000,0.0000,0.226896,0.001194,0.001194,0.000000,True
866,1,0.107849,2.5489,392.326,0.000000,0.000000,0.000000,0.0000,0.226935,0.001219,0.001219,0.000000,True
867,1,0.110398,2.5650,389.864,0.000000,0.000000,0.000000,0.0000,0.226936,0.001253,0.001253,0.000000,True
868,1,0.112963,2.5460,392.773,0.000000,0.000000,0.000000,0.0000,0.226951,0.001292,0.001292,0.000000,True
869,1,0.115509,2.6202,381.650,0.000000,0.000000,0.000000,0.0000,0.226973,0.001332,0.001332,0.000000,True
870,1,0.118131,2.7276,366.623,0.000000,0.000000,0.000000,0.0000,0.227003,0.001376,0.001376,0.000000,True
871,1,0.120859,2.6345,379.579,0.000000,0.000000,0.000000,0.0000,0.227041,0.001420,0.001420,0.000000,True
872,1,0.123494,2.5401,393.685,0.000000,0.000000,0.000000,0.0000,0.227106,0.001456,0.001456,0.000000,True
873,1,0.126034,2.5603,390.579,0.000000,0.000000,0.000000,0.0000,0.227193,0.001484,0.001484,0.000000,True
874,1,0.128594,2.6297,380.272,0.000000,0.000000,0.000000,0.0000,0.227293,0.001508,0.001508,0.000000,True
875,1,0.131225,2.5631,390.153,0.000000,0.000000,0.000000,0.0000,0.227403,0.001524,0.001524,0.000000,True
876,1,0.133789,2.6100,383.142,0.000000,0.000000,0.000000,0.0000,0.227530,0.001528,0.001528,0.000000,True
877,1,0.136399,2.5729,388.667,0.000000,0.000000,0.000000,0.0000,0.227666,0.001522,0.001522,0.000000,True
878,1,0.138972,2.5664,389.651,0.000000,0.000000,0.000000,0.0000,0.227789,0.001519,0.001519,0.000000,True
879,1,0.141539,2.5338,394.664,0.000000,0.000000,0.000000,0.0000,0.227851,0.001547,0.001547,0.000000,True
880,1,0.144073,2.6029,384.187,0.000000,0.000000,0.000000,0.0000,0.227903,0.001587,0.001587,0.000000,True
881,1,0.146676,2.5460,392.773,0.000000,0.000000,0.000000,0.0000,0.227964,0.001636,0.001636,0.000000,True
882,1,0.149223,2.5773,388.003,0.000000,0.000000,0.000000,0.0000,0.228045,0.001686,0.001686,0.000000,True
883,1,0.151801,2.5380,394.011,0.000000,0.000000,0.000000,0.0000,0.228148,0.001738,0.001738,0.000000,True
884,1,0.154339,2.6128,382.731,0.000000,0.000000,0.000000,0.0000,0.228276,0.001786,0.001786,0.000000,True
885,1,0.156952,2.5262,395.852,0.000000,0.000000,0.000000,0.0000,0.228420,0.001833,0.001833,0.000000,True
886,1,0.159479,2.5758,388.229,0.000000,0.000000,0.000000,0.0000,0.228582,0.001871,0.001871,0.000000,True
887,1,0.162055,2.5113,398.200,0.000000,0.000000,0.000000,0.0000,0.228751,0.001902,0.001902,0.000000,True
888,1,0.164567,2.6537,376.832,0.000000,0.000000,0.000000,0.0000,0.228930,0.001922,0.001922,0.000000,True
889,1,0.167221,2.6072,383.553,0.000000,0.000000,0.000000,0.0000,0.229103,0.001934,0.001934,0.000000,True
890,1,0.169829,2.5881,386.384,0.000000,0.000000,0.000000,0.0000,0.229277,0.001928,0.001928,0.000000,True
891,1,0.172417,2.5432,393.205,0.000000,0.000000,0.000000,0.0000,0.229433,0.001917,0.001917,0.000000,True
892,1,0.174961,2.5755,388.274,0.000000,0.000000,0.000000,0.0000,0.229560,0.001945,0.001945,0.000000,True
893,1,0.177536,2.5822,387.267,0.000000,0.000000,0.000000,0.0000,0.229665,0.001999,0.001999,0.000000,True
894,1,0.180119,6.9768,143.332,0.000000,0.000000,0.000000,0.0000,0.229771,0.002066,0.002066,0.000000,True
895,1,0.187096,2.5528,391.727,0.000000,0.000000,0.000000,0.0000,0.229513,0.002363,0.002363,0.000000,True
896,1,0.189649,2.6273,380.619,0.000000,0.000000,0.000000,0.0000,0.229613,0.002363,0.002363,0.000000,True
897,1,0.192277,2.5724,388.742,0.000000,0.000000,0.000000,0.0000,0.229692,0.002408,0.002408,0.000000,True
898,1,0.194850,2.5558,391.267,0.000000,0.000000,0.000000,0.0000,0.229791,0.002453,0.002453,0.000000,True
899,1,0.197406,2.5862,386.668,0.000000,0.000000,0.000000,0.0000,0.229868,0.002489,0.002489,0.000000,True
900,1,0.199993,2.8920,345.782,0.000000,0.000000,0.000000,0.0000,0.229947,0.002511,0.002511,0.000000,True
901,1,0.202886,2.5825,387.222,0.000000,0.000000,0.000000,0.0000,0.230037,0.002520,0.002520,0.000000,True
902,1,0.205469,2.5636,390.076,0.000000,0.000000,0.000000,0.0000,0.230173,0.002497,0.002497,0.000000,True
903,1,0.208033,2.5824,387.237,0.000000,0.000000,0.000000,0.0000,0.230277,0.002500,0.002500,0.000000,True
904,1,0.210616,2.5379,394.027,0.000000,0.000000,0.000000,0.0000,0.230312,0.002542,0.002542,0.000000,True
905,1,0.213154,2.6007,384.512,0.000000,0.000000,0.000000,0.0000,0.230324,0.002598,0.002598,0.000000,True
906,1,0.215755,2.5024,399.616,0.000000,0.000000,0.000000,0.0000,0.230290,0.002664,0.002664,0.000000,True
907,1,0.218258,2.5528,391.727,0.000000,0.000000,0.000000,0.0000,0.230242,0.002729,0.002729,0.000000,True
908,1,0.220811,2.5418,393.422,0.000000,0.000000,0.000000,0.0000,0.230192,0.002796,0.002796,0.000000,True
909,1,0.223354,2.5519,391.865,0.000000,0.000000,0.000000,0.0000,0.230126,0.002858,0.002858,0.000000,True
910,1,0.225907,2.8366,352.535,0.000000,0.000000,0.000000,0.0000,0.230063,0.002915,0.002915,0.000000,True
911,1,0.228744,2.5605,390.549,0.000000,0.000000,0.000000,0.0000,0.229991,0.002975,0.002975,0.000000,True
912,1,0.231305,2.5543,391.497,0.000000,0.000000,0.000000,0.0000,0.229970,0.003003,0.003003,0.000000,True
913,1,0.233860,2.6470,377.786,0.000000,0.000000,0.000000,0.0000,0.229958,0.003020,0.003020,0.000000,True
914,1,0.236508,2.6479,377.658,0.000000,0.000000,0.000000,0.0000,0.229975,0.003024,0.003024,0.000000,True
915,1,0.239156,2.5942,385.475,0.000000,0.000000,0.000000,0.0000,0.230039,0.003006,0.003006,0.000000,True
916,1,0.241751,2.6297,380.272,0.000000,0.000000,0.000000,0.0000,0.230096,0.003005,0.003005,0.000000,True
917,1,0.244381,2.5796,387.657,0.000000,0.000000,0.000000,0.0000,0.230097,0.003065,0.003065,0.000000,True
918,1,0.246961,2.5366,394.229,0.000000,0.000000,0.000000,0.0000,0.230044,0.003147,0.003147,0.000000,True
919,1,0.249498,2.5596,390.686,0.000000,0.000000,0.000000,0.0000,0.229965,0.003238,0.003238,0.000000,True
920,1,0.252058,3.0353,329.457,0.000000,0.000000,0.000000,0.0000,0.229871,0.003335,0.003335,0.000000,True
921,1,0.255094,2.8445,351.556,0.000000,0.000000,0.000000,0.0000,0.229729,0.003464,0.003464,0.000000,True
922,1,0.257939,2.5763,388.154,0.000000,0.000000,0.000000,0.0000,0.229608,0.003532,0.003532,0.000000,True
923,1,0.260516,2.6615,375.728,0.000000,0.000000,0.000000,0.0000,0.229520,0.003543,0.003543,0.000000,True
924,1,0.263178,2.5585,390.854,0.000000,0.000000,0.000000,0.0000,0.229437,0.003542,0.003542,0.000000,True
925,1,0.265736,2.4957,400.689,0.000000,0.000000,0.000000,0.0000,0.229382,0.003510,0.003510,0.000000,True
926,1,0.268232,2.5861,386.683,0.000000,0.000000,0.000000,0.0000,0.229356,0.003457,0.003457,0.000000,True
927,1,0.270819,2.5880,386.399,0.000000,0.000000,0.000000,0.0000,0.229359,0.003392,0.003392,0.000000,True
928,1,0.273408,2.5641,390.000,0.000000,0.000000,0.000000,0.0000,0.229409,0.003306,0.003306,0.000000,True
929,1,0.275973,3.0340,329.598,0.000000,0.000000,0.000000,0.0000,0.229469,0.003259,0.003259,0.000000,True
930,1,0.279007,2.5709,388.969,0.000000,0.000000,0.000000,0.0000,0.229453,0.003327,0.003327,0.000000,True
931,1,0.281579,2.5998,384.645,0.000000,0.000000,0.000000,0.0000,0.229409,0.003400,0.003400,0.000000,True
932,1,0.284179,2.6004,384.556,0.000000,0.000000,0.000000,0.0000,0.229341,0.003476,0.003476,0.000000,True
933,1,0.286780,2.5388,393.887,0.000000,0.000000,0.000000,0.0000,0.229261,0.003537,0.003537,0.000000,True
934,1,0.289319,2.5634,390.107,0.000000,0.000000,0.000000,0.0000,0.229181,0.003571,0.003571,0.000000,True
935,1,0.291883,2.5811,387.432,0.000000,0.000000,0.000000,0.0000,0.229101,0.003587,0.003587,0.000000,True
936,1,0.294464,2.6651,375.221,0.000000,0.000000,0.000000,0.0000,0.229024,0.003581,0.003581,0.000000,True
937,1,0.297130,2.8102,355.847,0.000000,0.000000,0.000000,0.0000,0.228950,0.003559,0.003559,0.000000,True
938,1,0.299941,2.5976,384.971,0.000000,0.000000,0.000000,0.0000,0.228895,0.003521,0.003521,0.000000,True
939,1,0.302539,2.6448,378.100,0.000000,0.000000,0.000000,0.0000,0.228874,0.003439,0.003439,0.000000,True
940,1,0.305184,2.5640,390.016,0.000000,0.000000,0.000000,0.0000,0.228887,0.003353,0.003353,0.000000,True
941,1,0.307748,2.6090,383.289,0.000000,0.000000,0.000000,0.0000,0.228945,0.003253,0.003253,0.000000,True
942,1,0.310358,2.5806,387.507,0.000000,0.000000,0.000000,0.0000,0.229009,0.003213,0.003213,0.000000,True
943,1,0.312938,2.5576,390.992,0.000000,0.000000,0.000000,0.0000,0.229031,0.003265,0.003265,0.000000,True
944,1,0.315496,2.5486,392.372,0.000000,0.000000,0.000000,0.0000,0.229026,0.003334,0.003334,0.000000,True
945,1,0.318045,2.5514,391.942,0.000000,0.000000,0.000000,0.0000,0.228995,0.003395,0.003395,0.000000,True
946,1,0.320597,2.5300,395.257,0.000000,0.000000,0.000000,0.0000,0.228970,0.003439,0.003439,0.000000,True
947,1,0.323127,2.5979,384.926,0.000000,0.000000,0.000000,0.0000,0.228941,0.003460,0.003460,0.000000,True
948,1,0.325725,2.5676,389.469,0.000000,0.000000,0.000000,0.0000,0.228907,0.003467,0.003467,0.000000,True
949,1,0.328293,2.5705,389.029,0.000000,0.000000,0.000000,0.0000,0.228873,0.003447,0.003447,0.000000,True
950,1,0.330864,2.5468,392.650,0.000000,0.000000,0.000000,0.0000,0.228842,0.003411,0.003411,0.000000,True
951,1,0.333411,2.6031,384.157,0.000000,0.000000,0.000000,0.0000,0.228818,0.003358,0.003358,0.000000,True
952,1,0.336015,2.8750,347.826,0.000000,0.000000,0.000000,0.0000,0.228804,0.003298,0.003298,0.000000,True
953,1,0.338890,2.6139,382.570,0.000000,0.000000,0.000000,0.0000,0.228804,0.003233,0.003233,0.000000,True
954,1,0.341504,2.5670,389.560,0.000000,0.000000,0.000000,0.0000,0.228845,0.003136,0.003136,0.000000,True
955,1,0.344072,2.5649,389.879,0.000000,0.000000,0.000000,0.0000,0.228905,0.003076,0.003076,0.000000,True
956,1,0.346637,2.5780,387.898,0.000000,0.000000,0.000000,0.0000,0.228953,0.003107,0.003107,0.000000,True
957,1,0.349215,2.5379,394.027,0.000000,0.000000,0.000000,0.0000,0.228964,0.003160,0.003160,0.000000,True
958,1,0.351754,2.5617,390.366,0.000000,0.000000,0.000000,0.0000,0.228965,0.003207,0.003207,0.000000,True
959,1,0.354316,2.5339,394.649,0.000000,0.000000,0.000000,0.0000,0.228971,0.003246,0.003246,0.000000,True
960,1,0.356850,2.5886,386.309,0.000000,0.000000,0.000000,0.0000,0.228964,0.003270,0.003270,0.000000,True
961,1,0.359439,2.5907,385.996,0.000000,0.000000,0.000000,0.0000,0.228965,0.003288,0.003288,0.000000,True
962,1,0.362030,2.6861,372.287,0.000000,0.000000,0.000000,0.0000,0.228948,0.003292,0.003292,0.000000,True
963,1,0.364717,2.5818,387.327,0.000000,0.000000,0.000000,0.0000,0.228925,0.003290,0.003290,0.000000,True
964,1,0.367300,2.5790,387.747,0.000000,0.000000,0.000000,0.0000,0.228908,0.003264,0.003264,0.000000,True
965,1,0.369879,2.6326,379.853,0.000000,0.000000,0.000000,0.0000,0.228896,0.003231,0.003231,0.000000,True
966,1,0.372512,2.5638,390.046,0.000000,0.000000,0.000000,0.0000,0.228896,0.003191,0.003191,0.000000,True
967,1,0.375076,2.5336,394.695,0.000000,0.000000,0.000000,0.0000,0.228918,0.003137,0.003137,0.000000,True
968,1,0.377610,2.5525,391.773,0.000000,0.000000,0.000000,0.0000,0.228959,0.003091,0.003091,0.000000,True
969,1,0.380163,2.5828,387.177,0.000000,0.000000,0.000000,0.0000,0.228984,0.003121,0.003121,0.000000,True
970,1,0.382746,2.6808,373.023,0.000000,0.000000,0.000000,0.0000,0.229008,0.003178,0.003178,0.000000,True
971,1,0.385427,2.5859,386.713,0.000000,0.000000,0.000000,0.0000,0.228999,0.003241,0.003241,0.000000,True
972,1,0.388014,2.5455,392.850,0.000000,0.000000,0.000000,0.0000,0.228987,0.003289,0.003289,0.000000,True
973,1,0.390559,2.6218,381.417,0.000000,0.000000,0.000000,0.0000,0.228977,0.003327,0.003327,0.000000,True
974,1,0.393183,2.9777,335.830,0.000000,0.000000,0.000000,0.0000,0.228965,0.003364,0.003364,0.000000,True
975,1,0.396161,2.6017,384.364,0.000000,0.000000,0.000000,0.0000,0.228938,0.003413,0.003413,0.000000,True
976,1,0.398763,2.5713,388.908,0.000000,0.000000,0.000000,0.0000,0.228925,0.003405,0.003405,0.000000,True
977,1,0.401335,2.6026,384.231,0.000000,0.000000,0.000000,0.0000,0.228925,0.003397,0.003397,0.000000,True
978,1,0.403938,2.5542,391.512,0.000000,0.000000,0.000000,0.0000,0.228916,0.003384,0.003384,0.000000,True
979,1,0.406493,2.5911,385.937,0.000000,0.000000,0.000000,0.0000,0.228922,0.003357,0.003357,0.000000,True
980,1,0.409084,2.5760,388.199,0.000000,0.000000,0.000000,0.0000,0.228944,0.003320,0.003320,0.000000,True
981,1,0.411661,2.6637,375.418,0.000000,0.000000,0.000000,0.0000,0.228985,0.003278,0.003278,0.000000,True
982,1,0.414325,2.5620,390.320,0.000000,0.000000,0.000000,0.0000,0.229014,0.003308,0.003308,0.000000,True
983,1,0.416887,2.6327,379.838,0.000000,0.000000,0.000000,0.0000,0.229044,0.004494,0.004494,0.000000,True
984,1,0.419520,2.7008,370.261,0.000000,0.000000,0.000000,0.0000,0.229065,0.003977,0.003977,0.000000,True
985,1,0.422221,2.6065,383.656,0.000000,0.000000,0.000000,0.0000,0.229080,0.004997,0.004997,0.000000,True
986,1,0.424828,2.6007,384.512,0.000000,0.000000,0.000000,0.0000,0.229103,0.005543,0.005543,0.000000,True
987,1,0.427429,2.5607,390.518,0.000000,0.000000,0.000000,0.0000,0.229106,0.005858,0.005858,0.000000,True
988,1,0.429990,2.6359,379.377,0.000000,0.000000,0.000000,0.0000,0.229095,0.006147,0.006147,0.000000,True
989,1,0.432627,2.5921,385.788,0.000000,0.000000,0.000000,0.0000,0.229093,0.006422,0.006422,0.000000,True
990,1,0.435219,2.5741,388.485,0.000000,0.000000,0.000000,0.0000,0.229092,0.006661,0.006661,0.000000,True
991,1,0.437794,2.5823,387.252,0.000000,0.000000,0.000000,0.0000,0.229101,0.006860,0.006860,0.000000,True
992,1,0.440377,2.5702,389.075,0.000000,0.000000,0.000000,0.0000,0.229122,0.007012,0.007012,0.000000,True
993,1,0.442947,2.5420,393.391,0.000000,0.000000,0.000000,0.0000,0.229151,0.007106,0.007106,0.000000,True
994,1,0.445489,2.6119,382.863,0.000000,0.000000,0.000000,0.0000,0.229198,0.007140,0.007140,0.000000,True
995,1,0.448102,2.5748,388.380,0.000000,0.000000,0.000000,0.0000,0.229240,0.007230,0.007230,0.000000,True
996,1,0.450677,2.6121,382.834,0.000000,0.000000,0.000000,0.0000,0.229267,0.007395,0.007395,0.000000,True
997,1,0.453289,2.5469,392.634,0.000000,0.000000,0.000000,0.0000,0.229288,0.007621,0.007621,0.000000,True
998,1,0.455836,2.6148,382.438,0.000000,0.000000,0.000000,0.0000,0.229277,0.007886,0.007886,0.000000,True
999,1,0.458452,2.8288,353.507,0.000000,0.000000,0.000000,0.0000,0.229267,0.008188,0.008188,0.000000,True
1000,1,0.461281,2.5828,387.177,0.000000,0.000000,0.000000,0.0000,0.229236,0.008536,0.008536,0.000000,True
1001,1,0.463864,2.7526,363.293,0.000000,0.000000,0.000000,0.0000,0.229190,0.008855,0.008855,0.000000,True
1002,1,0.466617,2.5835,387.072,0.000000,0.000000,0.000000,0.0000,0.229222,0.009138,0.009138,0.000000,True
1003,1,0.469201,2.8560,350.140,0.000000,0.000000,0.000000,0.0000,0.229266,0.009403,0.009403,0.000000,True
1004,1,0.472058,2.5912,385.922,0.000000,0.000000,0.000000,0.0000,0.229326,0.009655,0.009655,0.000000,True
1005,1,0.474650,2.7323,365.992,0.000000,0.000000,0.000000,0.0000,0.229392,0.009837,0.009837,0.000000,True
1006,1,0.477382,2.5669,389.575,0.000000,0.000000,0.000000,0.0000,0.229461,0.009957,0.009957,0.000000,True
1007,1,0.479950,2.6400,378.788,0.000000,0.000000,0.000000,0.0000,0.229535,0.010006,0.010006,0.000000,True
1008,1,0.482590,2.5349,394.493,0.000000,0.000000,0.000000,0.0000,0.229634,0.010099,0.010099,0.000000,True
1009,1,0.485125,2.6029,384.187,0.000000,0.000000,0.000000,0.0000,0.229722,0.010256,0.010256,0.000000,True
1010,1,0.487729,2.5508,392.034,0.000000,0.000000,0.000000,0.0000,0.229801,0.010472,0.010472,0.000000,True
1011,1,0.490280,2.6111,382.980,0.000000,0.000000,0.000000,0.0000,0.229861,0.010728,0.010728,0.000000,True
1012,1,0.492892,2.8167,355.025,0.000000,0.000000,0.000000,0.0000,0.229902,0.011019,0.011019,0.000000,True
1013,1,0.495709,2.5945,385.431,0.000000,0.000000,0.000000,0.0000,0.229921,0.011347,0.011347,0.000000,True
1014,1,0.498304,2.5451,392.912,0.000000,0.000000,0.000000,0.0000,0.229936,0.011658,0.011658,0.000000,True
1015,1,0.500849,2.6122,382.819,0.000000,0.000000,0.000000,0.0000,0.229944,0.011941,0.011941,0.000000,True
1016,1,0.503462,2.8769,347.596,0.000000,0.000000,0.000000,0.0000,0.229954,0.012191,0.012191,0.000000,True
1017,1,0.506339,2.5900,386.100,0.000000,0.000000,0.000000,0.0000,0.229971,0.012411,0.012411,0.000000,True
1018,1,0.508930,2.6277,380.561,0.000000,0.000000,0.000000,0.0000,0.229984,0.012562,0.012562,0.000000,True
1019,1,0.511558,2.5984,384.852,0.000000,0.000000,0.000000,0.0000,0.230002,0.012650,0.012650,0.000000,True
1020,1,0.514157,2.5539,391.558,0.000000,0.000000,0.000000,0.0000,0.230017,0.012677,0.012677,0.000000,True
1021,1,0.516711,2.5835,387.072,0.000000,0.000000,0.000000,0.0000,0.230097,0.012717,0.012717,0.000000,True
1022,1,0.519295,2.5612,390.442,0.000000,0.000000,0.000000,0.0000,0.230194,0.012800,0.012800,0.000000,True
1023,1,0.521856,2.6045,383.951,0.000000,0.000000,0.000000,0.0000,0.230299,0.012920,0.012920,0.000000,True
1024,1,0.524461,2.6070,383.583,0.000000,0.000000,0.000000,0.0000,0.230385,0.013069,0.013069,0.000000,True
1025,1,0.527069,2.6344,379.593,0.000000,0.000000,0.000000,0.0000,0.230473,0.013236,0.013236,0.000000,True
1026,1,0.529703,2.5389,393.871,0.000000,0.000000,0.000000,0.0000,0.230546,0.013412,0.013412,0.000000,True
1027,1,0.532243,2.5616,390.381,0.000000,0.000000,0.000000,0.0000,0.230599,0.013594,0.013594,0.000000,True
1028,1,0.534804,2.6159,382.278,0.000000,0.000000,0.000000,0.0000,0.230637,0.013761,0.013761,0.000000,True
1029,1,0.537421,2.6060,383.730,0.000000,0.000000,0.000000,0.0000,0.230675,0.013912,0.013912,0.000000,True
1030,1,0.540027,2.6151,382.395,0.000000,0.000000,0.000000,0.0000,0.230722,0.014041,0.014041,0.000000,True
1031,1,0.542643,2.5620,390.320,0.000000,0.000000,0.000000,0.0000,0.230737,0.014142,0.014142,0.000000,True
1032,1,0.545205,2.5419,393.407,0.000000,0.000000,0.000000,0.0000,0.230740,0.014210,0.014210,0.000000,True
1033,1,0.547747,2.5760,388.199,0.000000,0.000000,0.000000,0.0000,0.230730,0.014239,0.014239,0.000000,True
1034,1,0.550324,2.5511,391.988,0.000000,0.000000,0.000000,0.0000,0.230759,0.014251,0.014251,0.000000,True
1035,1,0.552875,2.5934,385.594,0.000000,0.000000,0.000000,0.0000,0.230838,0.014274,0.014274,0.000000,True
1036,1,0.555469,2.5458,392.804,0.000000,0.000000,0.000000,0.0000,0.230939,0.014318,0.014318,0.000000,True
1037,1,0.558015,2.5777,387.943,0.000000,0.000000,0.000000,0.0000,0.231048,0.014376,0.014376,0.000000,True
1038,1,0.560593,2.5680,389.408,0.000000,0.000000,0.000000,0.0000,0.231128,0.014443,0.014443,0.000000,True
1039,1,0.563162,2.6047,383.921,0.000000,0.000000,0.000000,0.0000,0.231209,0.014516,0.014516,0.000000,True
1040,1,0.565767,2.5859,386.713,0.000000,0.000000,0.000000,0.0000,0.231258,0.014590,0.014590,0.000000,True
1041,1,0.568353,2.5685,389.332,0.000000,0.000000,0.000000,0.0000,0.231296,0.014662,0.014662,0.000000,True
1042,1,0.570922,2.5948,385.386,0.000000,0.000000,0.000000,0.0000,0.231327,0.014727,0.014727,0.000000,True
1043,1,0.573518,2.9276,341.577,0.000000,0.000000,0.000000,0.0000,0.231364,0.014784,0.014784,0.000000,True
1044,1,0.576446,2.6393,378.888,0.000000,0.000000,0.000000,0.0000,0.231392,0.014832,0.014832,0.000000,True
1045,1,0.579086,2.5974,385.000,0.000000,0.000000,0.000000,0.0000,0.231391,0.014872,0.014872,0.000000,True
1046,1,0.581684,2.6133,382.658,0.000000,0.000000,0.000000,0.0000,0.231368,0.014893,0.014893,0.000000,True
1047,1,0.584297,2.5921,385.788,0.000000,0.000000,0.000000,0.0000,0.231387,0.014867,0.014867,0.000000,True
1048,1,0.586890,2.6246,381.010,0.000000,0.000000,0.000000,0.0000,0.231483,0.014791,0.014791,0.000000,True
1049,1,0.589515,2.5536,391.604,0.000000,0.000000,0.000000,0.0000,0.231618,0.014688,0.014688,0.000000,True
1050,1,0.592069,2.5660,389.712,0.000000,0.000000,0.000000,0.0000,0.231752,0.014569,0.014569,0.000000,True
1051,1,0.594635,2.6091,383.274,0.000000,0.000000,0.000000,0.0000,0.231885,0.014434,0.014434,0.000000,True
1052,1,0.597245,2.5714,388.893,0.000000,0.000000,0.000000,0.0000,0.232000,0.014288,0.014288,0.000000,True
1053,1,0.599817,2.6333,379.752,0.000000,0.000000,0.000000,0.0000,0.232099,0.014144,0.014144,0.000000,True
1054,1,0.602450,2.5892,386.220,0.000000,0.000000,0.000000,0.0000,0.232179,0.013998,0.013998,0.000000,True
1055,1,0.605040,2.5691,389.241,0.000000,0.000000,0.000000,0.0000,0.232261,0.013869,0.013869,0.000000,True
1056,1,0.607609,2.6783,373.371,0.000000,0.000000,0.000000,0.0000,0.232312,0.013758,0.013758,0.000000,True
1057,1,0.610288,2.7198,367.674,0.000000,0.000000,0.000000,0.0000,0.232358,0.013667,0.013667,0.000000,True
1058,1,0.613008,2.5829,387.162,0.000000,0.000000,0.000000,0.0000,0.232386,0.013613,0.013613,0.000000,True
1059,1,0.615591,2.5365,394.244,0.000000,0.000000,0.000000,0.0000,0.232400,0.013606,0.013606,0.000000,True
1060,1,0.618128,2.6562,376.478,0.000000,0.000000,0.000000,0.0000,0.232436,0.013575,0.013575,0.000000,True
1061,1,0.620785,2.6191,381.811,0.000000,0.000000,0.000000,0.0000,0.232576,0.013450,0.013450,0.000000,True
1062,1,0.623404,2.5720,388.803,0.000000,0.000000,0.000000,0.0000,0.232773,0.013269,0.013269,0.000000,True
1063,1,0.625977,2.6310,380.084,0.000000,0.000000,0.000000,0.0000,0.232986,0.013048,0.013048,0.000000,True
1064,1,0.628609,2.5642,389.985,0.000000,0.000000,0.000000,0.0000,0.233200,0.012789,0.012789,0.000000,True
1065,1,0.631173,2.5729,388.667,0.000000,0.000000,0.000000,0.0000,0.233387,0.012519,0.012519,0.000000,True
1066,1,0.633746,2.5521,391.834,0.000000,0.000000,0.000000,0.0000,0.233563,0.012240,0.012240,0.000000,True
1067,1,0.636298,2.6087,383.333,0.000000,0.000000,0.000000,0.0000,0.233713,0.011970,0.011970,0.000000,True
1068,1,0.638908,2.7833,359.286,0.000000,0.000000,0.000000,0.0000,0.233851,0.011709,0.011709,0.000000,True
1069,1,0.641691,2.6177,382.015,0.000000,0.000000,0.000000,0.0000,0.233981,0.011466,0.011466,0.000000,True
1070,1,0.644309,2.5819,387.312,0.000000,0.000000,0.000000,0.0000,0.234072,0.011305,0.011305,0.000000,True
1071,1,0.646892,2.6509,377.230,0.000000,0.000000,0.000000,0.0000,0.234128,0.011202,0.011202,0.000000,True
1072,1,0.649543,2.5904,386.041,0.000000,0.000000,0.000000,0.0000,0.234156,0.011166,0.011166,0.000000,True
1073,1,0.652134,2.6544,376.733,0.000000,0.000000,0.000000,0.0000,0.234196,0.011153,0.011153,0.000000,True
1074,1,0.654788,2.6140,382.556,0.000000,0.000000,0.000000,0.0000,0.234344,0.011053,0.011053,0.000000,True
1075,1,0.657403,2.6256,380.865,0.000000,0.000000,0.000000,0.0000,0.234591,0.010892,0.010892,0.000000,True
1076,1,0.660029,2.8308,353.257,0.000000,0.000000,0.000000,0.0000,0.234889,0.010697,0.010697,0.000000,True
1077,1,0.662861,2.5860,386.698,0.000000,0.000000,0.000000,0.0000,0.235226,0.010450,0.010450,0.000000,True
1078,1,0.665447,2.5937,385.550,0.000000,0.000000,0.000000,0.0000,0.235526,0.010218,0.010218,0.000000,True
1079,1,0.668041,2.6347,379.550,0.000000,0.000000,0.000000,0.0000,0.235811,0.009974,0.009974,0.000000,True
1080,1,0.670676,2.5558,391.267,0.000000,0.000000,0.000000,0.0000,0.236076,0.009730,0.009730,0.000000,True
1081,1,0.673232,2.5364,394.260,0.000000,0.000000,0.000000,0.0000,0.236302,0.009513,0.009513,0.000000,True
1082,1,0.675769,2.5647,389.909,0.000000,0.000000,0.000000,0.0000,0.236497,0.009324,0.009324,0.000000,True
1083,1,0.678334,2.6059,383.745,0.000000,0.000000,0.000000,0.0000,0.236676,0.009170,0.009170,0.000000,True
1084,1,0.680940,2.6055,383.804,0.000000,0.000000,0.000000,0.0000,0.236828,0.009067,0.009067,0.000000,True
1085,1,0.683546,2.6629,375.531,0.000000,0.000000,0.000000,0.0000,0.236908,0.009029,0.009029,0.000000,True
1086,1,0.686210,2.6417,378.544,0.000000,0.000000,0.000000,0.0000,0.236982,0.009022,0.009022,0.000000,True
1087,1,0.688852,2.6232,381.214,0.000000,0.000000,0.000000,0.0000,0.237202,0.008955,0.008955,0.000000,True
1088,1,0.691476,2.6801,373.120,0.000000,0.000000,0.000000,0.0000,0.237536,0.008863,0.008863,0.000000,True
1089,1,0.694156,2.6406,378.702,0.000000,0.000000,0.000000,0.0000,0.237962,0.008749,0.008749,0.000000,True
1090,1,0.696797,2.5795,387.672,0.000000,0.000000,0.000000,0.0000,0.238436,0.008625,0.008625,0.000000,True
1091,1,0.699377,2.6406,378.702,0.000000,0.000000,0.000000,0.0000,0.238889,0.008495,0.008495,0.000000,True
1092,1,0.702018,2.6431,378.344,0.000000,0.000000,0.000000,0.0000,0.239341,0.008355,0.008355,0.000000,True
1093,1,0.704662,2.6334,379.737,0.000000,0.000000,0.000000,0.0000,0.239775,0.008217,0.008217,0.000000,True
1094,1,0.707296,2.7725,360.685,0.000000,0.000000,0.000000,0.0000,0.240167,0.008086,0.008086,0.000000,True
1095,1,0.710069,2.7691,361.128,0.000000,0.000000,0.000000,0.0000,0.240521,0.007957,0.007957,0.000000,True
1096,1,0.712838,2.6169,382.132,0.000000,0.000000,0.000000,0.0000,0.240995,0.007853,0.007853,0.000000,True
1097,1,0.715456,2.6763,373.650,0.000000,0.000000,0.000000,0.0000,0.241383,0.007781,0.007781,0.000000,True
1098,1,0.718132,2.6072,383.553,0.000000,0.000000,0.000000,0.0000,0.241520,0.007739,0.007739,0.000000,True
1099,1,0.720740,2.6132,382.673,0.000000,0.000000,0.000000,0.0000,0.241620,0.007706,0.007706,0.000000,True
1100,1,0.723353,2.6561,376.492,0.000000,0.000000,0.000000,0.0000,0.242080,0.007648,0.007648,0.000000,True
1101,1,0.726010,2.6578,376.251,0.000000,0.000000,0.000000,0.0000,0.242860,0.007588,0.007588,0.000000,True
1102,1,0.728668,2.6567,376.407,0.000000,0.000000,0.000000,0.0000,0.243850,0.007526,0.007526,0.000000,True
1103,1,0.731326,2.6631,375.502,0.000000,0.000000,0.000000,0.0000,0.244987,0.007455,0.007455,0.000000,True
1104,1,0.733989,2.6209,381.548,0.000000,0.000000,0.000000,0.0000,0.246196,0.007373,0.007373,0.000000,True
1105,1,0.736610,2.6330,379.795,0.000000,0.000000,0.000000,0.0000,0.247379,0.007273,0.007273,0.000000,True
1106,1,0.739244,2.6389,378.946,0.000000,0.000000,0.000000,0.0000,0.248515,0.007150,0.007150,0.000000,True
1107,1,0.741883,2.6412,378.616,0.000000,0.000000,0.000000,0.0000,0.249499,0.007001,0.007001,0.000000,True
1108,1,0.744524,2.6172,382.088,0.000000,0.000000,0.000000,0.0000,0.250282,0.006825,0.006825,0.000000,True
1109,1,0.747142,2.6315,380.011,0.000000,0.000000,0.000000,0.0000,0.250805,0.006621,0.006621,0.000000,True
1110,1,0.749774,2.5924,385.743,0.000000,0.000000,0.000000,0.0000,0.251015,0.006332,0.006332,0.000000,True
1111,1,0.752366,2.5864,386.638,0.000000,0.000000,0.000000,0.0000,0.250856,0.006984,0.006984,0.000000,True
1112,1,0.754953,2.6326,379.853,0.000000,0.000000,0.000000,0.0000,0.250599,0.006923,0.006923,0.000000,True
1113,1,0.757586,2.7644,361.742,0.000000,0.000000,0.000000,0.0000,0.250661,0.007246,0.007246,0.000000,True
1114,1,0.760351,2.8751,347.814,0.000000,0.000000,0.000000,0.0000,0.251034,0.007340,0.007340,0.000000,True
1115,1,0.763227,2.6419,378.516,0.000000,0.000000,0.000000,0.0000,0.251671,0.007277,0.007277,0.000000,True
1116,1,0.765869,2.6081,383.421,0.000000,0.000000,0.000000,0.0000,0.252353,0.007700,0.007700,0.000000,True
1117,1,0.768478,2.5972,385.030,0.000000,0.000000,0.000000,0.0000,0.253102,0.008196,0.008196,0.000000,True
1118,1,0.771075,2.6657,375.136,0.000000,0.000000,0.000000,0.0000,0.253863,0.008664,0.008664,0.000000,True
1119,1,0.773742,2.6738,374.000,0.000000,0.000000,0.000000,0.0000,0.254617,0.009095,0.009095,0.000000,True
1120,1,0.776416,2.6560,376.506,0.000000,0.000000,0.000000,0.0000,0.255261,0.009485,0.009485,0.000000,True
1121,1,0.779072,2.6094,383.230,0.000000,0.000000,0.000000,0.0000,0.255781,0.009820,0.009820,0.000000,True
1122,1,0.781682,2.6176,382.029,0.000000,0.000000,0.000000,0.0000,0.256081,0.009885,0.009885,0.000000,True
1123,1,0.784300,2.5900,386.100,0.000000,0.000000,0.000000,0.0000,0.256144,0.010023,0.010023,0.000000,True
1124,1,0.786890,2.6201,381.665,0.000000,0.000000,0.000000,0.0000,0.255920,0.010169,0.010169,0.000000,True
1125,1,0.789511,2.5954,385.297,0.000000,0.000000,0.000000,0.0000,0.255688,0.010255,0.010255,0.000000,True
1126,1,0.792107,2.6361,379.348,0.000000,0.000000,0.000000,0.0000,0.255695,0.010279,0.010279,0.000000,True
1127,1,0.794743,2.6445,378.143,0.000000,0.000000,0.000000,0.0000,0.255900,0.010288,0.010288,0.000000,True
1128,1,0.797388,2.6188,381.854,0.000000,0.000000,0.000000,0.0000,0.256251,0.010300,0.010300,0.000000,True
1129,1,0.800008,2.6472,377.758,0.000000,0.000000,0.000000,0.0000,0.256699,0.010320,0.010320,0.000000,True
1130,1,0.802655,2.6424,378.444,0.000000,0.000000,0.000000,0.0000,0.257192,0.010340,0.010340,0.000000,True
1131,1,0.805299,2.8578,349.920,0.000000,0.000000,0.000000,0.0000,0.257689,0.010351,0.010351,0.000000,True
1132,1,0.808157,2.6873,372.121,0.000000,0.000000,0.000000,0.0000,0.258208,0.010342,0.010342,0.000000,True
1133,1,0.810845,2.6380,379.075,0.000000,0.000000,0.000000,0.0000,0.258613,0.010310,0.010310,0.000000,True
1134,1,0.813483,2.5673,389.514,0.000000,0.000000,0.000000,0.0000,0.258891,0.010236,0.010236,0.000000,True
1135,1,0.816051,2.5887,386.294,0.000000,0.000000,0.000000,0.0000,0.259018,0.010117,0.010117,0.000000,True
1136,1,0.818640,2.6046,383.936,0.000000,0.000000,0.000000,0.0000,0.258982,0.009958,0.009958,0.000000,True
1137,1,0.821245,2.5996,384.675,0.000000,0.000000,0.000000,0.0000,0.258743,0.009764,0.009764,0.000000,True
1138,1,0.823845,2.5732,388.621,0.000000,0.000000,0.000000,0.0000,0.258471,0.009571,0.009571,0.000000,True
1139,1,0.826418,2.5742,388.470,0.000000,0.000000,0.000000,0.0000,0.258289,0.009332,0.009332,0.000000,True
1140,1,0.828993,2.5694,389.196,0.000000,0.000000,0.000000,0.0000,0.258178,0.009254,0.009254,0.000000,True
1141,1,0.831563,2.5304,395.195,0.000000,0.000000,0.000000,0.0000,0.258130,0.009269,0.009269,0.000000,True
1142,1,0.834093,2.6157,382.307,0.000000,0.000000,0.000000,0.0000,0.258105,0.009328,0.009328,0.000000,True
1143,1,0.836711,2.6801,373.120,0.000000,0.000000,0.000000,0.0000,0.258117,0.009408,0.009408,0.000000,True
1144,1,0.839392,2.5901,386.086,0.000000,0.000000,0.000000,0.0000,0.258154,0.009490,0.009490,0.000000,True
1145,1,0.841982,2.5872,386.518,0.000000,0.000000,0.000000,0.0000,0.258187,0.009552,0.009552,0.000000,True
1146,1,0.844570,2.6375,379.147,0.000000,0.000000,0.000000,0.0000,0.258220,0.009610,0.009610,0.000000,True
1147,1,0.847208,2.5755,388.274,0.000000,0.000000,0.000000,0.0000,0.258236,0.009668,0.009668,0.000000,True
1148,1,0.849784,2.6367,379.262,0.000000,0.000000,0.000000,0.0000,0.258225,0.009706,0.009706,0.000000,True
1149,1,0.852421,2.5591,390.762,0.000000,0.000000,0.000000,0.0000,0.258164,0.009722,0.009722,0.000000,True
1150,1,0.854981,2.6607,375.841,0.000000,0.000000,0.000000,0.0000,0.258020,0.009708,0.009708,0.000000,True
1151,1,0.857642,2.7466,364.087,0.000000,0.000000,0.000000,0.0000,0.257814,0.009694,0.009694,0.000000,True
1152,1,0.860389,2.5743,388.455,0.000000,0.000000,0.000000,0.0000,0.257589,0.009719,0.009719,0.000000,True
1153,1,0.862963,2.5955,385.282,0.000000,0.000000,0.000000,0.0000,0.257347,0.009747,0.009747,0.000000,True
1154,1,0.865559,2.5808,387.477,0.000000,0.000000,0.000000,0.0000,0.257067,0.009771,0.009771,0.000000,True
1155,1,0.868140,2.6296,380.286,0.000000,0.000000,0.000000,0.0000,0.256774,0.009780,0.009780,0.000000,True
1156,1,0.870771,2.6713,374.350,0.000000,0.000000,0.000000,0.0000,0.256474,0.009772,0.009772,0.000000,True
1157,1,0.873442,2.6193,381.781,0.000000,0.000000,0.000000,0.0000,0.256174,0.009744,0.009744,0.000000,True
1158,1,0.876062,2.6296,380.286,0.000000,0.000000,0.000000,0.0000,0.255898,0.009685,0.009685,0.000000,True
1159,1,0.878692,2.6756,373.748,0.000000,0.000000,0.000000,0.0000,0.255649,0.009602,0.009602,0.000000,True
1160,1,0.881368,2.5671,389.545,0.000000,0.000000,0.000000,0.0000,0.255431,0.009494,0.009494,0.000000,True
1161,1,0.883935,2.5886,386.309,0.000000,0.000000,0.000000,0.0000,0.255255,0.009356,0.009356,0.000000,True
1162,1,0.886524,2.7121,368.718,0.000000,0.000000,0.000000,0.0000,0.255119,0.009202,0.009202,0.000000,True
1163,1,0.889237,2.5881,386.384,0.000000,0.000000,0.000000,0.0000,0.255038,0.009060,0.009060,0.000000,True
1164,1,0.891825,2.5976,384.971,0.000000,0.000000,0.000000,0.0000,0.254914,0.008969,0.008969,0.000000,True
1165,1,0.894423,2.5895,386.175,0.000000,0.000000,0.000000,0.0000,0.254690,0.008949,0.008949,0.000000,True
1166,1,0.897013,2.5599,390.640,0.000000,0.000000,0.000000,0.0000,0.254375,0.008956,0.008956,0.000000,True
1167,1,0.899573,2.5539,391.558,0.000000,0.000000,0.000000,0.0000,0.253994,0.008966,0.008966,0.000000,True
1168,1,0.902127,2.6407,378.688,0.000000,0.000000,0.000000,0.0000,0.253565,0.008970,0.008970,0.000000,True
1169,1,0.904768,2.5760,388.199,0.000000,0.000000,0.000000,0.0000,0.253090,0.008966,0.008966,0.000000,True
1170,1,0.907345,2.6440,378.215,0.000000,0.000000,0.000000,0.0000,0.252614,0.008942,0.008942,0.000000,True
1171,1,0.909989,2.6184,381.913,0.000000,0.000000,0.000000,0.0000,0.252141,0.008903,0.008903,0.000000,True
1172,1,0.912608,2.5954,385.297,0.000000,0.000000,0.000000,0.0000,0.251706,0.008843,0.008843,0.000000,True
1173,1,0.915204,2.5728,388.682,0.000000,0.000000,0.000000,0.0000,0.251330,0.008764,0.008764,0.000000,True
1174,1,0.917777,2.6376,379.133,0.000000,0.000000,0.000000,0.0000,0.251028,0.008668,0.008668,0.000000,True
1175,1,0.920416,2.8820,346.981,0.000000,0.000000,0.000000,0.0000,0.250830,0.008791,0.008791,0.000000,True
1176,1,0.923298,2.5947,385.401,0.000000,0.000000,0.000000,0.0000,0.250722,0.008779,0.008779,0.000000,True
1177,1,0.925894,2.6776,373.469,0.000000,0.000000,0.000000,0.0000,0.250644,0.008717,0.008717,0.000000,True
1178,1,0.928572,2.6123,382.804,0.000000,0.000000,0.000000,0.0000,0.250398,0.008675,0.008675,0.000000,True
1179,1,0.931185,2.5549,391.405,0.000000,0.000000,0.000000,0.0000,0.250006,0.008633,0.008633,0.000000,True
1180,1,0.933740,2.6359,379.377,0.000000,0.000000,0.000000,0.0000,0.249524,0.008602,0.008602,0.000000,True
1181,1,0.936376,2.5609,390.488,0.000000,0.000000,0.000000,0.0000,0.248952,0.008771,0.008771,0.000000,True
1182,1,0.938938,2.6381,379.061,0.000000,0.000000,0.000000,0.0000,0.248347,0.008909,0.008909,0.000000,True
1183,1,0.941576,2.5685,389.332,0.000000,0.000000,0.000000,0.0000,0.247724,0.009025,0.009025,0.000000,True
1184,1,0.944145,2.5940,385.505,0.000000,0.000000,0.000000,0.0000,0.247123,0.009087,0.009087,0.000000,True
1185,1,0.946739,2.5659,389.727,0.000000,0.000000,0.000000,0.0000,0.246581,0.009103,0.009103,0.000000,True
1186,1,0.949306,2.6368,379.248,0.000000,0.000000,0.000000,0.0000,0.246100,0.009060,0.009060,0.000000,True
1187,1,0.951943,2.6272,380.633,0.000000,0.000000,0.000000,0.0000,0.245722,0.008964,0.008964,0.000000,True
1188,1,0.954570,2.5832,387.117,0.000000,0.000000,0.000000,0.0000,0.245472,0.008805,0.008805,0.000000,True
1189,1,0.957154,2.6050,383.877,0.000000,0.000000,0.000000,0.0000,0.245375,0.008590,0.008590,0.000000,True
1190,1,0.959759,2.5761,388.184,0.000000,0.000000,0.000000,0.0000,0.245359,0.008383,0.008383,0.000000,True
1191,1,0.962336,2.6080,383.436,0.000000,0.000000,0.000000,0.0000,0.245179,0.008316,0.008316,0.000000,True
1192,1,0.964945,2.7313,366.126,0.000000,0.000000,0.000000,0.0000,0.244837,0.008334,0.008334,0.000000,True
1193,1,0.967676,2.6018,384.349,0.000000,0.000000,0.000000,0.0000,0.244345,0.008398,0.008398,0.000000,True
1194,1,0.970278,2.5659,389.727,0.000000,0.000000,0.000000,0.0000,0.243800,0.008442,0.008442,0.000000,True
1195,1,0.972845,2.5975,384.986,0.000000,0.000000,0.000000,0.0000,0.243194,0.008454,0.008454,0.000000,True
1196,1,0.975443,2.6794,373.218,0.000000,0.000000,0.000000,0.0000,0.242561,0.008425,0.008425,0.000000,True
1197,1,0.978123,2.5966,385.119,0.000000,0.000000,0.000000,0.0000,0.241920,0.008350,0.008350,0.000000,True
1198,1,0.980719,2.6058,383.759,0.000000,0.000000,0.000000,0.0000,0.241348,0.008196,0.008196,0.000000,True
1199,1,0.983326,2.6206,381.592,0.000000,0.000000,0.000000,0.0000,0.240864,0.007985,0.007985,0.000000,True
1200,1,0.985947,2.5726,388.712,0.000000,0.000000,0.000000,0.0000,0.240471,0.007723,0.007723,0.000000,True
1201,1,0.988519,2.5983,384.867,0.000000,0.000000,0.000000,0.0000,0.240227,0.007419,0.007419,0.000000,True
1202,1,0.991119,2.6379,379.089,0.000000,0.000000,0.000000,0.0000,0.240148,0.007095,0.007095,0.000000,True
1203,1,0.993757,2.5945,385.431,0.000000,0.000000,0.000000,0.0000,0.240190,0.006803,0.006803,0.000000,True
1204,1,0.996352,2.5887,386.294,0.000000,0.000000,0.000000,0.0000,0.240087,0.006673,0.006673,0.000000,True
1205,1,0.998941,2.6302,380.199,0.000000,0.000000,0.000000,0.0000,0.239838,0.006635,0.006635,0.000000,True
1206,1,1.001572,2.5658,389.742,0.000000,0.000000,0.000000,0.0000,0.239465,0.006630,0.006630,0.000000,True
1207,1,1.004138,2.6137,382.599,0.000000,0.000000,0.000000,0.0000,0.239016,0.006610,0.006610,0.000000,True
1208,1,1.006752,2.5499,392.172,0.000000,0.000000,0.000000,0.0000,0.238500,0.006566,0.006566,0.000000,True
1209,1,1.009302,2.5907,385.996,0.000000,0.000000,0.000000,0.0000,0.237982,0.006471,0.006471,0.000000,True
1210,1,1.011894,2.5912,385.922,0.000000,0.000000,0.000000,0.0000,0.237442,0.006340,0.006340,0.000000,True
1211,1,1.014485,2.6284,380.460,0.000000,0.000000,0.000000,0.0000,0.236935,0.006168,0.006168,0.000000,True
1212,1,1.017114,2.5966,385.119,0.000000,0.000000,0.000000,0.0000,0.236486,0.005965,0.005965,0.000000,True
1213,1,1.019711,2.6113,382.951,0.000000,0.000000,0.000000,0.0000,0.236333,0.005732,0.005732,0.000000,True
1214,1,1.022323,2.5326,394.851,0.000000,0.000000,0.000000,0.0000,0.236275,0.005490,0.005490,0.000000,True
1215,1,1.024856,2.5913,385.907,0.000000,0.000000,0.000000,0.0000,0.236300,0.005245,0.005245,0.000000,True
1216,1,1.027448,2.6182,381.942,0.000000,0.000000,0.000000,0.0000,0.236394,0.005028,0.005028,0.000000,True
1217,1,1.030066,2.6152,382.380,0.000000,0.000000,0.000000,0.0000,0.236440,0.004937,0.004937,0.000000,True
1218,1,1.032682,2.5463,392.727,0.000000,0.000000,0.000000,0.0000,0.236428,0.004917,0.004917,0.000000,True
1219,1,1.035228,2.5699,389.120,0.000000,0.000000,0.000000,0.0000,0.236348,0.004909,0.004909,0.000000,True
1220,1,1.037799,2.5825,387.222,0.000000,0.000000,0.000000,0.0000,0.236222,0.004891,0.004891,0.000000,True
1221,1,1.040381,2.5735,388.576,0.000000,0.000000,0.000000,0.0000,0.236057,0.004849,0.004849,0.000000,True
1222,1,1.042955,2.6191,381.811,0.000000,0.000000,0.000000,0.0000,0.235871,0.004862,0.004862,0.000000,True
1223,1,1.045575,2.6091,383.274,0.000000,0.000000,0.000000,0.0000,0.235670,0.004912,0.004912,0.000000,True
1224,1,1.048184,2.5947,385.401,0.000000,0.000000,0.000000,0.0000,0.235475,0.004950,0.004950,0.000000,True
1225,1,1.050779,2.5717,388.848,0.000000,0.000000,0.000000,0.0000,0.235301,0.004975,0.004975,0.000000,True
1226,1,1.053351,2.5810,387.447,0.000000,0.000000,0.000000,0.0000,0.235157,0.004987,0.004987,0.000000,True
1227,1,1.055932,2.5695,389.181,0.000000,0.000000,0.000000,0.0000,0.235053,0.004987,0.004987,0.000000,True
1228,1,1.058502,2.6001,384.601,0.000000,0.000000,0.000000,0.0000,0.235010,0.004975,0.004975,0.000000,True
1229,1,1.061102,2.6705,374.462,0.000000,0.000000,0.000000,0.0000,0.235022,0.004953,0.004953,0.000000,True
1230,1,1.063773,2.6382,379.046,0.000000,0.000000,0.000000,0.0000,0.235007,0.004966,0.004966,0.000000,True
1231,1,1.066412,2.5994,384.704,0.000000,0.000000,0.000000,0.0000,0.234931,0.005015,0.005015,0.000000,True
1232,1,1.069012,2.5836,387.057,0.000000,0.000000,0.000000,0.0000,0.234808,0.005079,0.005079,0.000000,True
1233,1,1.071595,2.5869,386.563,0.000000,0.000000,0.000000,0.0000,0.234647,0.005147,0.005147,0.000000,True
1234,1,1.074183,2.5913,385.907,0.000000,0.000000,0.000000,0.0000,0.234462,0.005214,0.005214,0.000000,True
1235,1,1.076774,2.6471,377.772,0.000000,0.000000,0.000000,0.0000,0.234260,0.005276,0.005276,0.000000,True
1236,1,1.079421,2.5657,389.757,0.000000,0.000000,0.000000,0.0000,0.234046,0.005734,0.005734,0.000000,True
1237,1,1.081988,2.5317,394.992,0.000000,0.000000,0.000000,0.0000,0.233846,0.005654,0.005654,0.000000,True
1238,1,1.084520,2.5409,393.561,0.000000,0.000000,0.000000,0.0000,0.233667,0.005971,0.005971,0.000000,True
1239,1,1.087061,2.5520,391.850,0.000000,0.000000,0.000000,0.0000,0.233516,0.005794,0.005794,0.000000,True
1240,1,1.089613,2.6538,376.818,0.000000,0.000000,0.000000,0.0000,0.233406,0.006121,0.006121,0.000000,True
1241,1,1.092267,2.6213,381.490,0.000000,0.000000,0.000000,0.0000,0.233345,0.005874,0.005874,0.000000,True
1242,1,1.094889,2.5529,391.711,0.000000,0.000000,0.000000,0.0000,0.233353,0.006175,0.006175,0.000000,True
1243,1,1.097442,2.5866,386.608,0.000000,0.000000,0.000000,0.0000,0.233366,0.005900,0.005900,0.000000,True
1244,1,1.100029,2.5519,391.865,0.000000,0.000000,0.000000,0.0000,0.233348,0.006249,0.006249,0.000000,True
1245,1,1.102581,2.6183,381.927,0.000000,0.000000,0.000000,0.0000,0.233274,0.006011,0.006011,0.000000,True
1246,1,1.105200,2.6276,380.575,0.000000,0.000000,0.000000,0.0000,0.233166,0.006421,0.006421,0.000000,True
1247,1,1.107828,2.6058,383.759,0.000000,0.000000,0.000000,0.0000,0.233042,0.006168,0.006168,0.000000,True
1248,1,1.110434,2.5885,386.324,0.000000,0.000000,0.000000,0.0000,0.232907,0.006643,0.006643,0.000000,True
1249,1,1.113023,2.5534,391.635,0.000000,0.000000,0.000000,0.0000,0.232749,0.006862,0.006862,0.000000,True
1250,1,1.115576,2.5913,385.907,0.000000,0.000000,0.000000,0.0000,0.232593,0.006982,0.006982,0.000000,True
1251,1,1.118168,2.5664,389.651,0.000000,0.000000,0.000000,0.0000,0.232445,0.007093,0.007093,0.000000,True
1252,1,1.120735,2.6225,381.316,0.000000,0.000000,0.000000,0.0000,0.232335,0.007189,0.007189,0.000000,True
1253,1,1.123360,2.6289,380.387,0.000000,0.000000,0.000000,0.0000,0.232240,0.007268,0.007268,0.000000,True
1254,1,1.125989,2.5705,389.029,0.000000,0.000000,0.000000,0.0000,0.232190,0.007321,0.007321,0.000000,True
1255,1,1.128560,2.5280,395.570,0.000000,0.000000,0.000000,0.0000,0.232197,0.007342,0.007342,0.000000,True
1256,1,1.131088,2.5728,388.682,0.000000,0.000000,0.000000,0.0000,0.232229,0.007354,0.007354,0.000000,True
1257,1,1.133661,2.5392,393.825,0.000000,0.000000,0.000000,0.0000,0.232237,0.007397,0.007397,0.000000,True
1258,1,1.136201,2.6032,384.143,0.000000,0.000000,0.000000,0.0000,0.232199,0.007464,0.007464,0.000000,True
1259,1,1.138804,2.5866,386.608,0.000000,0.000000,0.000000,0.0000,0.232131,0.007553,0.007553,0.000000,True
1260,1,1.141391,2.6221,381.374,0.000000,0.000000,0.000000,0.0000,0.232041,0.007654,0.007654,0.000000,True
1261,1,1.144015,2.5566,391.145,0.000000,0.000000,0.000000,0.0000,0.231928,0.007767,0.007767,0.000000,True
1262,1,1.146571,2.5488,392.342,0.000000,0.000000,0.000000,0.0000,0.231809,0.007881,0.007881,0.000000,True
1263,1,1.149120,2.8129,355.505,0.000000,0.000000,0.000000,0.0000,0.231687,0.007993,0.007993,0.000000,True
1264,1,1.151934,2.6731,374.098,0.000000,0.000000,0.000000,0.0000,0.231555,0.008109,0.008109,0.000000,True
1265,1,1.154608,2.5808,387.477,0.000000,0.000000,0.000000,0.0000,0.231450,0.008206,0.008206,0.000000,True
1266,1,1.157189,2.9645,337.325,0.000000,0.000000,0.000000,0.0000,0.231377,0.008282,0.008282,0.000000,True
1267,1,1.160154,3.1886,313.617,0.000000,0.000000,0.000000,0.0000,0.231332,0.008341,0.008341,0.000000,True
1268,1,1.163343,2.6463,377.886,0.000000,0.000000,0.000000,0.0000,0.231347,0.008362,0.008362,0.000000,True
1269,1,1.165990,2.7771,360.088,0.000000,0.000000,0.000000,0.0000,0.231376,0.008377,0.008377,0.000000,True
1270,1,1.168767,2.5521,391.834,0.000000,0.000000,0.000000,0.0000,0.231368,0.008418,0.008418,0.000000,True
1271,1,1.171320,2.5999,384.630,0.000000,0.000000,0.000000,0.0000,0.231339,0.008473,0.008473,0.000000,True
1272,1,1.173920,2.8754,347.778,0.000000,0.000000,0.000000,0.0000,0.231290,0.008542,0.008542,0.000000,True
1273,1,1.176796,2.5923,385.758,0.000000,0.000000,0.000000,0.0000,0.231210,0.008630,0.008630,0.000000,True
1274,1,1.179388,2.6087,383.333,0.000000,0.000000,0.000000,0.0000,0.231133,0.008715,0.008715,0.000000,True
1275,1,1.181997,2.5544,391.481,0.000000,0.000000,0.000000,0.0000,0.231050,0.008802,0.008802,0.000000,True
1276,1,1.184552,2.5483,392.419,0.000000,0.000000,0.000000,0.0000,0.230971,0.008884,0.008884,0.000000,True
1277,1,1.187101,2.5795,387.672,0.000000,0.000000,0.000000,0.0000,0.230900,0.008959,0.008959,0.000000,True
1278,1,1.189680,2.5690,389.257,0.000000,0.000000,0.000000,0.0000,0.230843,0.009025,0.009025,0.000000,True
1279,1,1.192250,2.5379,394.027,0.000000,0.000000,0.000000,0.0000,0.230808,0.009077,0.009077,0.000000,True
1280,1,1.194788,2.6309,380.098,0.000000,0.000000,0.000000,0.0000,0.230803,0.009110,0.009110,0.000000,True
1281,1,1.197419,2.5794,387.687,0.000000,0.000000,0.000000,0.0000,0.230833,0.009122,0.009122,0.000000,True
1282,1,1.199999,2.5861,386.683,0.000000,0.000000,0.000000,0.0000,0.230887,0.009130,0.009130,0.000000,True
1283,1,1.202585,2.6288,380.402,0.000000,0.000000,0.000000,0.0000,0.230895,0.009152,0.009152,0.000000,True
1284,1,1.205214,2.5811,387.432,0.000000,0.000000,0.000000,0.0000,0.230882,0.009186,0.009186,0.000000,True
1285,1,1.207796,2.5755,388.274,0.000000,0.000000,0.000000,0.0000,0.230854,0.009230,0.009230,0.000000,True
1286,1,1.210372,2.5995,384.689,0.000000,0.000000,0.000000,0.0000,0.230813,0.009279,0.009279,0.000000,True
1287,1,1.212971,2.5297,395.304,0.000000,0.000000,0.000000,0.0000,0.230763,0.009334,0.009334,0.000000,True
1288,1,1.215501,2.6249,380.967,0.000000,0.000000,0.000000,0.0000,0.230712,0.009388,0.009388,0.000000,True
1289,1,1.218127,2.6131,382.687,0.000000,0.000000,0.000000,0.0000,0.230659,0.009444,0.009444,0.000000,True
1290,1,1.220740,2.6178,382.000,0.000000,0.000000,0.000000,0.0000,0.230613,0.009496,0.009496,0.000000,True
1291,1,1.223358,2.5607,390.518,0.000000,0.000000,0.000000,0.0000,0.230578,0.009542,0.009542,0.000000,True
1292,1,1.225919,2.6429,378.372,0.000000,0.000000,0.000000,0.0000,0.230558,0.009578,0.009578,0.000000,True
1293,1,1.228563,2.5610,390.473,0.000000,0.000000,0.000000,0.0000,0.230555,0.009604,0.009604,0.000000,True
1294,1,1.231124,2.6160,382.263,0.000000,0.000000,0.000000,0.0000,0.230576,0.009616,0.009616,0.000000,True
1295,1,1.233741,2.5846,386.907,0.000000,0.000000,0.000000,0.0000,0.230586,0.009620,0.009620,0.000000,True
1296,1,1.236326,2.6049,383.892,0.000000,0.000000,0.000000,0.0000,0.230599,0.009631,0.009631,0.000000,True
1297,1,1.238931,2.6060,383.730,0.000000,0.000000,0.000000,0.0000,0.230601,0.009649,0.009649,0.000000,True
1298,1,1.241537,2.5370,394.166,0.000000,0.000000,0.000000,0.0000,0.230586,0.009674,0.009674,0.000000,True
1299,1,1.244075,2.4943,400.914,0.000000,0.000000,0.000000,0.0000,0.230559,0.009703,0.009703,0.000000,True
1300,1,1.246569,2.5368,394.197,0.000000,0.000000,0.000000,0.0000,0.230545,0.009735,0.009735,0.000000,True
1301,1,1.249107,2.5843,386.952,0.000000,0.000000,0.000000,0.0000,0.230509,0.009768,0.009768,0.000000,True
1302,1,1.251691,2.5608,390.503,0.000000,0.000000,0.000000,0.0000,0.230475,0.009802,0.009802,0.000000,True
1303,1,1.254253,2.5542,391.512,0.000000,0.000000,0.000000,0.0000,0.230442,0.009835,0.009835,0.000000,True
1304,1,1.256807,2.5626,390.229,0.000000,0.000000,0.000000,0.0000,0.230415,0.009864,0.009864,0.000000,True
1305,1,1.259370,2.5575,391.007,0.000000,0.000000,0.000000,0.0000,0.230406,0.009889,0.009889,0.000000,True
1306,1,1.261928,2.5764,388.139,0.000000,0.000000,0.000000,0.0000,0.230377,0.009907,0.009907,0.000000,True
1307,1,1.264505,2.5504,392.095,0.000000,0.000000,0.000000,0.0000,0.230378,0.009919,0.009919,0.000000,True
1308,1,1.267056,2.6295,380.300,0.000000,0.000000,0.000000,0.0000,0.230391,0.009922,0.009922,0.000000,True
1309,1,1.269686,2.5626,390.229,0.000000,0.000000,0.000000,0.0000,0.230398,0.009924,0.009924,0.000000,True
1310,1,1.272248,2.5876,386.459,0.000000,0.000000,0.000000,0.0000,0.230391,0.009929,0.009929,0.000000,True
1311,1,1.274836,2.5626,390.229,0.000000,0.000000,0.000000,0.0000,0.230377,0.009936,0.009936,0.000000,True
1312,1,1.277399,2.6377,379.118,0.000000,0.000000,0.000000,0.0000,0.230359,0.009945,0.009945,0.000000,True
1313,1,1.280037,2.5557,391.282,0.000000,0.000000,0.000000,0.0000,0.230331,0.009956,0.009956,0.000000,True
1314,1,1.282593,2.6332,379.766,0.000000,0.000000,0.000000,0.0000,0.230305,0.009968,0.009968,0.000000,True
1315,1,1.285227,2.5907,385.996,0.000000,0.000000,0.000000,0.0000,0.230270,0.009980,0.009980,0.000000,True
1316,1,1.287818,2.5917,385.847,0.000000,0.000000,0.000000,0.0000,0.230244,0.009992,0.009992,0.000000,True
1317,1,1.290410,2.5685,389.332,0.000000,0.000000,0.000000,0.0000,0.230213,0.010003,0.010003,0.000000,True
1318,1,1.292979,2.5926,385.713,0.000000,0.000000,0.000000,0.0000,0.230204,0.010013,0.010013,0.000000,True
1319,1,1.295572,2.6091,383.274,0.000000,0.000000,0.000000,0.0000,0.230206,0.010021,0.010021,0.000000,True
1320,1,1.298181,2.6263,380.764,0.000000,0.000000,0.000000,0.0000,0.230221,0.010026,0.010026,0.000000,True
1321,1,1.300808,2.6007,384.512,0.000000,0.000000,0.000000,0.0000,0.230247,0.010028,0.010028,0.000000,True
1322,1,1.303410,2.7219,367.390,0.000000,0.000000,0.000000,0.0000,0.230273,0.010017,0.010017,0.000000,True
1323,1,1.306132,2.5852,386.817,0.000000,0.000000,0.000000,0.0000,0.230296,0.009996,0.009996,0.000000,True
1324,1,1.308717,2.5585,390.854,0.000000,0.000000,0.000000,0.0000,0.230312,0.009968,0.009968,0.000000,True
1325,1,1.311276,2.5878,386.429,0.000000,0.000000,0.000000,0.0000,0.230324,0.009936,0.009936,0.000000,True
1326,1,1.313864,2.6196,381.738,0.000000,0.000000,0.000000,0.0000,0.230345,0.009899,0.009899,0.000000,True
1327,1,1.316484,2.6002,384.586,0.000000,0.000000,0.000000,0.0000,0.230351,0.009861,0.009861,0.000000,True
1328,1,1.319085,2.5428,393.267,0.000000,0.000000,0.000000,0.0000,0.230358,0.009822,0.009822,0.000000,True
1329,1,1.321628,2.6436,378.272,0.000000,0.000000,0.000000,0.0000,0.230367,0.009787,0.009787,0.000000,True
1330,1,1.324272,2.5562,391.206,0.000000,0.000000,0.000000,0.0000,0.230377,0.009753,0.009753,0.000000,True
1331,1,1.326828,2.5926,385.713,0.000000,0.000000,0.000000,0.0000,0.230389,0.009725,0.009725,0.000000,True
1332,1,1.329421,2.6081,383.421,0.000000,0.000000,0.000000,0.0000,0.230402,0.009704,0.009704,0.000000,True
1333,1,1.332029,2.5816,387.357,0.000000,0.000000,0.000000,0.0000,0.230413,0.009692,0.009692,0.000000,True
1334,1,1.334612,2.7132,368.569,0.000000,0.000000,0.000000,0.0000,0.230424,0.009690,0.009690,0.000000,True
1335,1,1.337325,2.5895,386.175,0.000000,0.000000,0.000000,0.0000,0.230450,0.009661,0.009661,0.000000,True
1336,1,1.339915,2.5290,395.413,0.000000,0.000000,0.000000,0.0000,0.230495,0.009596,0.009596,0.000000,True
1337,1,1.342445,2.6141,382.541,0.000000,0.000000,0.000000,0.0000,0.230569,0.009508,0.009508,0.000000,True
1338,1,1.345059,2.6179,381.986,0.000000,0.000000,0.000000,0.0000,0.230643,0.009396,0.009396,0.000000,True
1339,1,1.347677,2.5793,387.702,0.000000,0.000000,0.000000,0.0000,0.230729,0.009270,0.009270,0.000000,True
1340,1,1.350257,2.6099,383.156,0.000000,0.000000,0.000000,0.0000,0.230822,0.009137,0.009137,0.000000,True
1341,1,1.352867,2.8908,345.925,0.000000,0.000000,0.000000,0.0000,0.230919,0.009001,0.009001,0.000000,True
1342,1,1.355759,2.5800,387.597,0.000000,0.000000,0.000000,0.0000,0.231026,0.008854,0.008854,0.000000,True
1343,1,1.358339,2.5956,385.267,0.000000,0.000000,0.000000,0.0000,0.231114,0.008737,0.008737,0.000000,True
1344,1,1.360935,2.5276,395.632,0.000000,0.000000,0.000000,0.0000,0.231189,0.008636,0.008636,0.000000,True
1345,1,1.363463,2.5341,394.617,0.000000,0.000000,0.000000,0.0000,0.231240,0.008561,0.008561,0.000000,True
1346,1,1.365997,2.5050,399.202,0.000000,0.000000,0.000000,0.0000,0.231262,0.008513,0.008513,0.000000,True
1347,1,1.368502,2.5543,391.497,0.000000,0.000000,0.000000,0.0000,0.231251,0.008500,0.008500,0.000000,True
1348,1,1.371057,2.5453,392.881,0.000000,0.000000,0.000000,0.0000,0.231254,0.008457,0.008457,0.000000,True
1349,1,1.373603,2.5655,389.788,0.000000,0.000000,0.000000,0.0000,0.231306,0.008339,0.008339,0.000000,True
1350,1,1.376169,2.6255,380.880,0.000000,0.000000,0.000000,0.0000,0.231398,0.008162,0.008162,0.000000,True
1351,1,1.378795,2.6005,384.541,0.000000,0.000000,0.000000,0.0000,0.231537,0.007934,0.007934,0.000000,True
1352,1,1.381396,2.6005,384.541,0.000000,0.000000,0.000000,0.0000,0.231697,0.007675,0.007675,0.000000,True
1353,1,1.383997,2.5858,386.728,0.000000,0.000000,0.000000,0.0000,0.231897,0.007396,0.007396,0.000000,True
1354,1,1.386583,2.5859,386.713,0.000000,0.000000,0.000000,0.0000,0.232106,0.007112,0.007112,0.000000,True
1355,1,1.389169,2.5896,386.160,0.000000,0.000000,0.000000,0.0000,0.232310,0.006834,0.006834,0.000000,True
1356,1,1.391759,7.0750,141.343,0.000000,0.000000,0.000000,0.0000,0.232494,0.006575,0.006575,0.000000,True
1357,1,1.398835,2.5289,395.429,0.000000,0.000000,0.000000,0.0000,0.232863,0.006046,0.006046,0.000000,True
1358,1,1.401364,2.5727,388.697,0.000000,0.000000,0.000000,0.0000,0.232903,0.005998,0.005998,0.000000,True
1359,1,1.403937,2.6146,382.468,0.000000,0.000000,0.000000,0.0000,0.232885,0.005976,0.005976,0.000000,True
1360,1,1.406552,2.6490,377.501,0.000000,0.000000,0.000000,0.0000,0.232902,0.005848,0.005848,0.000000,True
1361,1,1.409202,2.5578,390.961,0.000000,0.000000,0.000000,0.0000,0.232992,0.005611,0.005611,0.000000,True
1362,1,1.411760,2.5687,389.302,0.000000,0.000000,0.000000,0.0000,0.233130,0.004892,0.004892,0.000000,True
1363,1,1.414329,2.5537,391.589,0.000000,0.000000,0.000000,0.0000,0.233313,0.004839,0.004839,0.000000,True
1364,1,1.416883,2.5427,393.283,0.000000,0.000000,0.000000,0.0000,0.233526,0.004266,0.004266,0.000000,True
1365,1,1.419426,2.7842,359.170,0.000000,0.000000,0.000000,0.0000,0.233771,0.003782,0.003782,0.000000,True
1366,1,1.422211,2.9366,340.530,0.000000,0.000000,0.000000,0.0000,0.234037,0.003638,0.003638,0.000000,True
1367,1,1.425148,2.5826,387.207,0.000000,0.000000,0.000000,0.0000,0.234304,0.003701,0.003701,0.000000,True
1368,1,1.427731,2.5521,391.834,0.000000,0.000000,0.000000,0.0000,0.234492,0.003852,0.003852,0.000000,True
1369,1,1.430284,2.5979,384.926,0.000000,0.000000,0.000000,0.0000,0.234637,0.003999,0.003999,0.000000,True
1370,1,1.432882,2.5452,392.896,0.000000,0.000000,0.000000,0.0000,0.234697,0.004138,0.004138,0.000000,True
1371,1,1.435427,2.5772,388.018,0.000000,0.000000,0.000000,0.0000,0.234679,0.004274,0.004274,0.000000,True
1372,1,1.438005,2.5713,388.908,0.000000,0.000000,0.000000,0.0000,0.234582,0.004384,0.004384,0.000000,True
1373,1,1.440576,2.5781,387.883,0.000000,0.000000,0.000000,0.0000,0.234576,0.004371,0.004371,0.000000,True
1374,1,1.443155,2.9016,344.638,0.000000,0.000000,0.000000,0.0000,0.234696,0.004309,0.004309,0.000000,True
1375,1,1.446057,2.5985,384.837,0.000000,0.000000,0.000000,0.0000,0.234974,0.004219,0.004219,0.000000,True
1376,1,1.448656,2.5695,389.181,0.000000,0.000000,0.000000,0.0000,0.235293,0.004192,0.004192,0.000000,True
1377,1,1.451226,2.5834,387.087,0.000000,0.000000,0.000000,0.0000,0.235660,0.004174,0.004174,0.000000,True
1378,1,1.453810,2.5881,386.384,0.000000,0.000000,0.000000,0.0000,0.236056,0.004155,0.004155,0.000000,True
1379,1,1.456398,2.6279,380.532,0.000000,0.000000,0.000000,0.0000,0.236456,0.003531,0.003531,0.000000,True
1380,1,1.459027,2.5912,385.922,0.000000,0.000000,0.000000,0.0000,0.236848,0.003142,0.003142,0.000000,True
1381,1,1.461618,2.5750,388.350,0.000000,0.000000,0.000000,0.0000,0.237170,0.002993,0.002993,0.000000,True
1382,1,1.464194,2.5786,387.807,0.000000,0.000000,0.000000,0.0000,0.237390,0.002950,0.002950,0.000000,True
1383,1,1.466772,2.5533,391.650,0.000000,0.000000,0.000000,0.0000,0.237509,0.002968,0.002968,0.000000,True
1384,1,1.469326,2.5585,390.854,0.000000,0.000000,0.000000,0.0000,0.237507,0.003039,0.003039,0.000000,True
1385,1,1.471885,2.5994,384.704,0.000000,0.000000,0.000000,0.0000,0.237357,0.003147,0.003147,0.000000,True
1386,1,1.474484,2.5356,394.384,0.000000,0.000000,0.000000,0.0000,0.237318,0.003103,0.003103,0.000000,True
1387,1,1.477020,2.5643,389.970,0.000000,0.000000,0.000000,0.0000,0.237408,0.002951,0.002951,0.000000,True
1388,1,1.479585,2.6494,377.444,0.000000,0.000000,0.000000,0.0000,0.237625,0.002749,0.002749,0.000000,True
1389,1,1.482235,2.5667,389.605,0.000000,0.000000,0.000000,0.0000,0.237955,0.002512,0.002512,0.000000,True
1390,1,1.484802,2.6094,383.230,0.000000,0.000000,0.000000,0.0000,0.238339,0.002286,0.002286,0.000000,True
1391,1,1.487412,2.5890,386.250,0.000000,0.000000,0.000000,0.0000,0.238775,0.002045,0.002045,0.000000,True
1392,1,1.490001,2.5975,384.986,0.000000,0.000000,0.000000,0.0000,0.239215,0.001816,0.001816,0.000000,True
1393,1,1.492599,2.5767,388.093,0.000000,0.000000,0.000000,0.0000,0.239633,0.001600,0.001600,0.000000,True
1394,1,1.495176,2.6144,382.497,0.000000,0.000000,0.000000,0.0000,0.239991,0.001417,0.001417,0.000000,True
1395,1,1.497791,2.5654,389.803,0.000000,0.000000,0.000000,0.0000,0.240288,0.001272,0.001272,0.000000,True
1396,1,1.500357,2.5826,387.207,0.000000,0.000000,0.000000,0.0000,0.240440,0.001203,0.001203,0.000000,True
1397,1,1.502940,2.6677,374.855,0.000000,0.000000,0.000000,0.0000,0.240456,0.001216,0.001216,0.000000,True
1398,1,1.505608,2.5871,386.533,0.000000,0.000000,0.000000,0.0000,0.240309,0.001336,0.001336,0.000000,True
1399,1,1.508196,2.6379,379.089,0.000000,0.000000,0.000000,0.0000,0.240204,0.001346,0.001346,0.000000,True
1400,1,1.510835,2.6022,384.290,0.000000,0.000000,0.000000,0.0000,0.240216,0.001159,0.001159,0.000000,True
1401,1,1.513437,2.6128,382.731,0.000000,0.000000,0.000000,0.0000,0.240367,0.001102,0.001102,0.000000,True
1402,1,1.516050,2.5475,392.542,0.000000,0.000000,0.000000,0.0000,0.240614,0.001134,0.001134,0.000000,True
1403,1,1.518598,2.6312,380.055,0.000000,0.000000,0.000000,0.0000,0.240914,0.001169,0.001169,0.000000,True
1404,1,1.521230,2.5814,387.387,0.000000,0.000000,0.000000,0.0000,0.241269,0.001203,0.001203,0.000000,True
1405,1,1.523812,2.5523,391.804,0.000000,0.000000,0.000000,0.0000,0.241643,0.001239,0.001239,0.000000,True
1406,1,1.526364,2.5607,390.518,0.000000,0.000000,0.000000,0.0000,0.241972,0.001274,0.001274,0.000000,True
1407,1,1.528925,2.5760,388.199,0.000000,0.000000,0.000000,0.0000,0.242270,0.001307,0.001307,0.000000,True
1408,1,1.531502,2.5382,393.980,0.000000,0.000000,0.000000,0.0000,0.242506,0.001334,0.001334,0.000000,True
1409,1,1.534040,2.6549,376.662,0.000000,0.000000,0.000000,0.0000,0.242662,0.001349,0.001349,0.000000,True
1410,1,1.536696,2.5537,391.589,0.000000,0.000000,0.000000,0.0000,0.242694,0.001365,0.001365,0.000000,True
1411,1,1.539250,2.6182,381.942,0.000000,0.000000,0.000000,0.0000,0.242600,0.001390,0.001390,0.000000,True
1412,1,1.541869,2.7476,363.954,0.000000,0.000000,0.000000,0.0000,0.242453,0.001403,0.001403,0.000000,True
1413,1,1.544617,2.5438,393.113,0.000000,0.000000,0.000000,0.0000,0.242398,0.001391,0.001391,0.000000,True
1414,1,1.547161,2.5316,395.007,0.000000,0.000000,0.000000,0.0000,0.242413,0.001381,0.001381,0.000000,True
1415,1,1.549693,2.6273,380.619,0.000000,0.000000,0.000000,0.0000,0.242523,0.001372,0.001372,0.000000,True
1416,1,1.552320,2.5607,390.518,0.000000,0.000000,0.000000,0.0000,0.242744,0.001362,0.001362,0.000000,True
1417,1,1.554881,2.6237,381.141,0.000000,0.000000,0.000000,0.0000,0.242993,0.001359,0.001359,0.000000,True
1418,1,1.557505,2.5738,388.531,0.000000,0.000000,0.000000,0.0000,0.243256,0.001359,0.001359,0.000000,True
1419,1,1.560079,2.5970,385.060,0.000000,0.000000,0.000000,0.0000,0.243520,0.001365,0.001365,0.000000,True
1420,1,1.562677,2.5312,395.070,0.000000,0.000000,0.000000,0.0000,0.243765,0.001375,0.001375,0.000000,True
1421,1,1.565208,2.6292,380.344,0.000000,0.000000,0.000000,0.0000,0.243955,0.001391,0.001391,0.000000,True
1422,1,1.567838,2.8012,356.990,0.000000,0.000000,0.000000,0.0000,0.244111,0.001407,0.001407,0.000000,True
1423,1,1.570640,2.6077,383.480,0.000000,0.000000,0.000000,0.0000,0.244169,0.001427,0.001427,0.000000,True
1424,1,1.573248,2.5324,394.882,0.000000,0.000000,0.000000,0.0000,0.244096,0.001454,0.001454,0.000000,True
1425,1,1.575781,2.6203,381.636,0.000000,0.000000,0.000000,0.0000,0.243970,0.001467,0.001467,0.000000,True
1426,1,1.578401,2.5524,391.788,0.000000,0.000000,0.000000,0.0000,0.243914,0.001457,0.001457,0.000000,True
1427,1,1.580954,2.5985,384.837,0.000000,0.000000,0.000000,0.0000,0.243916,0.001449,0.001449,0.000000,True
1428,1,1.583553,2.9627,337.530,0.000000,0.000000,0.000000,0.0000,0.243965,0.001443,0.001443,0.000000,True
1429,1,1.586516,2.5774,387.988,0.000000,0.000000,0.000000,0.0000,0.244080,0.001432,0.001432,0.000000,True
1430,1,1.589094,2.5838,387.027,0.000000,0.000000,0.000000,0.0000,0.244185,0.001440,0.001440,0.000000,True
1431,1,1.591679,2.5516,391.911,0.000000,0.000000,0.000000,0.0000,0.244299,0.001445,0.001445,0.000000,True
1432,1,1.594231,2.6040,384.025,0.000000,0.000000,0.000000,0.0000,0.244409,0.001453,0.001453,0.000000,True
1433,1,1.596835,2.5877,386.444,0.000000,0.000000,0.000000,0.0000,0.244510,0.001463,0.001463,0.000000,True
1434,1,1.599423,2.6319,379.954,0.000000,0.000000,0.000000,0.0000,0.244585,0.001477,0.001477,0.000000,True
1435,1,1.602056,2.7192,367.755,0.000000,0.000000,0.000000,0.0000,0.244647,0.001492,0.001492,0.000000,True
1436,1,1.604776,2.5780,387.898,0.000000,0.000000,0.000000,0.0000,0.244644,0.001510,0.001510,0.000000,True
1437,1,1.607355,2.8346,352.784,0.000000,0.000000,0.000000,0.0000,0.244587,0.001532,0.001532,0.000000,True
1438,1,1.610189,2.5365,394.244,0.000000,0.000000,0.000000,0.0000,0.244496,0.001542,0.001542,0.000000,True
1439,1,1.612726,2.5879,386.414,0.000000,0.000000,0.000000,0.0000,0.244461,0.001533,0.001533,0.000000,True
1440,1,1.615315,2.5887,386.294,0.000000,0.000000,0.000000,0.0000,0.244457,0.001525,0.001525,0.000000,True
1441,1,1.617903,2.5034,399.457,0.000000,0.000000,0.000000,0.0000,0.244495,0.001519,0.001519,0.000000,True
1442,1,1.620407,2.5559,391.252,0.000000,0.000000,0.000000,0.0000,0.244529,0.001518,0.001518,0.000000,True
1443,1,1.622963,2.5610,390.473,0.000000,0.000000,0.000000,0.0000,0.244577,0.001518,0.001518,0.000000,True
1444,1,1.625525,2.5375,394.089,0.000000,0.000000,0.000000,0.0000,0.244631,0.001521,0.001521,0.000000,True
1445,1,1.628063,2.5787,387.792,0.000000,0.000000,0.000000,0.0000,0.244683,0.001527,0.001527,0.000000,True
1446,1,1.630642,2.5583,390.885,0.000000,0.000000,0.000000,0.0000,0.244729,0.001534,0.001534,0.000000,True
1447,1,1.633200,2.5499,392.172,0.000000,0.000000,0.000000,0.0000,0.244759,0.001545,0.001545,0.000000,True
1448,1,1.635750,2.5857,386.743,0.000000,0.000000,0.000000,0.0000,0.244768,0.001558,0.001558,0.000000,True
1449,1,1.638337,2.6430,378.358,0.000000,0.000000,0.000000,0.0000,0.244748,0.001572,0.001572,0.000000,True
1450,1,1.640980,2.5831,387.132,0.000000,0.000000,0.000000,0.0000,0.244695,0.001589,0.001589,0.000000,True
1451,1,1.643564,2.6481,377.629,0.000000,0.000000,0.000000,0.0000,0.244610,0.001603,0.001603,0.000000,True
1452,1,1.646212,2.5809,387.462,0.000000,0.000000,0.000000,0.0000,0.244550,0.001598,0.001598,0.000000,True
1453,1,1.648794,2.5901,386.086,0.000000,0.000000,0.000000,0.0000,0.244515,0.001591,0.001591,0.000000,True
1454,1,1.651384,2.5831,387.132,0.000000,0.000000,0.000000,0.0000,0.244500,0.001586,0.001586,0.000000,True
1455,1,1.653968,2.5378,394.042,0.000000,0.000000,0.000000,0.0000,0.244501,0.001583,0.001583,0.000000,True
1456,1,1.656506,2.6131,382.687,0.000000,0.000000,0.000000,0.0000,0.244508,0.001583,0.001583,0.000000,True
1457,1,1.659119,2.7665,361.468,0.000000,0.000000,0.000000,0.0000,0.244541,0.001583,0.001583,0.000000,True
1458,1,1.661886,2.6202,381.650,0.000000,0.000000,0.000000,0.0000,0.244564,0.001584,0.001584,0.000000,True
1459,1,1.664507,2.5693,389.211,0.000000,0.000000,0.000000,0.0000,0.244576,0.001592,0.001592,0.000000,True
1460,1,1.667077,2.5847,386.892,0.000000,0.000000,0.000000,0.0000,0.244583,0.001600,0.001600,0.000000,True
1461,1,1.669662,2.5492,392.280,0.000000,0.000000,0.000000,0.0000,0.244590,0.001609,0.001609,0.000000,True
1462,1,1.672211,2.6166,382.175,0.000000,0.000000,0.000000,0.0000,0.244572,0.001620,0.001620,0.000000,True
1463,1,1.674829,2.6622,375.629,0.000000,0.000000,0.000000,0.0000,0.244515,0.001631,0.001631,0.000000,True
1464,1,1.677492,2.6122,382.819,0.000000,0.000000,0.000000,0.0000,0.244436,0.001644,0.001644,0.000000,True
1465,1,1.680104,2.5595,390.701,0.000000,0.000000,0.000000,0.0000,0.244367,0.001642,0.001642,0.000000,True
1466,1,1.682664,2.5483,392.419,0.000000,0.000000,0.000000,0.0000,0.244308,0.001639,0.001639,0.000000,True
1467,1,1.685213,2.5937,385.550,0.000000,0.000000,0.000000,0.0000,0.244258,0.001636,0.001636,0.000000,True
1468,1,1.687807,2.5823,387.252,0.000000,0.000000,0.000000,0.0000,0.244216,0.001633,0.001633,0.000000,True
1469,1,1.690390,2.6250,380.952,0.000000,0.000000,0.000000,0.0000,0.244179,0.001632,0.001632,0.000000,True
1470,1,1.693015,2.5917,385.847,0.000000,0.000000,0.000000,0.0000,0.244148,0.001632,0.001632,0.000000,True
1471,1,1.695607,2.5203,396.778,0.000000,0.000000,0.000000,0.0000,0.244116,0.001633,0.001633,0.000000,True
1472,1,1.698127,2.6516,377.131,0.000000,0.000000,0.000000,0.0000,0.244087,0.001636,0.001636,0.000000,True
1473,1,1.700780,2.6641,375.361,0.000000,0.000000,0.000000,0.0000,0.244061,0.001639,0.001639,0.000000,True
1474,1,1.703444,2.5893,386.205,0.000000,0.000000,0.000000,0.0000,0.244029,0.001644,0.001644,0.000000,True
1475,1,1.706034,2.5763,388.154,0.000000,0.000000,0.000000,0.0000,0.243987,0.001651,0.001651,0.000000,True
1476,1,1.708611,2.6786,373.329,0.000000,0.000000,0.000000,0.0000,0.243935,0.001659,0.001659,0.000000,True
1477,1,1.711290,2.5582,390.900,0.000000,0.000000,0.000000,0.0000,0.243876,0.001667,0.001667,0.000000,True
1478,1,1.713848,2.5944,385.446,0.000000,0.000000,0.000000,0.0000,0.243815,0.001668,0.001668,0.000000,True
1479,1,1.716443,2.5849,386.862,0.000000,0.000000,0.000000,0.0000,0.243754,0.001666,0.001666,0.000000,True
1480,1,1.719028,2.5469,392.634,0.000000,0.000000,0.000000,0.0000,0.243701,0.001664,0.001664,0.000000,True
1481,1,1.721575,2.5800,387.597,0.000000,0.000000,0.000000,0.0000,0.243641,0.001663,0.001663,0.000000,True
1482,1,1.724156,2.7948,357.807,0.000000,0.000000,0.000000,0.0000,0.243583,0.001663,0.001663,0.000000,True
1483,1,1.726951,2.5585,390.854,0.000000,0.000000,0.000000,0.0000,0.243540,0.001662,0.001662,0.000000,True
1484,1,1.729510,2.5205,396.747,0.000000,0.000000,0.000000,0.0000,0.243502,0.001663,0.001663,0.000000,True
1485,1,1.732031,2.5390,393.856,0.000000,0.000000,0.000000,0.0000,0.243445,0.001665,0.001665,0.000000,True
1486,1,1.734570,2.5457,392.819,0.000000,0.000000,0.000000,0.0000,0.243393,0.001667,0.001667,0.000000,True
1487,1,1.737116,2.5685,389.332,0.000000,0.000000,0.000000,0.0000,0.243343,0.001670,0.001670,0.000000,True
1488,1,1.739685,2.5670,389.560,0.000000,0.000000,0.000000,0.0000,0.243295,0.001673,0.001673,0.000000,True
1489,1,1.742253,2.5572,391.053,0.000000,0.000000,0.000000,0.0000,0.243258,0.001678,0.001678,0.000000,True
1490,1,1.744810,2.5300,395.257,0.000000,0.000000,0.000000,0.0000,0.243214,0.001682,0.001682,0.000000,True
1491,1,1.747341,2.6035,384.098,0.000000,0.000000,0.000000,0.0000,0.243169,0.001684,0.001684,0.000000,True
1492,1,1.749945,2.6036,384.084,0.000000,0.000000,0.000000,0.0000,0.243119,0.001683,0.001683,0.000000,True
1493,1,1.752549,2.5885,386.324,0.000000,0.000000,0.000000,0.0000,0.243062,0.001682,0.001682,0.000000,True
1494,1,1.755137,2.5904,386.041,0.000000,0.000000,0.000000,0.0000,0.243004,0.001681,0.001681,0.000000,True
1495,1,1.757728,2.6248,380.981,0.000000,0.000000,0.000000,0.0000,0.242947,0.001681,0.001681,0.000000,True
1496,1,1.760353,2.7463,364.126,0.000000,0.000000,0.000000,0.0000,0.242878,0.001681,0.001681,0.000000,True
1497,1,1.763100,2.5391,393.840,0.000000,0.000000,0.000000,0.0000,0.242842,0.001681,0.001681,0.000000,True
1498,1,1.765640,2.5774,387.988,0.000000,0.000000,0.000000,0.0000,0.242794,0.001682,0.001682,0.000000,True
1499,1,1.768217,2.5639,390.031,0.000000,0.000000,0.000000,0.0000,0.242748,0.001683,0.001683,0.000000,True
1500,1,1.770782,2.6110,382.995,0.000000,0.000000,0.000000,0.0000,0.242718,0.001685,0.001685,0.000000,True
1501,1,1.773393,2.5733,388.606,0.000000,0.000000,0.000000,0.0000,0.242676,0.001688,0.001688,0.000000,True
1502,1,1.775967,2.5556,391.298,0.000000,0.000000,0.000000,0.0000,0.242619,0.001690,0.001690,0.000000,True
1503,1,1.778523,2.5724,388.742,0.000000,0.000000,0.000000,0.0000,0.242591,0.001693,0.001693,0.000000,True
1504,1,1.781096,2.7898,358.449,0.000000,0.000000,0.000000,0.0000,0.242552,0.001695,0.001695,0.000000,True
1505,1,1.783887,2.5513,391.957,0.000000,0.000000,0.000000,0.0000,0.242524,0.001695,0.001695,0.000000,True
1506,1,1.786438,2.5470,392.619,0.000000,0.000000,0.000000,0.0000,0.242491,0.001695,0.001695,0.000000,True
1507,1,1.788986,2.5490,392.311,0.000000,0.000000,0.000000,0.0000,0.242453,0.001695,0.001695,0.000000,True
1508,1,1.791535,2.5482,392.434,0.000000,0.000000,0.000000,0.0000,0.242413,0.001695,0.001695,0.000000,True
1509,1,1.794083,2.5920,385.803,0.000000,0.000000,0.000000,0.0000,0.242369,0.001695,0.001695,0.000000,True
1510,1,1.796677,2.6048,383.907,0.000000,0.000000,0.000000,0.0000,0.242328,0.001696,0.001696,0.000000,True
1511,1,1.799282,2.5977,384.956,0.000000,0.000000,0.000000,0.0000,0.242286,0.001696,0.001696,0.000000,True
1512,1,1.801880,2.5682,389.378,0.000000,0.000000,0.000000,0.0000,0.242242,0.001697,0.001697,0.000000,True
1513,1,1.804448,2.5843,386.952,0.000000,0.000000,0.000000,0.0000,0.242206,0.001699,0.001699,0.000000,True
1514,1,1.807033,2.8623,349.369,0.000000,0.000000,0.000000,0.0000,0.242171,0.001700,0.001700,0.000000,True
1515,1,1.809896,2.6020,384.320,0.000000,0.000000,0.000000,0.0000,0.242138,0.001702,0.001702,0.000000,True
1516,1,1.812498,2.5224,396.448,0.000000,0.000000,0.000000,0.0000,0.242113,0.001704,0.001704,0.000000,True
1517,1,1.815021,2.5712,388.924,0.000000,0.000000,0.000000,0.0000,0.242091,0.001706,0.001706,0.000000,True
1518,1,1.817593,2.6022,384.290,0.000000,0.000000,0.000000,0.0000,0.242066,0.001706,0.001706,0.000000,True
1519,1,1.820195,2.5737,388.546,0.000000,0.000000,0.000000,0.0000,0.242038,0.001706,0.001706,0.000000,True
1520,1,1.822769,2.5656,389.772,0.000000,0.000000,0.000000,0.0000,0.242011,0.001707,0.001707,0.000000,True
1521,1,1.825335,2.6276,380.575,0.000000,0.000000,0.000000,0.0000,0.241981,0.001707,0.001707,0.000000,True
1522,1,1.827963,2.5788,387.777,0.000000,0.000000,0.000000,0.0000,0.241952,0.001708,0.001708,0.000000,True
1523,1,1.830542,2.5641,390.000,0.000000,0.000000,0.000000,0.0000,0.241922,0.001709,0.001709,0.000000,True
1524,1,1.833107,2.6365,379.291,0.000000,0.000000,0.000000,0.0000,0.241896,0.001710,0.001710,0.000000,True
1525,1,1.835744,2.6543,376.747,0.000000,0.000000,0.000000,0.0000,0.241870,0.001711,0.001711,0.000000,True
1526,1,1.838399,2.5843,386.952,0.000000,0.000000,0.000000,0.0000,0.241846,0.001712,0.001712,0.000000,True
1527,1,1.840983,2.5835,387.072,0.000000,0.000000,0.000000,0.0000,0.241825,0.001713,0.001713,0.000000,True
1528,1,1.843567,2.6705,374.462,0.000000,0.000000,0.000000,0.0000,0.241805,0.001714,0.001714,0.000000,True
1529,1,1.846238,2.5404,393.639,0.000000,0.000000,0.000000,0.0000,0.241784,0.001714,0.001714,0.000000,True
1530,1,1.848779,2.6697,374.574,0.000000,0.000000,0.000000,0.0000,0.241768,0.001715,0.001715,0.000000,True
1531,1,1.851450,2.5849,386.862,0.000000,0.000000,0.000000,0.0000,0.241755,0.001716,0.001716,0.000000,True
1532,1,1.854035,2.6708,374.420,0.000000,0.000000,0.000000,0.0000,0.241744,0.001716,0.001716,0.000000,True
1533,1,1.856709,2.6246,381.010,0.000000,0.000000,0.000000,0.0000,0.241736,0.001717,0.001717,0.000000,True
1534,1,1.859334,2.7532,363.214,0.000000,0.000000,0.000000,0.0000,0.241729,0.001717,0.001717,0.000000,True
1535,1,1.862087,2.5472,392.588,0.000000,0.000000,0.000000,0.0000,0.241711,0.001718,0.001718,0.000000,True
1536,1,1.864635,2.6916,371.526,0.000000,0.000000,0.000000,0.0000,0.241708,0.001719,0.001719,0.000000,True
1537,1,1.867327,2.7836,359.247,0.000000,0.000000,0.000000,0.0000,0.241717,0.001720,0.001720,0.000000,True
1538,1,1.870111,2.5709,388.969,0.000000,0.000000,0.000000,0.0000,0.241709,0.001720,0.001720,0.000000,True
1539,1,1.872682,2.6000,384.615,0.000000,0.000000,0.000000,0.0000,0.241701,0.001721,0.001721,0.000000,True
1540,1,1.875283,2.7931,358.025,0.000000,0.000000,0.000000,0.0000,0.241696,0.001721,0.001721,0.000000,True
1541,1,1.878076,2.5771,388.033,0.000000,0.000000,0.000000,0.0000,0.241690,0.001722,0.001722,0.000000,True
1542,1,1.880654,2.5766,388.108,0.000000,0.000000,0.000000,0.0000,0.241678,0.001722,0.001722,0.000000,True
1543,1,1.883231,2.5909,385.966,0.000000,0.000000,0.000000,0.0000,0.241665,0.001722,0.001722,0.000000,True
1544,1,1.885822,2.5731,388.636,0.000000,0.000000,0.000000,0.0000,0.241673,0.001722,0.001722,0.000000,True
1545,1,1.888395,2.5726,388.712,0.000000,0.000000,0.000000,0.0000,0.241677,0.001722,0.001722,0.000000,True
1546,1,1.890968,2.5369,394.182,0.000000,0.000000,0.000000,0.0000,0.241666,0.001722,0.001722,0.000000,True
1547,1,1.893505,2.6256,380.865,0.000000,0.000000,0.000000,0.0000,0.241658,0.001723,0.001723,0.000000,True
1548,1,1.896131,2.5962,385.178,0.000000,0.000000,0.000000,0.0000,0.241642,0.001723,0.001723,0.000000,True
1549,1,1.898728,2.6089,383.303,0.000000,0.000000,0.000000,0.0000,0.241660,0.001724,0.001724,0.000000,True
1550,1,1.901338,2.8172,354.962,0.000000,0.000000,0.000000,0.0000,0.241674,0.001724,0.001724,0.000000,True
1551,1,1.904155,2.5589,390.793,0.000000,0.000000,0.000000,0.0000,0.241672,0.001725,0.001725,0.000000,True
1552,1,1.906715,2.5412,393.515,0.000000,0.000000,0.000000,0.0000,0.241669,0.001725,0.001725,0.000000,True
1553,1,1.909256,2.5873,386.503,0.000000,0.000000,0.000000,0.0000,0.241663,0.001725,0.001725,0.000000,True
1554,1,1.911844,2.5595,390.701,0.000000,0.000000,0.000000,0.0000,0.241671,0.001725,0.001725,0.000000,True
1555,1,1.914403,2.6225,381.316,0.000000,0.000000,0.000000,0.0000,0.241661,0.001725,0.001725,0.000000,True
1556,1,1.917026,2.5400,393.701,0.000000,0.000000,0.000000,0.0000,0.241645,0.001724,0.001724,0.000000,True
1557,1,1.919567,2.5992,384.734,0.000000,0.000000,0.000000,0.0000,0.241638,0.001724,0.001724,0.000000,True
1558,1,1.922166,2.5530,391.696,0.000000,0.000000,0.000000,0.0000,0.241631,0.001725,0.001725,0.000000,True
1559,1,1.924720,2.5599,390.640,0.000000,0.000000,0.000000,0.0000,0.241645,0.001725,0.001725,0.000000,True
1560,1,1.927280,2.5648,389.894,0.000000,0.000000,0.000000,0.0000,0.241639,0.001726,0.001726,0.000000,True
1561,1,1.929845,2.6581,376.209,0.000000,0.000000,0.000000,0.0000,0.241635,0.001726,0.001726,0.000000,True
1562,1,1.932504,2.5614,390.412,0.000000,0.000000,0.000000,0.0000,0.241632,0.001726,0.001726,0.000000,True
1563,1,1.935065,2.5933,385.609,0.000000,0.000000,0.000000,0.0000,0.241632,0.001726,0.001726,0.000000,True
1564,1,1.937660,2.6805,373.065,0.000000,0.000000,0.000000,0.0000,0.241636,0.001726,0.001726,0.000000,True
1565,1,1.940341,2.6178,382.000,0.000000,0.000000,0.000000,0.0000,0.241620,0.001727,0.001727,0.000000,True
1566,1,1.942959,2.5565,391.160,0.000000,0.000000,0.000000,0.0000,0.241620,0.001727,0.001727,0.000000,True
1567,1,1.945516,2.6604,375.883,0.000000,0.000000,0.000000,0.0000,0.241606,0.001726,0.001726,0.000000,True
1568,1,1.948177,2.8369,352.497,0.000000,0.000000,0.000000,0.0000,0.241618,0.001726,0.001726,0.000000,True
1569,1,1.951014,2.5908,385.981,0.000000,0.000000,0.000000,0.0000,0.241629,0.001726,0.001726,0.000000,True
1570,1,1.953606,2.5378,394.042,0.000000,0.000000,0.000000,0.0000,0.241621,0.001726,0.001726,0.000000,True
1571,1,1.956144,2.6031,384.157,0.000000,0.000000,0.000000,0.0000,0.241619,0.001726,0.001726,0.000000,True
1572,1,1.958747,2.6097,383.186,0.000000,0.000000,0.000000,0.0000,0.241619,0.001727,0.001727,0.000000,True
1573,1,1.961357,2.6109,383.010,0.000000,0.000000,0.000000,0.0000,0.241624,0.001727,0.001727,0.000000,True
1574,1,1.963968,2.5258,395.914,0.000000,0.000000,0.000000,0.0000,0.241632,0.001728,0.001728,0.000000,True
1575,1,1.966494,2.6304,380.170,0.000000,0.000000,0.000000,0.0000,0.241640,0.001728,0.001728,0.000000,True
1576,1,1.969125,2.5528,391.727,0.000000,0.000000,0.000000,0.0000,0.241650,0.001728,0.001728,0.000000,True
1577,1,1.971678,2.6120,382.848,0.000000,0.000000,0.000000,0.0000,0.241659,0.001728,0.001728,0.000000,True
1578,1,1.974291,2.5897,386.145,0.000000,0.000000,0.000000,0.0000,0.241654,0.001729,0.001729,0.000000,True
1579,1,1.976881,2.6265,380.735,0.000000,0.000000,0.000000,0.0000,0.241664,0.001729,0.001729,0.000000,True
1580,1,1.979508,2.5672,389.529,0.000000,0.000000,0.000000,0.0000,0.241670,0.001729,0.001729,0.000000,True
1581,1,1.982075,2.5611,390.457,0.000000,0.000000,0.000000,0.0000,0.241676,0.001728,0.001728,0.000000,True
1582,1,1.984637,2.5387,393.902,0.000000,0.000000,0.000000,0.0000,0.241676,0.001728,0.001728,0.000000,True
1583,1,1.987176,2.5176,397.204,0.000000,0.000000,0.000000,0.0000,0.241675,0.001728,0.001728,0.000000,True
1584,1,1.989694,2.5787,387.792,0.000000,0.000000,0.000000,0.0000,0.241676,0.001729,0.001729,0.000000,True
1585,1,1.992273,2.7778,359.997,0.000000,0.000000,0.000000,0.0000,0.241679,0.001729,0.001729,0.000000,True
1586,1,1.995051,2.5670,389.560,0.000000,0.000000,0.000000,0.0000,0.241684,0.001730,0.001730,0.000000,True
1587,1,1.997619,6.9370,144.155,0.000000,0.000000,0.000000,0.0000,0.241690,0.001730,0.001730,0.000000,True
1588,1,2.004556,2.5681,389.393,0.000000,0.000000,0.000000,0.0000,0.241724,0.001734,0.001734,0.000000,True
1589,1,2.007125,2.5481,392.449,0.000000,0.000000,0.000000,0.0000,0.241733,0.001732,0.001732,0.000000,True
1590,1,2.009673,2.6461,377.915,0.000000,0.000000,0.000000,0.0000,0.241739,0.001732,0.001732,0.000000,True
1591,1,2.012319,2.5696,389.166,0.000000,0.000000,0.000000,0.0000,0.241742,0.001732,0.001732,0.000000,True
1592,1,2.014889,2.6175,382.044,0.000000,0.000000,0.000000,0.0000,0.241756,0.001731,0.001731,0.000000,True
1593,1,2.017508,2.8467,351.284,0.000000,0.000000,0.000000,0.0000,0.241751,0.001731,0.001731,0.000000,True
1594,1,2.020355,2.5959,385.223,0.000000,0.000000,0.000000,0.0000,0.241745,0.001731,0.001731,0.000000,True
1595,1,2.022951,2.5572,391.053,0.000000,0.000000,0.000000,0.0000,0.241742,0.001731,0.001731,0.000000,True
1596,1,2.025509,2.5282,395.538,0.000000,0.000000,0.000000,0.0000,0.241743,0.001732,0.001732,0.000000,True
1597,1,2.028038,2.5054,399.138,0.000000,0.000000,0.000000,0.0000,0.241757,0.001733,0.001733,0.000000,True
1598,1,2.030543,2.5480,392.465,0.000000,0.000000,0.000000,0.0000,0.241762,0.001734,0.001734,0.000000,True
1599,1,2.033092,2.5181,397.125,0.000000,0.000000,0.000000,0.0000,0.241765,0.001735,0.001735,0.000000,True
1600,1,2.035610,2.5712,388.924,0.000000,0.000000,0.000000,0.0000,0.241765,0.001735,0.001735,0.000000,True
1601,1,2.038182,2.6204,381.621,0.000000,0.000000,0.000000,0.0000,0.241769,0.001736,0.001736,0.000000,True
1602,1,2.040803,2.7261,366.824,0.000000,0.000000,0.000000,0.0000,0.241770,0.001736,0.001736,0.000000,True
1603,1,2.043530,2.8201,354.597,0.000000,0.000000,0.000000,0.0000,0.241770,0.001736,0.001736,0.000000,True
1604,1,2.046350,2.5424,393.329,0.000000,0.000000,0.000000,0.0000,0.241768,0.001736,0.001736,0.000000,True
1605,1,2.048893,2.7388,365.123,0.000000,0.000000,0.000000,0.0000,0.241765,0.001735,0.001735,0.000000,True
1606,1,2.051633,2.5427,393.283,0.000000,0.000000,0.000000,0.0000,0.241761,0.001735,0.001735,0.000000,True
1607,1,2.054176,2.5316,395.007,0.000000,0.000000,0.000000,0.0000,0.241770,0.001734,0.001734,0.000000,True
1608,1,2.056708,2.7253,366.932,0.000000,0.000000,0.000000,0.0000,0.241768,0.001735,0.001735,0.000000,True
1609,1,2.059433,2.5445,393.005,0.000000,0.000000,0.000000,0.0000,0.241771,0.001736,0.001736,0.000000,True
1610,1,2.061978,2.5547,391.435,0.000000,0.000000,0.000000,0.0000,0.241781,0.001737,0.001737,0.000000,True
1611,1,2.064533,2.5611,390.457,0.000000,0.000000,0.000000,0.0000,0.241790,0.001738,0.001738,0.000000,True
1612,1,2.067095,2.5805,387.522,0.000000,0.000000,0.000000,0.0000,0.241813,0.001739,0.001739,0.000000,True
1613,1,2.069675,2.5888,386.279,0.000000,0.000000,0.000000,0.0000,0.241820,0.001740,0.001740,0.000000,True
1614,1,2.072265,2.5843,386.952,0.000000,0.000000,0.000000,0.0000,0.241836,0.001741,0.001741,0.000000,True
1615,1,2.074849,2.6216,381.446,0.000000,0.000000,0.000000,0.0000,0.241837,0.001741,0.001741,0.000000,True
1616,1,2.077471,2.5675,389.484,0.000000,0.000000,0.000000,0.0000,0.241846,0.001741,0.001741,0.000000,True
1617,1,2.080039,2.5692,389.226,0.000000,0.000000,0.000000,0.0000,0.241841,0.001741,0.001741,0.000000,True
1618,1,2.082609,2.5517,391.896,0.000000,0.000000,0.000000,0.0000,0.241839,0.001740,0.001740,0.000000,True
1619,1,2.085161,2.5733,388.606,0.000000,0.000000,0.000000,0.0000,0.241839,0.001739,0.001739,0.000000,True
1620,1,2.087736,2.5797,387.642,0.000000,0.000000,0.000000,0.0000,0.241843,0.001738,0.001738,0.000000,True
1621,1,2.090316,2.5960,385.208,0.000000,0.000000,0.000000,0.0000,0.241850,0.001739,0.001739,0.000000,True
1622,1,2.092913,2.7571,362.700,0.000000,0.000000,0.000000,0.0000,0.241858,0.001740,0.001740,0.000000,True
1623,1,2.095670,2.5931,385.639,0.000000,0.000000,0.000000,0.0000,0.241866,0.001742,0.001742,0.000000,True
1624,1,2.098264,2.9871,334.773,0.000000,0.000000,0.000000,0.0000,0.241860,0.001743,0.001743,0.000000,True
1625,1,2.101251,2.6571,376.350,0.000000,0.000000,0.000000,0.0000,0.241867,0.001745,0.001745,0.000000,True
1626,1,2.103909,2.5773,388.003,0.000000,0.000000,0.000000,0.0000,0.241889,0.001745,0.001745,0.000000,True
1627,1,2.106486,2.5759,388.214,0.000000,0.000000,0.000000,0.0000,0.241886,0.001746,0.001746,0.000000,True
1628,1,2.109063,2.5930,385.654,0.000000,0.000000,0.000000,0.0000,0.241882,0.001746,0.001746,0.000000,True
1629,1,2.111656,2.5594,390.717,0.000000,0.000000,0.000000,0.0000,0.241878,0.001746,0.001746,0.000000,True
1630,1,2.114216,2.5289,395.429,0.000000,0.000000,0.000000,0.0000,0.241875,0.001745,0.001745,0.000000,True
1631,1,2.116745,2.5570,391.083,0.000000,0.000000,0.000000,0.0000,0.241874,0.001745,0.001745,0.000000,True
1632,1,2.119303,2.5705,389.029,0.000000,0.000000,0.000000,0.0000,0.241875,0.001743,0.001743,0.000000,True
1633,1,2.121873,2.5737,388.546,0.000000,0.000000,0.000000,0.0000,0.241885,0.001742,0.001742,0.000000,True
1634,1,2.124448,2.8671,348.785,0.000000,0.000000,0.000000,0.0000,0.241913,0.001743,0.001743,0.000000,True
1635,1,2.127315,2.5717,388.848,0.000000,0.000000,0.000000,0.0000,0.241919,0.001745,0.001745,0.000000,True
1636,1,2.129887,2.5247,396.087,0.000000,0.000000,0.000000,0.0000,0.241924,0.001746,0.001746,0.000000,True
1637,1,2.132412,2.5736,388.561,0.000000,0.000000,0.000000,0.0000,0.241926,0.001747,0.001747,0.000000,True
1638,1,2.134986,2.5724,388.742,0.000000,0.000000,0.000000,0.0000,0.241927,0.001748,0.001748,0.000000,True
1639,1,2.137559,2.5960,385.208,0.000000,0.000000,0.000000,0.0000,0.241926,0.001749,0.001749,0.000000,True
1640,1,2.140156,2.5882,386.369,0.000000,0.000000,0.000000,0.0000,0.241922,0.001750,0.001750,0.000000,True
1641,1,2.142744,2.5947,385.401,0.000000,0.000000,0.000000,0.0000,0.241940,0.001750,0.001750,0.000000,True
1642,1,2.145339,2.5614,390.412,0.000000,0.000000,0.000000,0.0000,0.241935,0.001750,0.001750,0.000000,True
1643,1,2.147901,2.6210,381.534,0.000000,0.000000,0.000000,0.0000,0.241936,0.001750,0.001750,0.000000,True
1644,1,2.150522,2.5766,388.108,0.000000,0.000000,0.000000,0.0000,0.241936,0.001749,0.001749,0.000000,True
1645,1,2.153099,2.5945,385.431,0.000000,0.000000,0.000000,0.0000,0.241937,0.001748,0.001748,0.000000,True
1646,1,2.155694,2.5644,389.955,0.000000,0.000000,0.000000,0.0000,0.241939,0.001746,0.001746,0.000000,True
1647,1,2.158259,2.6106,383.054,0.000000,0.000000,0.000000,0.0000,0.241941,0.001747,0.001747,0.000000,True
1648,1,2.160870,2.5694,389.196,0.000000,0.000000,0.000000,0.0000,0.241941,0.001749,0.001749,0.000000,True
1649,1,2.163440,2.5906,386.011,0.000000,0.000000,0.000000,0.0000,0.241939,0.001751,0.001751,0.000000,True
1650,1,2.166031,2.6172,382.088,0.000000,0.000000,0.000000,0.0000,0.241947,0.001753,0.001753,0.000000,True
1651,1,2.168648,2.5554,391.328,0.000000,0.000000,0.000000,0.0000,0.241934,0.001754,0.001754,0.000000,True
1652,1,2.171204,2.7151,368.311,0.000000,0.000000,0.000000,0.0000,0.241920,0.001755,0.001755,0.000000,True
1653,1,2.173920,2.8951,345.411,0.000000,0.000000,0.000000,0.0000,0.241919,0.001756,0.001756,0.000000,True
1654,1,2.176816,2.5679,389.423,0.000000,0.000000,0.000000,0.0000,0.241903,0.001757,0.001757,0.000000,True
1655,1,2.179384,2.5818,387.327,0.000000,0.000000,0.000000,0.0000,0.241891,0.001756,0.001756,0.000000,True
1656,1,2.181966,2.5763,388.154,0.000000,0.000000,0.000000,0.0000,0.241881,0.001755,0.001755,0.000000,True
1657,1,2.184542,2.6053,383.833,0.000000,0.000000,0.000000,0.0000,0.241877,0.001754,0.001754,0.000000,True
1658,1,2.187148,2.5369,394.182,0.000000,0.000000,0.000000,0.0000,0.241878,0.001752,0.001752,0.000000,True
1659,1,2.189686,2.5443,393.035,0.000000,0.000000,0.000000,0.0000,0.241885,0.001750,0.001750,0.000000,True
1660,1,2.192231,2.6941,371.182,0.000000,0.000000,0.000000,0.0000,0.241894,0.001750,0.001750,0.000000,True
1661,1,2.194925,2.6464,377.872,0.000000,0.000000,0.000000,0.0000,0.241900,0.001753,0.001753,0.000000,True
1662,1,2.197572,2.6551,376.634,0.000000,0.000000,0.000000,0.0000,0.241902,0.001756,0.001756,0.000000,True
1663,1,2.200228,2.5325,394.867,0.000000,0.000000,0.000000,0.0000,0.241904,0.001758,0.001758,0.000000,True
1664,1,2.202761,2.5404,393.639,0.000000,0.000000,0.000000,0.0000,0.241902,0.001759,0.001759,0.000000,True
1665,1,2.205302,2.5541,391.527,0.000000,0.000000,0.000000,0.0000,0.241894,0.001760,0.001760,0.000000,True
1666,1,2.207856,2.5819,387.312,0.000000,0.000000,0.000000,0.0000,0.241883,0.001761,0.001761,0.000000,True
1667,1,2.210438,2.5529,391.711,0.000000,0.000000,0.000000,0.0000,0.241874,0.001762,0.001762,0.000000,True
1668,1,2.212992,2.6333,379.752,0.000000,0.000000,0.000000,0.0000,0.241863,0.001761,0.001761,0.000000,True
1669,1,2.215626,2.5705,389.029,0.000000,0.000000,0.000000,0.0000,0.241853,0.001761,0.001761,0.000000,True
1670,1,2.218196,2.5996,384.675,0.000000,0.000000,0.000000,0.0000,0.241861,0.001759,0.001759,0.000000,True
1671,1,2.220798,2.5611,390.457,0.000000,0.000000,0.000000,0.0000,0.241873,0.001757,0.001757,0.000000,True
1672,1,2.223360,2.5634,390.107,0.000000,0.000000,0.000000,0.0000,0.241875,0.001754,0.001754,0.000000,True
1673,1,2.225924,2.6316,379.997,0.000000,0.000000,0.000000,0.0000,0.241881,0.001753,0.001753,0.000000,True
1674,1,2.228555,2.6337,379.694,0.000000,0.000000,0.000000,0.0000,0.241896,0.001756,0.001756,0.000000,True
1675,1,2.231190,2.5237,396.244,0.000000,0.000000,0.000000,0.0000,0.241892,0.001760,0.001760,0.000000,True
1676,1,2.233714,2.6542,376.761,0.000000,0.000000,0.000000,0.0000,0.241885,0.001762,0.001762,0.000000,True
1677,1,2.236368,2.5529,391.711,0.000000,0.000000,0.000000,0.0000,0.241874,0.001764,0.001764,0.000000,True
1678,1,2.238922,2.6136,382.614,0.000000,0.000000,0.000000,0.0000,0.241861,0.001765,0.001765,0.000000,True
1679,1,2.241536,2.6908,371.637,0.000000,0.000000,0.000000,0.0000,0.241845,0.001767,0.001767,0.000000,True
1680,1,2.244227,2.5322,394.914,0.000000,0.000000,0.000000,0.0000,0.241827,0.001768,0.001768,0.000000,True
1681,1,2.246759,2.5524,391.788,0.000000,0.000000,0.000000,0.0000,0.241824,0.001766,0.001766,0.000000,True
1682,1,2.249312,2.5486,392.372,0.000000,0.000000,0.000000,0.0000,0.241808,0.001765,0.001765,0.000000,True
1683,1,2.251861,2.5596,390.686,0.000000,0.000000,0.000000,0.0000,0.241797,0.001764,0.001764,0.000000,True
1684,1,2.254421,2.5191,396.967,0.000000,0.000000,0.000000,0.0000,0.241794,0.001761,0.001761,0.000000,True
1685,1,2.256940,2.5670,389.560,0.000000,0.000000,0.000000,0.0000,0.241795,0.001758,0.001758,0.000000,True
1686,1,2.259508,2.6412,378.616,0.000000,0.000000,0.000000,0.0000,0.241805,0.001755,0.001755,0.000000,True
1687,1,2.262150,2.5251,396.024,0.000000,0.000000,0.000000,0.0000,0.241826,0.001758,0.001758,0.000000,True
1688,1,2.264675,2.6017,384.364,0.000000,0.000000,0.000000,0.0000,0.241831,0.001762,0.001762,0.000000,True
1689,1,2.267279,2.7656,361.585,0.000000,0.000000,0.000000,0.0000,0.241850,0.001765,0.001765,0.000000,True
1690,1,2.270045,2.6096,383.201,0.000000,0.000000,0.000000,0.0000,0.241867,0.001768,0.001768,0.000000,True
1691,1,2.272655,2.5627,390.213,0.000000,0.000000,0.000000,0.0000,0.241851,0.001770,0.001770,0.000000,True
1692,1,2.275218,2.7070,369.413,0.000000,0.000000,0.000000,0.0000,0.241848,0.001771,0.001771,0.000000,True
1693,1,2.277925,2.5882,386.369,0.000000,0.000000,0.000000,0.0000,0.241821,0.001772,0.001772,0.000000,True
1694,1,2.280514,2.5625,390.244,0.000000,0.000000,0.000000,0.0000,0.241814,0.001771,0.001771,0.000000,True
1695,1,2.283077,2.5533,391.650,0.000000,0.000000,0.000000,0.0000,0.241776,0.001770,0.001770,0.000000,True
1696,1,2.285630,2.5721,388.787,0.000000,0.000000,0.000000,0.0000,0.241761,0.001768,0.001768,0.000000,True
1697,1,2.288203,2.5437,393.128,0.000000,0.000000,0.000000,0.0000,0.241753,0.001766,0.001766,0.000000,True
1698,1,2.290747,2.7430,364.564,0.000000,0.000000,0.000000,0.0000,0.241759,0.001762,0.001762,0.000000,True
1699,1,2.293490,2.5762,388.169,0.000000,0.000000,0.000000,0.0000,0.241774,0.001759,0.001759,0.000000,True
1700,1,2.296067,2.5733,388.606,0.000000,0.000000,0.000000,0.0000,0.241785,0.001761,0.001761,0.000000,True
1701,1,2.298641,2.5866,386.608,0.000000,0.000000,0.000000,0.0000,0.241791,0.001765,0.001765,0.000000,True
1702,1,2.301228,2.5922,385.773,0.000000,0.000000,0.000000,0.0000,0.241790,0.001768,0.001768,0.000000,True
1703,1,2.303821,2.8651,349.028,0.000000,0.000000,0.000000,0.0000,0.241783,0.001771,0.001771,0.000000,True
1704,1,2.306686,2.6326,379.853,0.000000,0.000000,0.000000,0.0000,0.241766,0.001775,0.001775,0.000000,True
1705,1,2.309319,2.5428,393.267,0.000000,0.000000,0.000000,0.0000,0.241747,0.001776,0.001776,0.000000,True
1706,1,2.311862,2.5776,387.958,0.000000,0.000000,0.000000,0.0000,0.241730,0.001776,0.001776,0.000000,True
1707,1,2.314440,2.5479,392.480,0.000000,0.000000,0.000000,0.0000,0.241714,0.001776,0.001776,0.000000,True
1708,1,2.316988,2.5518,391.880,0.000000,0.000000,0.000000,0.0000,0.241700,0.001775,0.001775,0.000000,True
1709,1,2.319541,2.5706,389.014,0.000000,0.000000,0.000000,0.0000,0.241690,0.001774,0.001774,0.000000,True
1710,1,2.322111,2.5911,385.937,0.000000,0.000000,0.000000,0.0000,0.241686,0.001771,0.001771,0.000000,True
1711,1,2.324703,2.5864,386.638,0.000000,0.000000,0.000000,0.0000,0.241677,0.001768,0.001768,0.000000,True
1712,1,2.327289,2.5802,387.567,0.000000,0.000000,0.000000,0.0000,0.241693,0.001764,0.001764,0.000000,True
1713,1,2.329870,2.5366,394.229,0.000000,0.000000,0.000000,0.0000,0.241706,0.001766,0.001766,0.000000,True
1714,1,2.332407,2.5971,385.045,0.000000,0.000000,0.000000,0.0000,0.241726,0.001769,0.001769,0.000000,True
1715,1,2.335004,2.5753,388.304,0.000000,0.000000,0.000000,0.0000,0.241726,0.001773,0.001773,0.000000,True
1716,1,2.337580,2.6171,382.102,0.000000,0.000000,0.000000,0.0000,0.241721,0.001776,0.001776,0.000000,True
1717,1,2.340198,2.5861,386.683,0.000000,0.000000,0.000000,0.0000,0.241711,0.001779,0.001779,0.000000,True
1718,1,2.342784,2.5672,389.529,0.000000,0.000000,0.000000,0.0000,0.241716,0.001781,0.001781,0.000000,True
1719,1,2.345351,2.6146,382.468,0.000000,0.000000,0.000000,0.0000,0.241702,0.001782,0.001782,0.000000,True
1720,1,2.347966,2.5698,389.135,0.000000,0.000000,0.000000,0.0000,0.241685,0.001783,0.001783,0.000000,True
1721,1,2.350537,2.6190,381.825,0.000000,0.000000,0.000000,0.0000,0.241670,0.001782,0.001782,0.000000,True
1722,1,2.353156,2.5869,386.563,0.000000,0.000000,0.000000,0.0000,0.241660,0.001781,0.001781,0.000000,True
1723,1,2.355743,2.6036,384.084,0.000000,0.000000,0.000000,0.0000,0.241655,0.001779,0.001779,0.000000,True
1724,1,2.358348,2.5802,387.567,0.000000,0.000000,0.000000,0.0000,0.241657,0.001775,0.001775,0.000000,True
1725,1,2.360928,2.5725,388.727,0.000000,0.000000,0.000000,0.0000,0.241676,0.001770,0.001770,0.000000,True
1726,1,2.363501,2.5229,396.369,0.000000,0.000000,0.000000,0.0000,0.241692,0.001771,0.001771,0.000000,True
1727,1,2.366024,2.6078,383.465,0.000000,0.000000,0.000000,0.0000,0.241697,0.001775,0.001775,0.000000,True
1728,1,2.368632,2.5660,389.712,0.000000,0.000000,0.000000,0.0000,0.241695,0.001779,0.001779,0.000000,True
1729,1,2.371198,2.6269,380.677,0.000000,0.000000,0.000000,0.0000,0.241689,0.001782,0.001782,0.000000,True
1730,1,2.373826,2.5920,385.803,0.000000,0.000000,0.000000,0.0000,0.241676,0.001785,0.001785,0.000000,True
1731,1,2.376418,2.5367,394.213,0.000000,0.000000,0.000000,0.0000,0.241661,0.001787,0.001787,0.000000,True
1732,1,2.378955,2.5511,391.988,0.000000,0.000000,0.000000,0.0000,0.241657,0.001788,0.001788,0.000000,True
1733,1,2.381507,2.5758,388.229,0.000000,0.000000,0.000000,0.0000,0.241637,0.001789,0.001789,0.000000,True
1734,1,2.384083,2.5582,390.900,0.000000,0.000000,0.000000,0.0000,0.241619,0.001789,0.001789,0.000000,True
1735,1,2.386642,2.6212,381.505,0.000000,0.000000,0.000000,0.0000,0.241606,0.001788,0.001788,0.000000,True
1736,1,2.389263,2.5501,392.142,0.000000,0.000000,0.000000,0.0000,0.241604,0.001786,0.001786,0.000000,True
1737,1,2.391814,2.5675,389.484,0.000000,0.000000,0.000000,0.0000,0.241607,0.001782,0.001782,0.000000,True
1738,1,2.394382,2.5588,390.808,0.000000,0.000000,0.000000,0.0000,0.241618,0.001778,0.001778,0.000000,True
1739,1,2.396941,2.5723,388.757,0.000000,0.000000,0.000000,0.0000,0.241631,0.001776,0.001776,0.000000,True
1740,1,2.399513,2.5478,392.496,0.000000,0.000000,0.000000,0.0000,0.241638,0.001780,0.001780,0.000000,True
1741,1,2.402062,2.6017,384.364,0.000000,0.000000,0.000000,0.0000,0.241641,0.001783,0.001783,0.000000,True
1742,1,2.404664,2.5376,394.073,0.000000,0.000000,0.000000,0.0000,0.241638,0.001787,0.001787,0.000000,True
1743,1,2.407202,2.5756,388.259,0.000000,0.000000,0.000000,0.0000,0.241631,0.001790,0.001790,0.000000,True
1744,1,2.409778,2.6219,381.403,0.000000,0.000000,0.000000,0.0000,0.241621,0.001792,0.001792,0.000000,True
1745,1,2.412400,2.5602,390.595,0.000000,0.000000,0.000000,0.0000,0.241609,0.001794,0.001794,0.000000,True
1746,1,2.414961,2.5626,390.229,0.000000,0.000000,0.000000,0.0000,0.241608,0.001795,0.001795,0.000000,True
1747,1,2.417524,2.8390,352.237,0.000000,0.000000,0.000000,0.0000,0.241592,0.001794,0.001794,0.000000,True
1748,1,2.420363,2.5369,394.182,0.000000,0.000000,0.000000,0.0000,0.241579,0.001795,0.001795,0.000000,True
1749,1,2.422900,2.6276,380.575,0.000000,0.000000,0.000000,0.0000,0.241574,0.001791,0.001791,0.000000,True
1750,1,2.425529,2.8213,354.447,0.000000,0.000000,0.000000,0.0000,0.241578,0.001788,0.001788,0.000000,True
1751,1,2.428350,2.5941,385.490,0.000000,0.000000,0.000000,0.0000,0.241589,0.001784,0.001784,0.000000,True
1752,1,2.430945,2.5452,392.896,0.000000,0.000000,0.000000,0.0000,0.241608,0.001781,0.001781,0.000000,True
1753,1,2.433491,2.6249,380.967,0.000000,0.000000,0.000000,0.0000,0.241620,0.001784,0.001784,0.000000,True
1754,1,2.436116,2.5912,385.922,0.000000,0.000000,0.000000,0.0000,0.241624,0.001788,0.001788,0.000000,True
1755,1,2.438708,2.5779,387.913,0.000000,0.000000,0.000000,0.0000,0.241626,0.001792,0.001792,0.000000,True
1756,1,2.441286,2.8185,354.799,0.000000,0.000000,0.000000,0.0000,0.241609,0.001794,0.001794,0.000000,True
1757,1,2.444105,2.5670,389.560,0.000000,0.000000,0.000000,0.0000,0.241599,0.001798,0.001798,0.000000,True
1758,1,2.446673,2.5339,394.649,0.000000,0.000000,0.000000,0.0000,0.241588,0.001798,0.001798,0.000000,True
1759,1,2.449207,2.6141,382.541,0.000000,0.000000,0.000000,0.0000,0.241579,0.001799,0.001799,0.000000,True
1760,1,2.451822,2.6596,375.996,0.000000,0.000000,0.000000,0.0000,0.241567,0.001799,0.001799,0.000000,True
1761,1,2.454482,2.6067,383.627,0.000000,0.000000,0.000000,0.0000,0.241554,0.001799,0.001799,0.000000,True
1762,1,2.457089,2.5355,394.400,0.000000,0.000000,0.000000,0.0000,0.241544,0.001796,0.001796,0.000000,True
1763,1,2.459625,2.5827,387.192,0.000000,0.000000,0.000000,0.0000,0.241551,0.001793,0.001793,0.000000,True
1764,1,2.462208,2.5472,392.588,0.000000,0.000000,0.000000,0.0000,0.241553,0.001789,0.001789,0.000000,True
1765,1,2.464755,2.6805,373.065,0.000000,0.000000,0.000000,0.0000,0.241565,0.001785,0.001785,0.000000,True
1766,1,2.467437,2.8338,352.883,0.000000,0.000000,0.000000,0.0000,0.241570,0.001788,0.001788,0.000000,True
1767,1,2.470271,2.5714,388.893,0.000000,0.000000,0.000000,0.0000,0.241568,0.001792,0.001792,0.000000,True
1768,1,2.472842,2.5242,396.165,0.000000,0.000000,0.000000,0.0000,0.241563,0.001795,0.001795,0.000000,True
1769,1,2.475367,2.5527,391.742,0.000000,0.000000,0.000000,0.0000,0.241554,0.001797,0.001797,0.000000,True
1770,1,2.477920,2.5548,391.420,0.000000,0.000000,0.000000,0.0000,0.241541,0.001799,0.001799,0.000000,True
1771,1,2.480475,2.5991,384.749,0.000000,0.000000,0.000000,0.0000,0.241527,0.001801,0.001801,0.000000,True
1772,1,2.483074,2.7260,366.838,0.000000,0.000000,0.000000,0.0000,0.241513,0.001802,0.001802,0.000000,True
1773,1,2.485801,2.6092,383.259,0.000000,0.000000,0.000000,0.0000,0.241489,0.001803,0.001803,0.000000,True
1774,1,2.488411,2.5503,392.111,0.000000,0.000000,0.000000,0.0000,0.241477,0.001801,0.001801,0.000000,True
1775,1,2.490961,2.5529,391.711,0.000000,0.000000,0.000000,0.0000,0.241471,0.001799,0.001799,0.000000,True
1776,1,2.493514,2.5621,390.305,0.000000,0.000000,0.000000,0.0000,0.241464,0.001796,0.001796,0.000000,True
1777,1,2.496077,2.6115,382.922,0.000000,0.000000,0.000000,0.0000,0.241476,0.001793,0.001793,0.000000,True
1778,1,2.498688,2.5477,392.511,0.000000,0.000000,0.000000,0.0000,0.241493,0.001789,0.001789,0.000000,True
1779,1,2.501236,2.6206,381.592,0.000000,0.000000,0.000000,0.0000,0.241504,0.001791,0.001791,0.000000,True
1780,1,2.503857,2.5629,390.183,0.000000,0.000000,0.000000,0.0000,0.241492,0.001794,0.001794,0.000000,True
1781,1,2.506421,2.6066,383.642,0.000000,0.000000,0.000000,0.0000,0.241496,0.001797,0.001797,0.000000,True
1782,1,2.509028,2.6485,377.572,0.000000,0.000000,0.000000,0.0000,0.241496,0.001800,0.001800,0.000000,True
1783,1,2.511677,2.6049,383.892,0.000000,0.000000,0.000000,0.0000,0.241491,0.001802,0.001802,0.000000,True
1784,1,2.514282,2.5705,389.029,0.000000,0.000000,0.000000,0.0000,0.241484,0.001803,0.001803,0.000000,True
1785,1,2.516853,2.5388,393.887,0.000000,0.000000,0.000000,0.0000,0.241465,0.001804,0.001804,0.000000,True
1786,1,2.519392,2.5444,393.020,0.000000,0.000000,0.000000,0.0000,0.241460,0.001804,0.001804,0.000000,True
1787,1,2.521937,2.5852,386.817,0.000000,0.000000,0.000000,0.0000,0.241444,0.001804,0.001804,0.000000,True
1788,1,2.524523,2.8592,349.748,0.000000,0.000000,0.000000,0.0000,0.241446,0.001803,0.001803,0.000000,True
1789,1,2.527382,2.5710,388.954,0.000000,0.000000,0.000000,0.0000,0.241435,0.001802,0.001802,0.000000,True
1790,1,2.529953,2.5828,387.177,0.000000,0.000000,0.000000,0.0000,0.241446,0.001798,0.001798,0.000000,True
1791,1,2.532537,2.5490,392.311,0.000000,0.000000,0.000000,0.0000,0.241457,0.001794,0.001794,0.000000,True
1792,1,2.535086,2.5844,386.937,0.000000,0.000000,0.000000,0.0000,0.241477,0.001795,0.001795,0.000000,True
1793,1,2.537671,2.5300,395.257,0.000000,0.000000,0.000000,0.0000,0.241495,0.001797,0.001797,0.000000,True
1794,1,2.540202,2.6008,384.497,0.000000,0.000000,0.000000,0.0000,0.241494,0.001799,0.001799,0.000000,True
1795,1,2.542803,2.7752,360.334,0.000000,0.000000,0.000000,0.0000,0.241491,0.001802,0.001802,0.000000,True
1796,1,2.545579,2.5813,387.402,0.000000,0.000000,0.000000,0.0000,0.241485,0.001805,0.001805,0.000000,True
1797,1,2.548161,2.5803,387.552,0.000000,0.000000,0.000000,0.0000,0.241478,0.001806,0.001806,0.000000,True
1798,1,2.550742,2.5645,389.940,0.000000,0.000000,0.000000,0.0000,0.241480,0.001807,0.001807,0.000000,True
1799,1,2.553308,2.8951,345.411,0.000000,0.000000,0.000000,0.0000,0.241479,0.001807,0.001807,0.000000,True
1800,1,2.556203,2.5526,391.757,0.000000,0.000000,0.000000,0.0000,0.241475,0.001808,0.001808,0.000000,True
1801,1,2.558756,2.5949,385.371,0.000000,0.000000,0.000000,0.0000,0.241475,0.001806,0.001806,0.000000,True
1802,1,2.561352,2.5685,389.332,0.000000,0.000000,0.000000,0.0000,0.241476,0.001804,0.001804,0.000000,True
1803,1,2.563921,2.6883,371.982,0.000000,0.000000,0.000000,0.0000,0.241481,0.001802,0.001802,0.000000,True
1804,1,2.566609,2.5163,397.409,0.000000,0.000000,0.000000,0.0000,0.241490,0.001798,0.001798,0.000000,True
1805,1,2.569126,2.4948,400.834,0.000000,0.000000,0.000000,0.0000,0.241498,0.001798,0.001798,0.000000,True
1806,1,2.571621,2.5396,393.763,0.000000,0.000000,0.000000,0.0000,0.241503,0.001800,0.001800,0.000000,True
1807,1,2.574161,2.5972,385.030,0.000000,0.000000,0.000000,0.0000,0.241494,0.001802,0.001802,0.000000,True
1808,1,2.576759,2.5367,394.213,0.000000,0.000000,0.000000,0.0000,0.241504,0.001804,0.001804,0.000000,True
1809,1,2.579296,2.4887,401.816,0.000000,0.000000,0.000000,0.0000,0.241511,0.001806,0.001806,0.000000,True
1810,1,2.581785,2.5656,389.772,0.000000,0.000000,0.000000,0.0000,0.241514,0.001807,0.001807,0.000000,True
1811,1,2.584351,2.5314,395.038,0.000000,0.000000,0.000000,0.0000,0.241518,0.001808,0.001808,0.000000,True
1812,1,2.586882,2.5529,391.711,0.000000,0.000000,0.000000,0.0000,0.241521,0.001809,0.001809,0.000000,True
1813,1,2.589435,2.6458,377.958,0.000000,0.000000,0.000000,0.0000,0.241534,0.001809,0.001809,0.000000,True
1814,1,2.592081,2.5332,394.758,0.000000,0.000000,0.000000,0.0000,0.241542,0.001809,0.001809,0.000000,True
1815,1,2.594615,2.6007,384.512,0.000000,0.000000,0.000000,0.0000,0.241536,0.001807,0.001807,0.000000,True
1816,1,2.597216,2.5640,390.016,0.000000,0.000000,0.000000,0.0000,0.241531,0.001806,0.001806,0.000000,True
1817,1,2.599780,2.5869,386.563,0.000000,0.000000,0.000000,0.0000,0.241535,0.001803,0.001803,0.000000,True
1818,1,2.600000,7.0188,142.475,0.000000,0.000000,0.000000,0.0000,0.241540,0.001801,0.001801,0.000000,True
1819,2,0.007149,22.0893,45.271,0.000000,0.000000,0.000000,0.0000,0.223512,0.000354,0.000354,0.000000,True
1820,2,0.029239,2.5359,394.337,0.000000,0.000000,0.000000,0.0000,0.223555,0.001193,0.001193,0.000000,True
1821,2,0.031775,2.5863,386.653,0.000000,0.000000,0.000000,0.0000,0.223392,0.001033,0.001033,0.000000,True
1822,2,0.034363,2.6191,381.811,0.000000,0.000000,0.000000,0.0000,0.223300,0.000963,0.000963,0.000000,True
1823,2,0.036982,2.5642,389.985,0.000000,0.000000,0.000000,0.0000,0.223287,0.000957,0.000957,0.000000,True
1824,2,0.039547,2.5354,394.415,0.000000,0.000000,0.000000,0.0000,0.223333,0.000989,0.000989,0.000000,True
1825,2,0.042082,2.5756,388.259,0.000000,0.000000,0.000000,0.0000,0.223427,0.001037,0.001037,0.000000,True
1826,2,0.044658,2.5417,393.438,0.000000,0.000000,0.000000,0.0000,0.223564,0.001093,0.001093,0.000000,True
1827,2,0.047200,2.5980,384.912,0.000000,0.000000,0.000000,0.0000,0.223728,0.001150,0.001150,0.000000,True
1828,2,0.049799,2.5689,389.272,0.000000,0.000000,0.000000,0.0000,0.223916,0.001208,0.001208,0.000000,True
1829,2,0.052368,2.5578,390.961,0.000000,0.000000,0.000000,0.0000,0.224111,0.001261,0.001261,0.000000,True
1830,2,0.054926,2.5379,394.027,0.000000,0.000000,0.000000,0.0000,0.224299,0.001307,0.001307,0.000000,True
1831,2,0.057464,2.5985,384.837,0.000000,0.000000,0.000000,0.0000,0.224470,0.001345,0.001345,0.000000,True
1832,2,0.060063,2.5453,392.881,0.000000,0.000000,0.000000,0.0000,0.224617,0.001374,0.001374,0.000000,True
1833,2,0.062609,2.6200,381.679,0.000000,0.000000,0.000000,0.0000,0.224735,0.001389,0.001389,0.000000,True
1834,2,0.065231,2.5940,385.505,0.000000,0.000000,0.000000,0.0000,0.224824,0.001392,0.001392,0.000000,True
1835,2,0.067825,2.6051,383.862,0.000000,0.000000,0.000000,0.0000,0.224891,0.001377,0.001377,0.000000,True
1836,2,0.070430,2.5252,396.008,0.000000,0.000000,0.000000,0.0000,0.224953,0.001385,0.001385,0.000000,True
1837,2,0.072956,2.5869,386.563,0.000000,0.000000,0.000000,0.0000,0.225025,0.001422,0.001422,0.000000,True
1838,2,0.075543,2.5560,391.236,0.000000,0.000000,0.000000,0.0000,0.225085,0.001474,0.001474,0.000000,True
1839,2,0.078100,2.5607,390.518,0.000000,0.000000,0.000000,0.0000,0.225159,0.001530,0.001530,0.000000,True
1840,2,0.080661,2.5451,392.912,0.000000,0.000000,0.000000,0.0000,0.225226,0.001589,0.001589,0.000000,True
1841,2,0.083206,2.5190,396.983,0.000000,0.000000,0.000000,0.0000,0.225284,0.001646,0.001646,0.000000,True
1842,2,0.085726,2.5453,392.881,0.000000,0.000000,0.000000,0.0000,0.225327,0.001698,0.001698,0.000000,True
1843,2,0.088271,2.5213,396.621,0.000000,0.000000,0.000000,0.0000,0.225353,0.001747,0.001747,0.000000,True
1844,2,0.090793,2.6115,382.922,0.000000,0.000000,0.000000,0.0000,0.225361,0.001785,0.001785,0.000000,True
1845,2,0.093405,2.5354,394.415,0.000000,0.000000,0.000000,0.0000,0.225351,0.001817,0.001817,0.000000,True
1846,2,0.095941,2.6089,383.303,0.000000,0.000000,0.000000,0.0000,0.225315,0.001833,0.001833,0.000000,True
1847,2,0.098550,2.5386,393.918,0.000000,0.000000,0.000000,0.0000,0.225273,0.001838,0.001838,0.000000,True
1848,2,0.101089,2.6070,383.583,0.000000,0.000000,0.000000,0.0000,0.225216,0.001825,0.001825,0.000000,True
1849,2,0.103697,2.5355,394.400,0.000000,0.000000,0.000000,0.0000,0.225172,0.001825,0.001825,0.000000,True
1850,2,0.106233,2.5972,385.030,0.000000,0.000000,0.000000,0.0000,0.225151,0.001859,0.001859,0.000000,True
1851,2,0.108830,2.5343,394.586,0.000000,0.000000,0.000000,0.0000,0.225170,0.001908,0.001908,0.000000,True
1852,2,0.111365,2.5753,388.304,0.000000,0.000000,0.000000,0.0000,0.225186,0.001962,0.001962,0.000000,True
1853,2,0.113941,2.5205,396.747,0.000000,0.000000,0.000000,0.0000,0.225213,0.002019,0.002019,0.000000,True
1854,2,0.116461,2.5094,398.502,0.000000,0.000000,0.000000,0.0000,0.225238,0.002073,0.002073,0.000000,True
1855,2,0.118971,2.5550,391.389,0.000000,0.000000,0.000000,0.0000,0.225259,0.002123,0.002123,0.000000,True
1856,2,0.121526,2.5648,389.894,0.000000,0.000000,0.000000,0.0000,0.225270,0.002169,0.002169,0.000000,True
1857,2,0.124092,2.5754,388.289,0.000000,0.000000,0.000000,0.0000,0.225264,0.002207,0.002207,0.000000,True
1858,2,0.126667,2.5275,395.648,0.000000,0.000000,0.000000,0.0000,0.225241,0.002236,0.002236,0.000000,True
1859,2,0.129195,2.6360,379.363,0.000000,0.000000,0.000000,0.0000,0.225202,0.002251,0.002251,0.000000,True
1860,2,0.131833,2.7569,362.726,0.000000,0.000000,0.000000,0.0000,0.225149,0.002257,0.002257,0.000000,True
1861,2,0.134590,2.5385,393.933,0.000000,0.000000,0.000000,0.0000,0.225080,0.002246,0.002246,0.000000,True
1862,2,0.137129,2.5746,388.410,0.000000,0.000000,0.000000,0.0000,0.225008,0.002238,0.002238,0.000000,True
1863,2,0.139704,2.5436,393.144,0.000000,0.000000,0.000000,0.0000,0.224974,0.002269,0.002269,0.000000,True
1864,2,0.142248,2.5665,389.636,0.000000,0.000000,0.000000,0.0000,0.224964,0.002311,0.002311,0.000000,True
1865,2,0.144815,2.5606,390.534,0.000000,0.000000,0.000000,0.0000,0.224974,0.002361,0.002361,0.000000,True
1866,2,0.147376,2.5335,394.711,0.000000,0.000000,0.000000,0.0000,0.224984,0.002410,0.002410,0.000000,True
1867,2,0.149910,2.5848,386.877,0.000000,0.000000,0.000000,0.0000,0.225011,0.002457,0.002457,0.000000,True
1868,2,0.152496,2.5535,391.619,0.000000,0.000000,0.000000,0.0000,0.225049,0.002503,0.002503,0.000000,True
1869,2,0.155049,2.7737,360.529,0.000000,0.000000,0.000000,0.0000,0.225047,0.002541,0.002541,0.000000,True
1870,2,0.157824,2.7628,361.952,0.000000,0.000000,0.000000,0.0000,0.225054,0.002581,0.002581,0.000000,True
1871,2,0.160587,2.5369,394.182,0.000000,0.000000,0.000000,0.0000,0.225048,0.002604,0.002604,0.000000,True
1872,2,0.163124,2.6175,382.044,0.000000,0.000000,0.000000,0.0000,0.224997,0.002610,0.002610,0.000000,True
1873,2,0.165742,2.5805,387.522,0.000000,0.000000,0.000000,0.0000,0.224929,0.002610,0.002610,0.000000,True
1874,2,0.168323,2.5365,394.244,0.000000,0.000000,0.000000,0.0000,0.224846,0.002596,0.002596,0.000000,True
1875,2,0.170860,2.5651,389.848,0.000000,0.000000,0.000000,0.0000,0.224766,0.002589,0.002589,0.000000,True
1876,2,0.173426,2.5441,393.066,0.000000,0.000000,0.000000,0.0000,0.224720,0.002617,0.002617,0.000000,True
1877,2,0.175970,2.5258,395.914,0.000000,0.000000,0.000000,0.0000,0.224712,0.002655,0.002655,0.000000,True
1878,2,0.178496,2.4878,401.962,0.000000,0.000000,0.000000,0.0000,0.224715,0.002696,0.002696,0.000000,True
1879,2,0.180984,2.5574,391.022,0.000000,0.000000,0.000000,0.0000,0.224739,0.002736,0.002736,0.000000,True
1880,2,0.183542,2.8224,354.308,0.000000,0.000000,0.000000,0.0000,0.224783,0.002776,0.002776,0.000000,True
1881,2,0.186365,2.5326,394.851,0.000000,0.000000,0.000000,0.0000,0.224824,0.002822,0.002822,0.000000,True
1882,2,0.188898,2.5796,387.657,0.000000,0.000000,0.000000,0.0000,0.224849,0.002844,0.002844,0.000000,True
1883,2,0.191478,2.5332,394.758,0.000000,0.000000,0.000000,0.0000,0.224865,0.002866,0.002866,0.000000,True
1884,2,0.194012,2.5183,397.093,0.000000,0.000000,0.000000,0.0000,0.224860,0.002879,0.002879,0.000000,True
1885,2,0.196531,2.6518,377.102,0.000000,0.000000,0.000000,0.0000,0.224839,0.002885,0.002885,0.000000,True
1886,2,0.199183,2.5474,392.557,0.000000,0.000000,0.000000,0.0000,0.224801,0.002883,0.002883,0.000000,True
1887,2,0.201731,2.5770,388.048,0.000000,0.000000,0.000000,0.0000,0.224746,0.002868,0.002868,0.000000,True
1888,2,0.204308,2.5423,393.345,0.000000,0.000000,0.000000,0.0000,0.224681,0.002856,0.002856,0.000000,True
1889,2,0.206851,2.5641,390.000,0.000000,0.000000,0.000000,0.0000,0.224647,0.002881,0.002881,0.000000,True
1890,2,0.209415,2.5892,386.220,0.000000,0.000000,0.000000,0.0000,0.224633,0.002917,0.002917,0.000000,True
1891,2,0.212005,2.5566,391.145,0.000000,0.000000,0.000000,0.0000,0.224653,0.002955,0.002955,0.000000,True
1892,2,0.214562,2.5803,387.552,0.000000,0.000000,0.000000,0.0000,0.224679,0.002988,0.002988,0.000000,True
1893,2,0.217142,2.5489,392.326,0.000000,0.000000,0.000000,0.0000,0.224734,0.003019,0.003019,0.000000,True
1894,2,0.219691,2.5776,387.958,0.000000,0.000000,0.000000,0.0000,0.224782,0.003044,0.003044,0.000000,True
1895,2,0.222270,2.6482,377.615,0.000000,0.000000,0.000000,0.0000,0.224851,0.003064,0.003064,0.000000,True
1896,2,0.224919,2.5409,393.561,0.000000,0.000000,0.000000,0.0000,0.224895,0.003079,0.003079,0.000000,True
1897,2,0.227460,2.5379,394.027,0.000000,0.000000,0.000000,0.0000,0.224921,0.003082,0.003082,0.000000,True
1898,2,0.229998,2.6201,381.665,0.000000,0.000000,0.000000,0.0000,0.224931,0.003079,0.003079,0.000000,True
1899,2,0.232618,2.5311,395.085,0.000000,0.000000,0.000000,0.0000,0.224922,0.003059,0.003059,0.000000,True
1900,2,0.235150,2.6037,384.069,0.000000,0.000000,0.000000,0.0000,0.224891,0.003015,0.003015,0.000000,True
1901,2,0.237754,2.5674,389.499,0.000000,0.000000,0.000000,0.0000,0.224850,0.002971,0.002971,0.000000,True
1902,2,0.240322,2.5505,392.080,0.000000,0.000000,0.000000,0.0000,0.224833,0.002988,0.002988,0.000000,True
1903,2,0.242873,2.5572,391.053,0.000000,0.000000,0.000000,0.0000,0.224842,0.003031,0.003031,0.000000,True
1904,2,0.245430,2.5658,389.742,0.000000,0.000000,0.000000,0.0000,0.224870,0.003076,0.003076,0.000000,True
1905,2,0.247996,2.5387,393.902,0.000000,0.000000,0.000000,0.0000,0.224921,0.003114,0.003114,0.000000,True
1906,2,0.250535,2.5486,392.372,0.000000,0.000000,0.000000,0.0000,0.224982,0.003139,0.003139,0.000000,True
1907,2,0.253085,2.6355,379.435,0.000000,0.000000,0.000000,0.0000,0.225051,0.003152,0.003152,0.000000,True
1908,2,0.255720,2.5938,385.535,0.000000,0.000000,0.000000,0.0000,0.225122,0.003156,0.003156,0.000000,True
1909,2,0.258315,2.5709,388.969,0.000000,0.000000,0.000000,0.0000,0.225175,0.003142,0.003142,0.000000,True
1910,2,0.260886,2.5833,387.102,0.000000,0.000000,0.000000,0.0000,0.225229,0.003115,0.003115,0.000000,True
1911,2,0.263470,2.5788,387.777,0.000000,0.000000,0.000000,0.0000,0.225257,0.003078,0.003078,0.000000,True
1912,2,0.266049,2.6093,383.245,0.000000,0.000000,0.000000,0.0000,0.225268,0.003031,0.003031,0.000000,True
1913,2,0.268659,2.5428,393.267,0.000000,0.000000,0.000000,0.0000,0.225260,0.002976,0.002976,0.000000,True
1914,2,0.271202,2.5791,387.732,0.000000,0.000000,0.000000,0.0000,0.225235,0.002920,0.002920,0.000000,True
1915,2,0.273781,2.5423,393.345,0.000000,0.000000,0.000000,0.0000,0.225228,0.002929,0.002929,0.000000,True
1916,2,0.276324,2.5797,387.642,0.000000,0.000000,0.000000,0.0000,0.225265,0.002966,0.002966,0.000000,True
1917,2,0.278904,2.5349,394.493,0.000000,0.000000,0.000000,0.0000,0.225334,0.003005,0.003005,0.000000,True
1918,2,0.281439,2.5842,386.967,0.000000,0.000000,0.000000,0.0000,0.225423,0.003030,0.003030,0.000000,True
1919,2,0.284024,2.6287,380.416,0.000000,0.000000,0.000000,0.0000,0.225524,0.003046,0.003046,0.000000,True
1920,2,0.286653,2.6010,384.468,0.000000,0.000000,0.000000,0.0000,0.225640,0.003050,0.003050,0.000000,True
1921,2,0.289254,2.5762,388.169,0.000000,0.000000,0.000000,0.0000,0.225756,0.003036,0.003036,0.000000,True
1922,2,0.291831,2.5990,384.763,0.000000,0.000000,0.000000,0.0000,0.225886,0.003009,0.003009,0.000000,True
1923,2,0.294430,2.5507,392.049,0.000000,0.000000,0.000000,0.0000,0.225986,0.002974,0.002974,0.000000,True
1924,2,0.296981,2.6105,383.068,0.000000,0.000000,0.000000,0.0000,0.226067,0.002928,0.002928,0.000000,True
1925,2,0.299592,2.6175,382.044,0.000000,0.000000,0.000000,0.0000,0.226132,0.002879,0.002879,0.000000,True
1926,2,0.302210,2.5679,389.423,0.000000,0.000000,0.000000,0.0000,0.226160,0.002822,0.002822,0.000000,True
1927,2,0.304779,2.5380,394.011,0.000000,0.000000,0.000000,0.0000,0.226163,0.002766,0.002766,0.000000,True
1928,2,0.307318,2.5355,394.400,0.000000,0.000000,0.000000,0.0000,0.226183,0.002771,0.002771,0.000000,True
1929,2,0.309853,2.5551,391.374,0.000000,0.000000,0.000000,0.0000,0.226229,0.002802,0.002802,0.000000,True
1930,2,0.312409,2.5352,394.446,0.000000,0.000000,0.000000,0.0000,0.226305,0.002831,0.002831,0.000000,True
1931,2,0.314944,2.5837,387.042,0.000000,0.000000,0.000000,0.0000,0.226403,0.002845,0.002845,0.000000,True
1932,2,0.317528,2.5749,388.365,0.000000,0.000000,0.000000,0.0000,0.226521,0.002849,0.002849,0.000000,True
1933,2,0.320104,2.4957,400.689,0.000000,0.000000,0.000000,0.0000,0.226654,0.002836,0.002836,0.000000,True
1934,2,0.322600,2.5634,390.107,0.000000,0.000000,0.000000,0.0000,0.226790,0.002807,0.002807,0.000000,True
1935,2,0.325164,2.5392,393.825,0.000000,0.000000,0.000000,0.0000,0.226942,0.002774,0.002774,0.000000,True
1936,2,0.327703,2.5137,397.820,0.000000,0.000000,0.000000,0.0000,0.227075,0.002731,0.002731,0.000000,True
1937,2,0.330217,2.4618,406.207,0.000000,0.000000,0.000000,0.0000,0.227195,0.002681,0.002681,0.000000,True
1938,2,0.332679,2.5298,395.288,0.000000,0.000000,0.000000,0.0000,0.227296,0.002628,0.002628,0.000000,True
1939,2,0.335210,2.6858,372.329,0.000000,0.000000,0.000000,0.0000,0.227374,0.002576,0.002576,0.000000,True
1940,2,0.337896,2.4970,400.481,0.000000,0.000000,0.000000,0.0000,0.227420,0.002521,0.002521,0.000000,True
1941,2,0.340393,2.5171,397.283,0.000000,0.000000,0.000000,0.0000,0.227453,0.002509,0.002509,0.000000,True
1942,2,0.342911,2.4595,406.587,0.000000,0.000000,0.000000,0.0000,0.227497,0.002535,0.002535,0.000000,True
1943,2,0.345371,2.5131,397.915,0.000000,0.000000,0.000000,0.0000,0.227551,0.002555,0.002555,0.000000,True
1944,2,0.347885,2.5398,393.732,0.000000,0.000000,0.000000,0.0000,0.227616,0.002566,0.002566,0.000000,True
1945,2,0.350425,2.4773,403.665,0.000000,0.000000,0.000000,0.0000,0.227692,0.002564,0.002564,0.000000,True
1946,2,0.352902,2.5000,400.000,0.000000,0.000000,0.000000,0.0000,0.227793,0.002545,0.002545,0.000000,True
1947,2,0.355403,2.6275,380.590,0.000000,0.000000,0.000000,0.0000,0.227884,0.002518,0.002518,0.000000,True
1948,2,0.358031,2.4844,402.512,0.000000,0.000000,0.000000,0.0000,0.227987,0.002487,0.002487,0.000000,True
1949,2,0.360516,2.4461,408.814,0.000000,0.000000,0.000000,0.0000,0.228097,0.002437,0.002437,0.000000,True
1950,2,0.362962,2.5386,393.918,0.000000,0.000000,0.000000,0.0000,0.228207,0.002386,0.002386,0.000000,True
1951,2,0.365501,2.5220,396.511,0.000000,0.000000,0.000000,0.0000,0.228328,0.002338,0.002338,0.000000,True
1952,2,0.368024,2.5047,399.249,0.000000,0.000000,0.000000,0.0000,0.228425,0.002285,0.002285,0.000000,True
1953,2,0.370529,2.5844,386.937,0.000000,0.000000,0.000000,0.0000,0.228503,0.002232,0.002232,0.000000,True
1954,2,0.373114,2.4805,403.145,0.000000,0.000000,0.000000,0.0000,0.228566,0.002195,0.002195,0.000000,True
1955,2,0.375595,2.4642,405.811,0.000000,0.000000,0.000000,0.0000,0.228618,0.002202,0.002202,0.000000,True
1956,2,0.378059,2.5203,396.778,0.000000,0.000000,0.000000,0.0000,0.228660,0.002212,0.002212,0.000000,True
1957,2,0.380580,2.5183,397.093,0.000000,0.000000,0.000000,0.0000,0.228721,0.002214,0.002214,0.000000,True
1958,2,0.383099,2.5039,399.377,0.000000,0.000000,0.000000,0.0000,0.228787,0.002205,0.002205,0.000000,True
1959,2,0.385603,2.4794,403.323,0.000000,0.000000,0.000000,0.0000,0.228856,0.002186,0.002186,0.000000,True
1960,2,0.388083,2.5484,392.403,0.000000,0.000000,0.000000,0.0000,0.228943,0.002158,0.002158,0.000000,True
1961,2,0.390632,2.6146,382.468,0.000000,0.000000,0.000000,0.0000,0.229052,0.002127,0.002127,0.000000,True
1962,2,0.393247,2.5260,395.883,0.000000,0.000000,0.000000,0.0000,0.229183,0.002091,0.002091,0.000000,True
1963,2,0.395773,2.4720,404.531,0.000000,0.000000,0.000000,0.0000,0.229328,0.002047,0.002047,0.000000,True
1964,2,0.398246,2.4994,400.096,0.000000,0.000000,0.000000,0.0000,0.229492,0.002003,0.002003,0.000000,True
1965,2,0.400746,2.5047,399.249,0.000000,0.000000,0.000000,0.0000,0.229639,0.001963,0.001963,0.000000,True
1966,2,0.403251,2.5180,397.141,0.000000,0.000000,0.000000,0.0000,0.229779,0.001924,0.001924,0.000000,True
1967,2,0.405769,2.5155,397.535,0.000000,0.000000,0.000000,0.0000,0.229881,0.001890,0.001890,0.000000,True
1968,2,0.408285,2.5200,396.825,0.000000,0.000000,0.000000,0.0000,0.229973,0.001875,0.001875,0.000000,True
1969,2,0.410806,2.4796,403.291,0.000000,0.000000,0.000000,0.0000,0.230068,0.001867,0.001867,0.000000,True
1970,2,0.413286,2.5100,398.406,0.000000,0.000000,0.000000,0.0000,0.230147,0.001854,0.001854,0.000000,True
1971,2,0.415796,2.4845,402.496,0.000000,0.000000,0.000000,0.0000,0.230222,0.001835,0.001835,0.000000,True
1972,2,0.418281,2.4875,402.010,0.000000,0.000000,0.000000,0.0000,0.230303,0.001810,0.001810,0.000000,True
1973,2,0.420769,2.8467,351.284,0.000000,0.000000,0.000000,0.0000,0.230387,0.001782,0.001782,0.000000,True
1974,2,0.423617,2.5006,399.904,0.000000,0.000000,0.000000,0.0000,0.230491,0.001751,0.001751,0.000000,True
1975,2,0.426118,2.4548,407.365,0.000000,0.000000,0.000000,0.0000,0.230286,0.001716,0.001716,0.000000,True
1976,2,0.428573,2.5619,390.335,0.000000,0.000000,0.000000,0.0000,0.230012,0.001685,0.001685,0.000000,True
1977,2,0.431135,2.7566,362.766,0.000000,0.000000,0.000000,0.0000,0.229783,0.001657,0.001657,0.000000,True
1978,2,0.433892,2.5112,398.216,0.000000,0.000000,0.000000,0.0000,0.229614,0.001631,0.001631,0.000000,True
1979,2,0.436404,2.5183,397.093,0.000000,0.000000,0.000000,0.0000,0.229565,0.001610,0.001610,0.000000,True
1980,2,0.438923,2.5362,394.291,0.000000,0.000000,0.000000,0.0000,0.229609,0.001597,0.001597,0.000000,True
1981,2,0.441460,2.6743,373.930,0.000000,0.000000,0.000000,0.0000,0.229640,0.001579,0.001579,0.000000,True
1982,2,0.444134,2.5156,397.520,0.000000,0.000000,0.000000,0.0000,0.229540,0.001547,0.001547,0.000000,True
1983,2,0.446651,2.4896,401.671,0.000000,0.000000,0.000000,0.0000,0.229352,0.001512,0.001512,0.000000,True
1984,2,0.449140,2.5328,394.820,0.000000,0.000000,0.000000,0.0000,0.229119,0.001474,0.001474,0.000000,True
1985,2,0.451674,2.5129,397.947,0.000000,0.000000,0.000000,0.0000,0.228840,0.001432,0.001432,0.000000,True
1986,2,0.454187,2.5513,391.957,0.000000,0.000000,0.000000,0.0000,0.228564,0.001390,0.001390,0.000000,True
1987,2,0.456739,2.5077,398.772,0.000000,0.000000,0.000000,0.0000,0.228299,0.001348,0.001348,0.000000,True
1988,2,0.459247,2.5334,394.727,0.000000,0.000000,0.000000,0.0000,0.228074,0.001311,0.001311,0.000000,True
1989,2,0.461780,2.5425,393.314,0.000000,0.000000,0.000000,0.0000,0.227867,0.001277,0.001277,0.000000,True
1990,2,0.464323,2.5044,399.297,0.000000,0.000000,0.000000,0.0000,0.227713,0.001251,0.001251,0.000000,True
1991,2,0.466828,2.5745,388.425,0.000000,0.000000,0.000000,0.0000,0.227626,0.001234,0.001234,0.000000,True
1992,2,0.469403,2.5122,398.058,0.000000,0.000000,0.000000,0.0000,0.227600,0.001227,0.001227,0.000000,True
1993,2,0.471916,2.5907,385.996,0.000000,0.000000,0.000000,0.0000,0.227657,0.001234,0.001234,0.000000,True
1994,2,0.474507,2.7290,366.435,0.000000,0.000000,0.000000,0.0000,0.227714,0.001231,0.001231,0.000000,True
1995,2,0.477236,2.5221,396.495,0.000000,0.000000,0.000000,0.0000,0.227623,0.001168,0.001168,0.000000,True
1996,2,0.479759,2.5465,392.696,0.000000,0.000000,0.000000,0.0000,0.227455,0.001103,0.001103,0.000000,True
1997,2,0.482306,2.5266,395.789,0.000000,0.000000,0.000000,0.0000,0.227243,0.001031,0.001031,0.000000,True
1998,2,0.484833,2.5093,398.518,0.000000,0.000000,0.000000,0.0000,0.227028,0.000962,0.000962,0.000000,True
1999,2,0.487343,2.5046,399.265,0.000000,0.000000,0.000000,0.0000,0.226832,0.000896,0.000896,0.000000,True
2000,2,0.489848,2.5262,395.852,0.000000,0.000000,0.000000,0.0000,0.226671,0.000835,0.000835,0.000000,True
2001,2,0.492374,2.4730,404.367,0.000000,0.000000,0.000000,0.0000,0.226552,0.000778,0.000778,0.000000,True
2002,2,0.494848,2.4941,400.946,0.000000,0.000000,0.000000,0.0000,0.226493,0.000737,0.000737,0.000000,True
2003,2,0.497342,2.4856,402.317,0.000000,0.000000,0.000000,0.0000,0.226480,0.000705,0.000705,0.000000,True
2004,2,0.499828,2.5337,394.680,0.000000,0.000000,0.000000,0.0000,0.226504,0.000691,0.000691,0.000000,True
2005,2,0.502363,2.7383,365.190,0.000000,0.000000,0.000000,0.0000,0.226549,0.000695,0.000695,0.000000,True
2006,2,0.505101,2.5094,398.502,0.000000,0.000000,0.000000,0.0000,0.226631,0.000722,0.000722,0.000000,True
2007,2,0.507611,2.6339,379.665,0.000000,0.000000,0.000000,0.0000,0.226742,0.000771,0.000771,0.000000,True
2008,2,0.510246,2.5130,397.931,0.000000,0.000000,0.000000,0.0000,0.226752,0.000701,0.000701,0.000000,True
2009,2,0.512759,2.5848,386.877,0.000000,0.000000,0.000000,0.0000,0.226678,0.000595,0.000595,0.000000,True
2010,2,0.515344,2.4902,401.574,0.000000,0.000000,0.000000,0.0000,0.226561,0.000471,0.000471,0.000000,True
2011,2,0.517835,2.4963,400.593,0.000000,0.000000,0.000000,0.0000,0.226473,0.000358,0.000358,0.000000,True
2012,2,0.520332,2.5033,399.473,0.000000,0.000000,0.000000,0.0000,0.226385,0.000243,0.000243,0.000000,True
2013,2,0.522838,2.5501,392.142,0.000000,0.000000,0.000000,0.0000,0.226281,0.000130,0.000130,0.000000,True
2014,2,0.525388,2.5123,398.042,0.000000,0.000000,0.000000,0.0000,0.226141,0.000072,0.000072,0.000000,True
2015,2,0.527901,2.5141,397.757,0.000000,0.000000,0.000000,0.0000,0.226011,0.000081,0.000081,0.000000,True
2016,2,0.530415,2.5367,394.213,0.000000,0.000000,0.000000,0.0000,0.225849,0.000092,0.000092,0.000000,True
2017,2,0.532952,2.5299,395.273,0.000000,0.000000,0.000000,0.0000,0.225735,0.000098,0.000098,0.000000,True
2018,2,0.535483,2.5484,392.403,0.000000,0.000000,0.000000,0.0000,0.225694,0.000108,0.000108,0.000000,True
2019,2,0.538033,2.5134,397.867,0.000000,0.000000,0.000000,0.0000,0.225755,0.000122,0.000122,0.000000,True
2020,2,0.540547,2.5473,392.573,0.000000,0.000000,0.000000,0.0000,0.225919,0.000145,0.000145,0.000000,True
2021,2,0.543095,2.5104,398.343,0.000000,0.000000,0.000000,0.0000,0.226075,0.000143,0.000143,0.000000,True
2022,2,0.545605,2.4974,400.416,0.000000,0.000000,0.000000,0.0000,0.226172,0.000120,0.000120,0.000000,True
2023,2,0.548103,2.4678,405.219,0.000000,0.000000,0.000000,0.0000,0.226211,0.000095,0.000095,0.000000,True
2024,2,0.550571,2.4995,400.080,0.000000,0.000000,0.000000,0.0000,0.226186,0.000078,0.000078,0.000000,True
2025,2,0.553071,2.4826,402.804,0.000000,0.000000,0.000000,0.0000,0.226126,0.000077,0.000077,0.000000,True
2026,2,0.555554,2.5043,399.313,0.000000,0.000000,0.000000,0.0000,0.226025,0.000153,0.000153,0.000000,True
2027,2,0.558058,2.5393,393.809,0.000000,0.000000,0.000000,0.0000,0.225846,0.000295,0.000295,0.000000,True
2028,2,0.560598,2.4828,402.771,0.000000,0.000000,0.000000,0.0000,0.225670,0.000369,0.000369,0.000000,True
2029,2,0.563081,2.4951,400.786,0.000000,0.000000,0.000000,0.0000,0.225516,0.000418,0.000418,0.000000,True
2030,2,0.565577,2.4843,402.528,0.000000,0.000000,0.000000,0.0000,0.225393,0.000455,0.000455,0.000000,True
2031,2,0.568062,2.5053,399.154,0.000000,0.000000,0.000000,0.0000,0.225299,0.000476,0.000476,0.000000,True
2032,2,0.570567,2.4774,403.649,0.000000,0.000000,0.000000,0.0000,0.225283,0.000482,0.000482,0.000000,True
2033,2,0.573045,2.5265,395.805,0.000000,0.000000,0.000000,0.0000,0.225339,0.000468,0.000468,0.000000,True
2034,2,0.575572,2.9553,338.375,0.000000,0.000000,0.000000,0.0000,0.225458,0.000456,0.000456,0.000000,True
2035,2,0.578528,2.5785,387.822,0.000000,0.000000,0.000000,0.0000,0.225547,0.000518,0.000518,0.000000,True
2036,2,0.581107,2.4657,405.564,0.000000,0.000000,0.000000,0.0000,0.225613,0.000590,0.000590,0.000000,True
2037,2,0.583573,2.5072,398.851,0.000000,0.000000,0.000000,0.0000,0.225642,0.000663,0.000663,0.000000,True
2038,2,0.586080,2.5280,395.570,0.000000,0.000000,0.000000,0.0000,0.225626,0.000742,0.000742,0.000000,True
2039,2,0.588609,2.5115,398.168,0.000000,0.000000,0.000000,0.0000,0.225577,0.000818,0.000818,0.000000,True
2040,2,0.591121,2.5491,392.295,0.000000,0.000000,0.000000,0.0000,0.225492,0.000887,0.000887,0.000000,True
2041,2,0.593670,2.4846,402.479,0.000000,0.000000,0.000000,0.0000,0.225407,0.000951,0.000951,0.000000,True
2042,2,0.596156,2.4490,408.330,0.000000,0.000000,0.000000,0.0000,0.225335,0.000999,0.000999,0.000000,True
2043,2,0.598605,2.5245,396.118,0.000000,0.000000,0.000000,0.0000,0.225279,0.001036,0.001036,0.000000,True
2044,2,0.601130,2.8114,355.695,0.000000,0.000000,0.000000,0.0000,0.225261,0.001064,0.001064,0.000000,True
2045,2,0.603942,4.6265,216.146,0.000000,0.000000,0.000000,0.0000,0.225254,0.001081,0.001081,0.000000,True
2046,2,0.608569,2.4361,410.492,0.000000,0.000000,0.000000,0.0000,0.225268,0.001068,0.001068,0.000000,True
2047,2,0.611005,2.5042,399.329,0.000000,0.000000,0.000000,0.0000,0.225357,0.001074,0.001074,0.000000,True
2048,2,0.613510,2.4809,403.080,0.000000,0.000000,0.000000,0.0000,0.225481,0.001126,0.001126,0.000000,True
2049,2,0.615991,2.5028,399.553,0.000000,0.000000,0.000000,0.0000,0.225628,0.001188,0.001188,0.000000,True
2050,2,0.618494,2.5060,399.042,0.000000,0.000000,0.000000,0.0000,0.225758,0.001254,0.001254,0.000000,True
2051,2,0.621001,2.4932,401.091,0.000000,0.000000,0.000000,0.0000,0.225856,0.001321,0.001321,0.000000,True
2052,2,0.623494,2.4649,405.696,0.000000,0.000000,0.000000,0.0000,0.225961,0.001384,0.001384,0.000000,True
2053,2,0.625960,2.5531,391.681,0.000000,0.000000,0.000000,0.0000,0.226059,0.001441,0.001441,0.000000,True
2054,2,0.628513,2.7672,361.376,0.000000,0.000000,0.000000,0.0000,0.226154,0.001498,0.001498,0.000000,True
2055,2,0.631281,2.4986,400.224,0.000000,0.000000,0.000000,0.0000,0.226253,0.001553,0.001553,0.000000,True
2056,2,0.633780,2.4617,406.223,0.000000,0.000000,0.000000,0.0000,0.226336,0.001579,0.001579,0.000000,True
2057,2,0.636242,2.5292,395.382,0.000000,0.000000,0.000000,0.0000,0.226405,0.001596,0.001596,0.000000,True
2058,2,0.638772,2.5714,388.893,0.000000,0.000000,0.000000,0.0000,0.226452,0.001600,0.001600,0.000000,True
2059,2,0.641344,2.5036,399.425,0.000000,0.000000,0.000000,0.0000,0.226483,0.001591,0.001591,0.000000,True
2060,2,0.643848,2.4726,404.433,0.000000,0.000000,0.000000,0.0000,0.226568,0.001593,0.001593,0.000000,True
2061,2,0.646321,2.6114,382.936,0.000000,0.000000,0.000000,0.0000,0.226751,0.001619,0.001619,0.000000,True
2062,2,0.648933,2.4795,403.307,0.000000,0.000000,0.000000,0.0000,0.227006,0.001653,0.001653,0.000000,True
2063,2,0.651413,2.5193,396.936,0.000000,0.000000,0.000000,0.0000,0.227276,0.001687,0.001687,0.000000,True
2064,2,0.653933,2.5161,397.441,0.000000,0.000000,0.000000,0.0000,0.227546,0.001725,0.001725,0.000000,True
2065,2,0.656449,2.4748,404.073,0.000000,0.000000,0.000000,0.0000,0.227610,0.001763,0.001763,0.000000,True
2066,2,0.658924,2.4787,403.437,0.000000,0.000000,0.000000,0.0000,0.227496,0.001799,0.001799,0.000000,True
2067,2,0.661403,2.4955,400.721,0.000000,0.000000,0.000000,0.0000,0.227370,0.001834,0.001834,0.000000,True
2068,2,0.663899,2.6731,374.098,0.000000,0.000000,0.000000,0.0000,0.227249,0.001866,0.001866,0.000000,True
2069,2,0.666573,2.4829,402.755,0.000000,0.000000,0.000000,0.0000,0.227162,0.001897,0.001897,0.000000,True
2070,2,0.669056,2.4795,403.307,0.000000,0.000000,0.000000,0.0000,0.227071,0.001916,0.001916,0.000000,True
2071,2,0.671536,2.5073,398.835,0.000000,0.000000,0.000000,0.0000,0.227001,0.001930,0.001930,0.000000,True
2072,2,0.674045,2.6333,379.752,0.000000,0.000000,0.000000,0.0000,0.226951,0.001934,0.001934,0.000000,True
2073,2,0.676679,2.5184,397.078,0.000000,0.000000,0.000000,0.0000,0.226936,0.001934,0.001934,0.000000,True
2074,2,0.679198,2.4655,405.597,0.000000,0.000000,0.000000,0.0000,0.227007,0.001952,0.001952,0.000000,True
2075,2,0.681663,2.5303,395.210,0.000000,0.000000,0.000000,0.0000,0.227137,0.001978,0.001978,0.000000,True
2076,2,0.684194,2.6057,383.774,0.000000,0.000000,0.000000,0.0000,0.227296,0.002012,0.002012,0.000000,True
2077,2,0.686800,2.5146,397.678,0.000000,0.000000,0.000000,0.0000,0.227460,0.002051,0.002051,0.000000,True
2078,2,0.689315,2.4772,403.682,0.000000,0.000000,0.000000,0.0000,0.227603,0.002092,0.002092,0.000000,True
2079,2,0.691793,2.5708,388.984,0.000000,0.000000,0.000000,0.0000,0.227727,0.002134,0.002134,0.000000,True
2080,2,0.694365,2.8436,351.667,0.000000,0.000000,0.000000,0.0000,0.227848,0.002177,0.002177,0.000000,True
2081,2,0.697208,2.5699,389.120,0.000000,0.000000,0.000000,0.0000,0.227985,0.002223,0.002223,0.000000,True
2082,2,0.699779,2.4937,401.011,0.000000,0.000000,0.000000,0.0000,0.228071,0.002259,0.002259,0.000000,True
2083,2,0.702273,2.5021,399.664,0.000000,0.000000,0.000000,0.0000,0.228135,0.002290,0.002290,0.000000,True
2084,2,0.704776,2.4990,400.160,0.000000,0.000000,0.000000,0.0000,0.228139,0.002314,0.002314,0.000000,True
2085,2,0.707275,2.5289,395.429,0.000000,0.000000,0.000000,0.0000,0.228136,0.002329,0.002329,0.000000,True
2086,2,0.709804,2.4612,406.306,0.000000,0.000000,0.000000,0.0000,0.228094,0.002335,0.002335,0.000000,True
2087,2,0.712266,2.4808,403.096,0.000000,0.000000,0.000000,0.0000,0.228143,0.002346,0.002346,0.000000,True
2088,2,0.714747,2.4621,406.157,0.000000,0.000000,0.000000,0.0000,0.228287,0.002367,0.002367,0.000000,True
2089,2,0.717209,2.5111,398.232,0.000000,0.000000,0.000000,0.0000,0.228478,0.002396,0.002396,0.000000,True
2090,2,0.719721,2.5143,397.725,0.000000,0.000000,0.000000,0.0000,0.228691,0.003726,0.003726,0.000000,True
2091,2,0.722235,2.5169,397.314,0.000000,0.000000,0.000000,0.0000,0.228898,0.004429,0.004429,0.000000,True
2092,2,0.724753,2.5365,394.244,0.000000,0.000000,0.000000,0.0000,0.229089,0.004876,0.004876,0.000000,True
2093,2,0.727290,2.4714,404.629,0.000000,0.000000,0.000000,0.0000,0.229260,0.005282,0.005282,0.000000,True
2094,2,0.729761,2.5014,399.776,0.000000,0.000000,0.000000,0.0000,0.229404,0.005638,0.005638,0.000000,True
2095,2,0.732264,2.5717,388.848,0.000000,0.000000,0.000000,0.0000,0.229531,0.005951,0.005951,0.000000,True
2096,2,0.734836,2.4929,401.139,0.000000,0.000000,0.000000,0.0000,0.229643,0.006217,0.006217,0.000000,True
2097,2,0.737329,2.5115,398.168,0.000000,0.000000,0.000000,0.0000,0.229708,0.006411,0.006411,0.000000,True
2098,2,0.739841,2.5332,394.758,0.000000,0.000000,0.000000,0.0000,0.229721,0.006527,0.006527,0.000000,True
2099,2,0.742375,2.4883,401.881,0.000000,0.000000,0.000000,0.0000,0.229665,0.006555,0.006555,0.000000,True
2100,2,0.744863,2.5041,399.345,0.000000,0.000000,0.000000,0.0000,0.229611,0.006545,0.006545,0.000000,True
2101,2,0.747368,2.5289,395.429,0.000000,0.000000,0.000000,0.0000,0.229684,0.006610,0.006610,0.000000,True
2102,2,0.749897,2.4967,400.529,0.000000,0.000000,0.000000,0.0000,0.229830,0.006758,0.006758,0.000000,True
2103,2,0.752394,2.4950,400.802,0.000000,0.000000,0.000000,0.0000,0.230026,0.006962,0.006962,0.000000,True
2104,2,0.754890,2.5174,397.235,0.000000,0.000000,0.000000,0.0000,0.230235,0.007204,0.007204,0.000000,True
2105,2,0.757407,2.5193,396.936,0.000000,0.000000,0.000000,0.0000,0.230452,0.007471,0.007471,0.000000,True
2106,2,0.759927,2.5069,398.899,0.000000,0.000000,0.000000,0.0000,0.230681,0.007745,0.007745,0.000000,True
2107,2,0.762434,2.5532,391.665,0.000000,0.000000,0.000000,0.0000,0.230886,0.008011,0.008011,0.000000,True
2108,2,0.764988,2.5202,396.794,0.000000,0.000000,0.000000,0.0000,0.231086,0.008261,0.008261,0.000000,True
2109,2,0.767509,2.5083,398.676,0.000000,0.000000,0.000000,0.0000,0.231229,0.008476,0.008476,0.000000,True
2110,2,0.770017,2.4961,400.625,0.000000,0.000000,0.000000,0.0000,0.231322,0.008645,0.008645,0.000000,True
2111,2,0.772514,2.5436,393.144,0.000000,0.000000,0.000000,0.0000,0.231369,0.008757,0.008757,0.000000,True
2112,2,0.775058,2.7394,365.044,0.000000,0.000000,0.000000,0.0000,0.231345,0.008804,0.008804,0.000000,True
2113,2,0.777798,2.5697,389.151,0.000000,0.000000,0.000000,0.0000,0.231262,0.008786,0.008786,0.000000,True
2114,2,0.780368,2.5145,397.693,0.000000,0.000000,0.000000,0.0000,0.231275,0.008806,0.008806,0.000000,True
2115,2,0.782883,2.5517,391.896,0.000000,0.000000,0.000000,0.0000,0.231393,0.008893,0.008893,0.000000,True
2116,2,0.785435,2.5160,397.456,0.000000,0.000000,0.000000,0.0000,0.231548,0.009036,0.009036,0.000000,True
2117,2,0.787951,2.5644,389.955,0.000000,0.000000,0.000000,0.0000,0.231702,0.009213,0.009213,0.000000,True
2118,2,0.790516,2.6634,375.460,0.000000,0.000000,0.000000,0.0000,0.231853,0.009414,0.009414,0.000000,True
2119,2,0.793180,2.5340,394.633,0.000000,0.000000,0.000000,0.0000,0.231999,0.009633,0.009633,0.000000,True
2120,2,0.795714,2.5721,388.787,0.000000,0.000000,0.000000,0.0000,0.232109,0.009838,0.009838,0.000000,True
2121,2,0.798287,2.6823,372.814,0.000000,0.000000,0.000000,0.0000,0.232216,0.010029,0.010029,0.000000,True
2122,2,0.800970,2.5445,393.005,0.000000,0.000000,0.000000,0.0000,0.232314,0.010203,0.010203,0.000000,True
2123,2,0.803515,2.6482,377.615,0.000000,0.000000,0.000000,0.0000,0.232359,0.010332,0.010332,0.000000,True
2124,2,0.806163,2.5601,390.610,0.000000,0.000000,0.000000,0.0000,0.232374,0.010419,0.010419,0.000000,True
2125,2,0.808724,2.5274,395.664,0.000000,0.000000,0.000000,0.0000,0.232330,0.010447,0.010447,0.000000,True
2126,2,0.811252,2.5194,396.920,0.000000,0.000000,0.000000,0.0000,0.232239,0.010419,0.010419,0.000000,True
2127,2,0.813772,2.5118,398.121,0.000000,0.000000,0.000000,0.0000,0.232244,0.010406,0.010406,0.000000,True
2128,2,0.816284,2.6488,377.529,0.000000,0.000000,0.000000,0.0000,0.232314,0.010443,0.010443,0.000000,True
2129,2,0.818933,2.5145,397.693,0.000000,0.000000,0.000000,0.0000,0.232434,0.010530,0.010530,0.000000,True
2130,2,0.821448,2.5523,391.804,0.000000,0.000000,0.000000,0.0000,0.232546,0.010645,0.010645,0.000000,True
2131,2,0.824000,2.5401,393.685,0.000000,0.000000,0.000000,0.0000,0.232658,0.010781,0.010781,0.000000,True
2132,2,0.826541,2.5352,394.446,0.000000,0.000000,0.000000,0.0000,0.232742,0.010928,0.010928,0.000000,True
2133,2,0.829077,2.5327,394.836,0.000000,0.000000,0.000000,0.0000,0.232804,0.011077,0.011077,0.000000,True
2134,2,0.831609,2.5435,393.159,0.000000,0.000000,0.000000,0.0000,0.232848,0.011220,0.011220,0.000000,True
2135,2,0.834154,2.7105,368.936,0.000000,0.000000,0.000000,0.0000,0.232869,0.011350,0.011350,0.000000,True
2136,2,0.836865,2.5285,395.491,0.000000,0.000000,0.000000,0.0000,0.232884,0.011464,0.011464,0.000000,True
2137,2,0.839394,2.4992,400.128,0.000000,0.000000,0.000000,0.0000,0.232859,0.011545,0.011545,0.000000,True
2138,2,0.841893,2.5318,394.976,0.000000,0.000000,0.000000,0.0000,0.232802,0.011586,0.011586,0.000000,True
2139,2,0.844425,2.4774,403.649,0.000000,0.000000,0.000000,0.0000,0.232709,0.011586,0.011586,0.000000,True
2140,2,0.846903,2.5164,397.393,0.000000,0.000000,0.000000,0.0000,0.232661,0.011577,0.011577,0.000000,True
2141,2,0.849421,2.5051,399.186,0.000000,0.000000,0.000000,0.0000,0.232667,0.011594,0.011594,0.000000,True
2142,2,0.851926,2.5027,399.569,0.000000,0.000000,0.000000,0.0000,0.232704,0.011643,0.011643,0.000000,True
2143,2,0.854429,2.4933,401.075,0.000000,0.000000,0.000000,0.0000,0.232752,0.011717,0.011717,0.000000,True
2144,2,0.856923,2.5211,396.652,0.000000,0.000000,0.000000,0.0000,0.232806,0.011809,0.011809,0.000000,True
2145,2,0.859444,2.4823,402.852,0.000000,0.000000,0.000000,0.0000,0.232840,0.011914,0.011914,0.000000,True
2146,2,0.861927,2.5619,390.335,0.000000,0.000000,0.000000,0.0000,0.232858,0.012027,0.012027,0.000000,True
2147,2,0.864489,2.5004,399.936,0.000000,0.000000,0.000000,0.0000,0.232865,0.012141,0.012141,0.000000,True
2148,2,0.866990,2.5627,390.213,0.000000,0.000000,0.000000,0.0000,0.232843,0.012250,0.012250,0.000000,True
2149,2,0.869553,2.5177,397.188,0.000000,0.000000,0.000000,0.0000,0.232837,0.012350,0.012350,0.000000,True
2150,2,0.872071,2.5895,386.175,0.000000,0.000000,0.000000,0.0000,0.232815,0.012434,0.012434,0.000000,True
2151,2,0.874663,2.5988,384.793,0.000000,0.000000,0.000000,0.0000,0.232777,0.012496,0.012496,0.000000,True
2152,2,0.877262,2.5169,397.314,0.000000,0.000000,0.000000,0.0000,0.232718,0.012530,0.012530,0.000000,True
2153,2,0.879781,2.6139,382.570,0.000000,0.000000,0.000000,0.0000,0.232657,0.012541,0.012541,0.000000,True
2154,2,0.882395,2.5289,395.429,0.000000,0.000000,0.000000,0.0000,0.232646,0.012556,0.012556,0.000000,True
2155,2,0.884925,2.5155,397.535,0.000000,0.000000,0.000000,0.0000,0.232647,0.012591,0.012591,0.000000,True
2156,2,0.887440,2.5656,389.772,0.000000,0.000000,0.000000,0.0000,0.232656,0.012643,0.012643,0.000000,True
2157,2,0.890006,2.5128,397.962,0.000000,0.000000,0.000000,0.0000,0.232663,0.012710,0.012710,0.000000,True
2158,2,0.892519,2.5613,390.427,0.000000,0.000000,0.000000,0.0000,0.232685,0.012788,0.012788,0.000000,True
2159,2,0.895082,2.7615,362.122,0.000000,0.000000,0.000000,0.0000,0.232681,0.012872,0.012872,0.000000,True
2160,2,0.897843,2.5051,399.186,0.000000,0.000000,0.000000,0.0000,0.232685,0.012965,0.012965,0.000000,True
2161,2,0.900349,2.5000,400.000,0.000000,0.000000,0.000000,0.0000,0.232699,0.013056,0.013056,0.000000,True
2162,2,0.902849,2.5273,395.679,0.000000,0.000000,0.000000,0.0000,0.232722,0.013138,0.013138,0.000000,True
2163,2,0.905377,2.5240,396.197,0.000000,0.000000,0.000000,0.0000,0.232718,0.013212,0.013212,0.000000,True
2164,2,0.907901,2.5331,394.773,0.000000,0.000000,0.000000,0.0000,0.232698,0.013272,0.013272,0.000000,True
2165,2,0.910435,2.4414,409.601,0.000000,0.000000,0.000000,0.0000,0.232657,0.013316,0.013316,0.000000,True
2166,2,0.912876,2.4961,400.625,0.000000,0.000000,0.000000,0.0000,0.232591,0.013339,0.013339,0.000000,True
2167,2,0.915373,2.4984,400.256,0.000000,0.000000,0.000000,0.0000,0.232530,0.013351,0.013351,0.000000,True
2168,2,0.917872,2.5607,390.518,0.000000,0.000000,0.000000,0.0000,0.232490,0.013368,0.013368,0.000000,True
2169,2,0.920433,2.6533,376.889,0.000000,0.000000,0.000000,0.0000,0.232465,0.013393,0.013393,0.000000,True
2170,2,0.923087,2.4803,403.177,0.000000,0.000000,0.000000,0.0000,0.232435,0.013427,0.013427,0.000000,True
2171,2,0.925568,2.4538,407.531,0.000000,0.000000,0.000000,0.0000,0.232411,0.013472,0.013472,0.000000,True
2172,2,0.928022,2.4874,402.026,0.000000,0.000000,0.000000,0.0000,0.232408,0.013524,0.013524,0.000000,True
2173,2,0.930510,2.4781,403.535,0.000000,0.000000,0.000000,0.0000,0.232396,0.013582,0.013582,0.000000,True
2174,2,0.932988,2.4912,401.413,0.000000,0.000000,0.000000,0.0000,0.232377,0.013646,0.013646,0.000000,True
2175,2,0.935480,2.5250,396.040,0.000000,0.000000,0.000000,0.0000,0.232352,0.013712,0.013712,0.000000,True
2176,2,0.938005,2.5286,395.476,0.000000,0.000000,0.000000,0.0000,0.232318,0.013778,0.013778,0.000000,True
2177,2,0.940534,2.5074,398.820,0.000000,0.000000,0.000000,0.0000,0.232272,0.013844,0.013844,0.000000,True
2178,2,0.943042,2.4754,403.975,0.000000,0.000000,0.000000,0.0000,0.232199,0.013905,0.013905,0.000000,True
2179,2,0.945518,2.5048,399.234,0.000000,0.000000,0.000000,0.0000,0.232086,0.013958,0.013958,0.000000,True
2180,2,0.948023,2.5423,393.345,0.000000,0.000000,0.000000,0.0000,0.231949,0.013986,0.013986,0.000000,True
2181,2,0.950566,2.5263,395.836,0.000000,0.000000,0.000000,0.0000,0.231843,0.013988,0.013988,0.000000,True
2182,2,0.953093,2.7750,360.360,0.000000,0.000000,0.000000,0.0000,0.231778,0.013975,0.013975,0.000000,True
2183,2,0.955868,2.5249,396.055,0.000000,0.000000,0.000000,0.0000,0.231720,0.013946,0.013946,0.000000,True
2184,2,0.958395,2.4740,404.204,0.000000,0.000000,0.000000,0.0000,0.231682,0.013923,0.013923,0.000000,True
2185,2,0.960869,2.4922,401.252,0.000000,0.000000,0.000000,0.0000,0.231664,0.013904,0.013904,0.000000,True
2186,2,0.963362,2.4938,400.995,0.000000,0.000000,0.000000,0.0000,0.231657,0.013891,0.013891,0.000000,True
2187,2,0.965856,2.4807,403.112,0.000000,0.000000,0.000000,0.0000,0.231656,0.013886,0.013886,0.000000,True
2188,2,0.968337,2.4803,403.177,0.000000,0.000000,0.000000,0.0000,0.231660,0.013894,0.013894,0.000000,True
2189,2,0.970818,2.4688,405.055,0.000000,0.000000,0.000000,0.0000,0.231651,0.013915,0.013915,0.000000,True
2190,2,0.973287,2.5203,396.778,0.000000,0.000000,0.000000,0.0000,0.231611,0.013951,0.013951,0.000000,True
2191,2,0.975808,2.5502,392.126,0.000000,0.000000,0.000000,0.0000,0.231485,0.014002,0.014002,0.000000,True
2192,2,0.978359,2.5302,395.226,0.000000,0.000000,0.000000,0.0000,0.231334,0.014069,0.014069,0.000000,True
2193,2,0.980889,2.5447,392.974,0.000000,0.000000,0.000000,0.0000,0.231187,0.014133,0.014133,0.000000,True
2194,2,0.983434,2.5433,393.190,0.000000,0.000000,0.000000,0.0000,0.231060,0.014141,0.014141,0.000000,True
2195,2,0.985978,2.5396,393.763,0.000000,0.000000,0.000000,0.0000,0.230998,0.014109,0.014109,0.000000,True
2196,2,0.988518,2.5979,384.926,0.000000,0.000000,0.000000,0.0000,0.230994,0.014049,0.014049,0.000000,True
2197,2,0.991119,3.0027,333.034,0.000000,0.000000,0.000000,0.0000,0.231011,0.013971,0.013971,0.000000,True
2198,2,0.994122,2.5302,395.226,0.000000,0.000000,0.000000,0.0000,0.231015,0.013861,0.013861,0.000000,True
2199,2,0.996652,2.4933,401.075,0.000000,0.000000,0.000000,0.0000,0.231041,0.013792,0.013792,0.000000,True
2200,2,0.999146,2.4966,400.545,0.000000,0.000000,0.000000,0.0000,0.231067,0.013742,0.013742,0.000000,True
2201,2,1.001643,2.5070,398.883,0.000000,0.000000,0.000000,0.0000,0.231090,0.013712,0.013712,0.000000,True
2202,2,1.004150,2.5019,399.696,0.000000,0.000000,0.000000,0.0000,0.231088,0.013706,0.013706,0.000000,True
2203,2,1.006652,2.8102,355.847,0.000000,0.000000,0.000000,0.0000,0.231019,0.013730,0.013730,0.000000,True
2204,2,1.009463,2.5158,397.488,0.000000,0.000000,0.000000,0.0000,0.230854,0.013776,0.013776,0.000000,True
2205,2,1.011979,2.5534,391.635,0.000000,0.000000,0.000000,0.0000,0.230665,0.013872,0.013872,0.000000,True
2206,2,1.014533,2.5086,398.629,0.000000,0.000000,0.000000,0.0000,0.230457,0.013975,0.013975,0.000000,True
2207,2,1.017041,2.5398,393.732,0.000000,0.000000,0.000000,0.0000,0.230273,0.014002,0.014002,0.000000,True
2208,2,1.019582,2.5175,397.220,0.000000,0.000000,0.000000,0.0000,0.230143,0.013960,0.013960,0.000000,True
2209,2,1.022100,2.5867,386.593,0.000000,0.000000,0.000000,0.0000,0.230134,0.013874,0.013874,0.000000,True
2210,2,1.024688,2.5507,392.049,0.000000,0.000000,0.000000,0.0000,0.230171,0.013756,0.013756,0.000000,True
2211,2,1.027239,2.5724,388.742,0.000000,0.000000,0.000000,0.0000,0.230202,0.013632,0.013632,0.000000,True
2212,2,1.029812,2.5187,397.030,0.000000,0.000000,0.000000,0.0000,0.230222,0.013512,0.013512,0.000000,True
2213,2,1.032331,2.5801,387.582,0.000000,0.000000,0.000000,0.0000,0.230253,0.013416,0.013416,0.000000,True
2214,2,1.034911,2.6286,380.431,0.000000,0.000000,0.000000,0.0000,0.230266,0.013343,0.013343,0.000000,True
2215,2,1.037540,2.5009,399.856,0.000000,0.000000,0.000000,0.0000,0.230272,0.013302,0.013302,0.000000,True
2216,2,1.040042,2.5307,395.148,0.000000,0.000000,0.000000,0.0000,0.230185,0.013316,0.013316,0.000000,True
2217,2,1.042573,2.5085,398.645,0.000000,0.000000,0.000000,0.0000,0.230028,0.013375,0.013375,0.000000,True
2218,2,1.045082,2.4775,403.633,0.000000,0.000000,0.000000,0.0000,0.229820,0.013482,0.013482,0.000000,True
2219,2,1.047559,2.4461,408.814,0.000000,0.000000,0.000000,0.0000,0.229586,0.013627,0.013627,0.000000,True
2220,2,1.050006,2.5216,396.574,0.000000,0.000000,0.000000,0.0000,0.229377,0.013695,0.013695,0.000000,True
2221,2,1.052528,2.5161,397.441,0.000000,0.000000,0.000000,0.0000,0.229242,0.013663,0.013663,0.000000,True
2222,2,1.055045,2.5161,397.441,0.000000,0.000000,0.000000,0.0000,0.229189,0.013560,0.013560,0.000000,True
2223,2,1.057561,2.5084,398.661,0.000000,0.000000,0.000000,0.0000,0.229238,0.013418,0.013418,0.000000,True
2224,2,1.060070,2.4685,405.104,0.000000,0.000000,0.000000,0.0000,0.229339,0.013259,0.013259,0.000000,True
2225,2,1.062539,2.5370,394.166,0.000000,0.000000,0.000000,0.0000,0.229429,0.013109,0.013109,0.000000,True
2226,2,1.065076,2.8201,354.597,0.000000,0.000000,0.000000,0.0000,0.229501,0.012968,0.012968,0.000000,True
2227,2,1.067897,2.5245,396.118,0.000000,0.000000,0.000000,0.0000,0.229530,0.012825,0.012825,0.000000,True
2228,2,1.070422,2.4865,402.172,0.000000,0.000000,0.000000,0.0000,0.229570,0.012764,0.012764,0.000000,True
2229,2,1.072908,2.5261,395.867,0.000000,0.000000,0.000000,0.0000,0.229530,0.012764,0.012764,0.000000,True
2230,2,1.075435,2.4669,405.367,0.000000,0.000000,0.000000,0.0000,0.229374,0.012813,0.012813,0.000000,True
2231,2,1.077902,2.4943,400.914,0.000000,0.000000,0.000000,0.0000,0.229002,0.012921,0.012921,0.000000,True
2232,2,1.080397,2.6952,371.030,0.000000,0.000000,0.000000,0.0000,0.228682,0.013086,0.013086,0.000000,True
2233,2,1.083093,2.5571,391.068,0.000000,0.000000,0.000000,0.0000,0.228547,0.013201,0.013201,0.000000,True
2234,2,1.085651,2.4907,401.494,0.000000,0.000000,0.000000,0.0000,0.228461,0.013181,0.013181,0.000000,True
2235,2,1.088142,2.5121,398.073,0.000000,0.000000,0.000000,0.0000,0.228454,0.013068,0.013068,0.000000,True
2236,2,1.090655,2.7037,369.864,0.000000,0.000000,0.000000,0.0000,0.228544,0.012896,0.012896,0.000000,True
2237,2,1.093359,2.4934,401.059,0.000000,0.000000,0.000000,0.0000,0.228694,0.012671,0.012671,0.000000,True
2238,2,1.095853,2.4845,402.496,0.000000,0.000000,0.000000,0.0000,0.228837,0.012478,0.012478,0.000000,True
2239,2,1.098338,2.4967,400.529,0.000000,0.000000,0.000000,0.0000,0.228942,0.012315,0.012315,0.000000,True
2240,2,1.100835,2.4883,401.881,0.000000,0.000000,0.000000,0.0000,0.229033,0.012186,0.012186,0.000000,True
2241,2,1.103323,2.4951,400.786,0.000000,0.000000,0.000000,0.0000,0.229116,0.012105,0.012105,0.000000,True
2242,2,1.105819,2.5694,389.196,0.000000,0.000000,0.000000,0.0000,0.228947,0.012078,0.012078,0.000000,True
2243,2,1.108389,2.5031,399.505,0.000000,0.000000,0.000000,0.0000,0.228589,0.012104,0.012104,0.000000,True
2244,2,1.110893,2.4708,404.727,0.000000,0.000000,0.000000,0.0000,0.228204,0.012205,0.012205,0.000000,True
2245,2,1.113364,2.5629,390.183,0.000000,0.000000,0.000000,0.0000,0.227845,0.012378,0.012378,0.000000,True
2246,2,1.115927,2.5378,394.042,0.000000,0.000000,0.000000,0.0000,0.227622,0.012561,0.012561,0.000000,True
2247,2,1.118465,2.5076,398.788,0.000000,0.000000,0.000000,0.0000,0.227640,0.012596,0.012596,0.000000,True
2248,2,1.120973,2.5277,395.617,0.000000,0.000000,0.000000,0.0000,0.227703,0.012500,0.012500,0.000000,True
2249,2,1.123502,2.5060,399.042,0.000000,0.000000,0.000000,0.0000,0.227827,0.012323,0.012323,0.000000,True
2250,2,1.126008,2.4787,403.437,0.000000,0.000000,0.000000,0.0000,0.227995,0.012111,0.012111,0.000000,True
2251,2,1.128487,2.5070,398.883,0.000000,0.000000,0.000000,0.0000,0.228176,0.011900,0.011900,0.000000,True
2252,2,1.130995,2.4943,400.914,0.000000,0.000000,0.000000,0.0000,0.228325,0.011703,0.011703,0.000000,True
2253,2,1.133489,2.4895,401.687,0.000000,0.000000,0.000000,0.0000,0.228442,0.011543,0.011543,0.000000,True
2254,2,1.135979,2.4854,402.350,0.000000,0.000000,0.000000,0.0000,0.228524,0.011432,0.011432,0.000000,True
2255,2,1.138465,2.5454,392.866,0.000000,0.000000,0.000000,0.0000,0.228208,0.011379,0.011379,0.000000,True
2256,2,1.141011,2.6636,375.432,0.000000,0.000000,0.000000,0.0000,0.227826,0.011379,0.011379,0.000000,True
2257,2,1.143675,2.5225,396.432,0.000000,0.000000,0.000000,0.0000,0.227408,0.011442,0.011442,0.000000,True
2258,2,1.146198,2.4981,400.304,0.000000,0.000000,0.000000,0.0000,0.226978,0.011596,0.011596,0.000000,True
2259,2,1.148696,2.5216,396.574,0.000000,0.000000,0.000000,0.0000,0.226593,0.011816,0.011816,0.000000,True
2260,2,1.151218,2.4876,401.994,0.000000,0.000000,0.000000,0.0000,0.226566,0.011907,0.011907,0.000000,True
2261,2,1.153706,2.5541,391.527,0.000000,0.000000,0.000000,0.0000,0.226567,0.011833,0.011833,0.000000,True
2262,2,1.156261,2.5118,398.121,0.000000,0.000000,0.000000,0.0000,0.226496,0.011643,0.011643,0.000000,True
2263,2,1.158773,2.5104,398.343,0.000000,0.000000,0.000000,0.0000,0.226412,0.011406,0.011406,0.000000,True
2264,2,1.161284,2.4793,403.340,0.000000,0.000000,0.000000,0.0000,0.226312,0.011160,0.011160,0.000000,True
2265,2,1.163764,2.5066,398.947,0.000000,0.000000,0.000000,0.0000,0.226129,0.010940,0.010940,0.000000,True
2266,2,1.166271,2.4921,401.268,0.000000,0.000000,0.000000,0.0000,0.225879,0.010753,0.010753,0.000000,True
2267,2,1.168763,2.5060,399.042,0.000000,0.000000,0.000000,0.0000,0.225512,0.010619,0.010619,0.000000,True
2268,2,1.171270,2.4613,406.289,0.000000,0.000000,0.000000,0.0000,0.224944,0.010544,0.010544,0.000000,True
2269,2,1.173731,2.5717,388.848,0.000000,0.000000,0.000000,0.0000,0.224239,0.010543,0.010543,0.000000,True
2270,2,1.176304,2.5012,399.808,0.000000,0.000000,0.000000,0.0000,0.223514,0.010598,0.010598,0.000000,True
2271,2,1.178805,2.5137,397.820,0.000000,0.000000,0.000000,0.0000,0.222689,0.010739,0.010739,0.000000,True
2272,2,1.181320,2.7096,369.058,0.000000,0.000000,0.000000,0.0000,0.221782,0.010962,0.010962,0.000000,True
2273,2,1.184029,2.5043,399.313,0.000000,0.000000,0.000000,0.0000,0.221129,0.011143,0.011143,0.000000,True
2274,2,1.186534,2.5225,396.432,0.000000,0.000000,0.000000,0.0000,0.220644,0.011125,0.011125,0.000000,True
2275,2,1.189057,2.5110,398.248,0.000000,0.000000,0.000000,0.0000,0.220151,0.010958,0.010958,0.000000,True
2276,2,1.191569,2.5145,397.693,0.000000,0.000000,0.000000,0.0000,0.219721,0.010718,0.010718,0.000000,True
2277,2,1.194083,2.5319,394.960,0.000000,0.000000,0.000000,0.0000,0.219339,0.010456,0.010456,0.000000,True
2278,2,1.196616,2.4968,400.513,0.000000,0.000000,0.000000,0.0000,0.218977,0.010204,0.010204,0.000000,True
2279,2,1.199113,2.5513,391.957,0.000000,0.000000,0.000000,0.0000,0.218702,0.009997,0.009997,0.000000,True
2280,2,1.201665,2.5119,398.105,0.000000,0.000000,0.000000,0.0000,0.218232,0.009832,0.009832,0.000000,True
2281,2,1.204177,2.5067,398.931,0.000000,0.000000,0.000000,0.0000,0.217590,0.009738,0.009738,0.000000,True
2282,2,1.206684,2.4980,400.320,0.000000,0.000000,0.000000,0.0000,0.216828,0.009716,0.009716,0.000000,True
2283,2,1.209183,2.4868,402.123,0.000000,0.000000,0.000000,0.0000,0.216015,0.009766,0.009766,0.000000,True
2284,2,1.211670,2.4500,408.163,0.000000,0.000000,0.000000,0.0000,0.215265,0.009891,0.009891,0.000000,True
2285,2,1.214120,2.5001,399.984,0.000000,0.000000,0.000000,0.0000,0.214550,0.010094,0.010094,0.000000,True
2286,2,1.216621,4.4758,223.424,0.000000,0.000000,0.000000,0.0000,0.213831,0.010336,0.010336,0.000000,True
2287,2,1.221097,2.5245,396.118,0.000000,0.000000,0.000000,0.0000,0.213189,0.010180,0.010180,0.000000,True
2288,2,1.223622,2.4719,404.547,0.000000,0.000000,0.000000,0.0000,0.212670,0.009986,0.009986,0.000000,True
2289,2,1.226094,2.4947,400.850,0.000000,0.000000,0.000000,0.0000,0.212201,0.009765,0.009765,0.000000,True
2290,2,1.228589,2.5331,394.773,0.000000,0.000000,0.000000,0.0000,0.211799,0.009521,0.009521,0.000000,True
2291,2,1.231122,2.5100,398.406,0.000000,0.000000,0.000000,0.0000,0.211521,0.009284,0.009284,0.000000,True
2292,2,1.233633,2.5943,385.460,0.000000,0.000000,0.000000,0.0000,0.211077,0.009092,0.009092,0.000000,True
2293,2,1.236228,2.6344,379.593,0.000000,0.000000,0.000000,0.0000,0.210481,0.008938,0.008938,0.000000,True
2294,2,1.238862,2.5403,393.654,0.000000,0.000000,0.000000,0.0000,0.209525,0.008845,0.008845,0.000000,True
2295,2,1.241405,2.5829,387.162,0.000000,0.000000,0.000000,0.0000,0.208783,0.008850,0.008850,0.000000,True
2296,2,1.243988,2.5416,393.453,0.000000,0.000000,0.000000,0.0000,0.207991,0.008929,0.008929,0.000000,True
2297,2,1.246530,2.5332,394.758,0.000000,0.000000,0.000000,0.0000,0.207306,0.009093,0.009093,0.000000,True
2298,2,1.249063,2.6014,384.408,0.000000,0.000000,0.000000,0.0000,0.206729,0.009343,0.009343,0.000000,True
2299,2,1.251666,2.5470,392.619,0.000000,0.000000,0.000000,0.0000,0.206195,0.009520,0.009520,0.000000,True
2300,2,1.254213,2.5343,394.586,0.000000,0.000000,0.000000,0.0000,0.205669,0.009476,0.009476,0.000000,True
2301,2,1.256748,2.5054,399.138,0.000000,0.000000,0.000000,0.0000,0.205205,0.009286,0.009286,0.000000,True
2302,2,1.259253,2.5484,392.403,0.000000,0.000000,0.000000,0.0000,0.204834,0.009034,0.009034,0.000000,True
2303,2,1.261802,2.7673,361.363,0.000000,0.000000,0.000000,0.0000,0.204522,0.008760,0.008760,0.000000,True
2304,2,1.264570,2.5024,399.616,0.000000,0.000000,0.000000,0.0000,0.204379,0.008456,0.008456,0.000000,True
2305,2,1.267073,2.5247,396.087,0.000000,0.000000,0.000000,0.0000,0.204127,0.008260,0.008260,0.000000,True
2306,2,1.269598,2.5233,396.306,0.000000,0.000000,0.000000,0.0000,0.203694,0.008119,0.008119,0.000000,True
2307,2,1.272122,2.5040,399.361,0.000000,0.000000,0.000000,0.0000,0.203115,0.008033,0.008033,0.000000,True
2308,2,1.274626,2.5382,393.980,0.000000,0.000000,0.000000,0.0000,0.202432,0.008015,0.008015,0.000000,True
2309,2,1.277165,2.5491,392.295,0.000000,0.000000,0.000000,0.0000,0.201678,0.008061,0.008061,0.000000,True
2310,2,1.279715,2.5316,395.007,0.000000,0.000000,0.000000,0.0000,0.200985,0.008181,0.008181,0.000000,True
2311,2,1.282247,2.5589,390.793,0.000000,0.000000,0.000000,0.0000,0.200366,0.008387,0.008387,0.000000,True
2312,2,1.284806,2.5471,392.603,0.000000,0.000000,0.000000,0.0000,0.199813,0.008588,0.008588,0.000000,True
2313,2,1.287354,2.5110,398.248,0.000000,0.000000,0.000000,0.0000,0.199276,0.008574,0.008574,0.000000,True
2314,2,1.289865,2.7514,363.451,0.000000,0.000000,0.000000,0.0000,0.198821,0.008405,0.008405,0.000000,True
2315,2,1.292617,2.5401,393.685,0.000000,0.000000,0.000000,0.0000,0.198442,0.008120,0.008120,0.000000,True
2316,2,1.295158,2.4851,402.398,0.000000,0.000000,0.000000,0.0000,0.198174,0.007854,0.007854,0.000000,True
2317,2,1.297643,2.5086,398.629,0.000000,0.000000,0.000000,0.0000,0.198055,0.007624,0.007624,0.000000,True
2318,2,1.300152,2.4792,403.356,0.000000,0.000000,0.000000,0.0000,0.197872,0.007422,0.007422,0.000000,True
2319,2,1.302632,2.5252,396.008,0.000000,0.000000,0.000000,0.0000,0.197602,0.007273,0.007273,0.000000,True
2320,2,1.305158,2.6772,373.525,0.000000,0.000000,0.000000,0.0000,0.197177,0.007168,0.007168,0.000000,True
2321,2,1.307835,2.5052,399.170,0.000000,0.000000,0.000000,0.0000,0.196595,0.007100,0.007100,0.000000,True
2322,2,1.310341,2.5004,399.936,0.000000,0.000000,0.000000,0.0000,0.195881,0.007138,0.007138,0.000000,True
2323,2,1.312842,2.4655,405.597,0.000000,0.000000,0.000000,0.0000,0.195166,0.007248,0.007248,0.000000,True
2324,2,1.315307,2.4935,401.043,0.000000,0.000000,0.000000,0.0000,0.194527,0.007429,0.007429,0.000000,True
2325,2,1.317801,2.4734,404.302,0.000000,0.000000,0.000000,0.0000,0.193955,0.007651,0.007651,0.000000,True
2326,2,1.320275,2.5062,399.011,0.000000,0.000000,0.000000,0.0000,0.193431,0.007699,0.007699,0.000000,True
2327,2,1.322782,2.8513,350.717,0.000000,0.000000,0.000000,0.0000,0.193011,0.007580,0.007580,0.000000,True
2328,2,1.325634,2.5389,393.871,0.000000,0.000000,0.000000,0.0000,0.192709,0.007319,0.007319,0.000000,True
2329,2,1.328173,2.4817,402.950,0.000000,0.000000,0.000000,0.0000,0.192552,0.007083,0.007083,0.000000,True
2330,2,1.330655,2.5158,397.488,0.000000,0.000000,0.000000,0.0000,0.192506,0.006876,0.006876,0.000000,True
2331,2,1.333171,2.5180,397.141,0.000000,0.000000,0.000000,0.0000,0.192443,0.006690,0.006690,0.000000,True
2332,2,1.335690,2.5242,396.165,0.000000,0.000000,0.000000,0.0000,0.192330,0.006544,0.006544,0.000000,True
2333,2,1.338214,2.4808,403.096,0.000000,0.000000,0.000000,0.0000,0.192131,0.006448,0.006448,0.000000,True
2334,2,1.340695,2.5280,395.570,0.000000,0.000000,0.000000,0.0000,0.191736,0.006414,0.006414,0.000000,True
2335,2,1.343224,2.4733,404.318,0.000000,0.000000,0.000000,0.0000,0.191203,0.006429,0.006429,0.000000,True
2336,2,1.345697,2.4867,402.139,0.000000,0.000000,0.000000,0.0000,0.190570,0.006513,0.006513,0.000000,True
2337,2,1.348184,2.4756,403.943,0.000000,0.000000,0.000000,0.0000,0.190006,0.006657,0.006657,0.000000,True
2338,2,1.350660,2.5066,398.947,0.000000,0.000000,0.000000,0.0000,0.189480,0.006868,0.006868,0.000000,True
2339,2,1.353167,2.4815,402.982,0.000000,0.000000,0.000000,0.0000,0.188992,0.006979,0.006979,0.000000,True
2340,2,1.355649,2.5365,394.244,0.000000,0.000000,0.000000,0.0000,0.188597,0.006913,0.006913,0.000000,True
2341,2,1.358186,2.7596,362.371,0.000000,0.000000,0.000000,0.0000,0.188322,0.006739,0.006739,0.000000,True
2342,2,1.360947,2.5254,395.977,0.000000,0.000000,0.000000,0.0000,0.188171,0.006490,0.006490,0.000000,True
2343,2,1.363473,2.5145,397.693,0.000000,0.000000,0.000000,0.0000,0.188129,0.006285,0.006285,0.000000,True
2344,2,1.365988,2.5340,394.633,0.000000,0.000000,0.000000,0.0000,0.188128,0.006113,0.006113,0.000000,True
2345,2,1.368523,2.5215,396.589,0.000000,0.000000,0.000000,0.0000,0.188112,0.005972,0.005972,0.000000,True
2346,2,1.371044,2.5242,396.165,0.000000,0.000000,0.000000,0.0000,0.188038,0.005878,0.005878,0.000000,True
2347,2,1.373569,2.5013,399.792,0.000000,0.000000,0.000000,0.0000,0.187870,0.005833,0.005833,0.000000,True
2348,2,1.376070,2.5411,393.530,0.000000,0.000000,0.000000,0.0000,0.187536,0.005844,0.005844,0.000000,True
2349,2,1.378612,2.5189,396.999,0.000000,0.000000,0.000000,0.0000,0.187015,0.005904,0.005904,0.000000,True
2350,2,1.381131,2.4984,400.256,0.000000,0.000000,0.000000,0.0000,0.186505,0.006028,0.006028,0.000000,True
2351,2,1.383630,2.4975,400.400,0.000000,0.000000,0.000000,0.0000,0.186011,0.006214,0.006214,0.000000,True
2352,2,1.386128,2.5254,395.977,0.000000,0.000000,0.000000,0.0000,0.185548,0.006383,0.006383,0.000000,True
2353,2,1.388654,2.5090,398.565,0.000000,0.000000,0.000000,0.0000,0.185151,0.006375,0.006375,0.000000,True
2354,2,1.391163,2.4830,402.739,0.000000,0.000000,0.000000,0.0000,0.184864,0.006251,0.006251,0.000000,True
2355,2,1.393647,2.4905,401.526,0.000000,0.000000,0.000000,0.0000,0.184711,0.006084,0.006084,0.000000,True
2356,2,1.396137,2.5040,399.361,0.000000,0.000000,0.000000,0.0000,0.184672,0.005908,0.005908,0.000000,True
2357,2,1.398642,2.4948,400.834,0.000000,0.000000,0.000000,0.0000,0.184625,0.005746,0.005746,0.000000,True
2358,2,1.401137,2.5291,395.398,0.000000,0.000000,0.000000,0.0000,0.184656,0.005615,0.005615,0.000000,True
2359,2,1.403666,2.5492,392.280,0.000000,0.000000,0.000000,0.0000,0.184675,0.005515,0.005515,0.000000,True
2360,2,1.406216,2.5378,394.042,0.000000,0.000000,0.000000,0.0000,0.184639,0.005456,0.005456,0.000000,True
2361,2,1.408754,2.5603,390.579,0.000000,0.000000,0.000000,0.0000,0.184513,0.005446,0.005446,0.000000,True
2362,2,1.411315,2.5085,398.645,0.000000,0.000000,0.000000,0.0000,0.184286,0.005484,0.005484,0.000000,True
2363,2,1.413824,2.5214,396.605,0.000000,0.000000,0.000000,0.0000,0.183880,0.005579,0.005579,0.000000,True
2364,2,1.416345,2.4939,400.978,0.000000,0.000000,0.000000,0.0000,0.183458,0.005725,0.005725,0.000000,True
2365,2,1.418840,2.5463,392.727,0.000000,0.000000,0.000000,0.0000,0.183025,0.005910,0.005910,0.000000,True
2366,2,1.421387,2.6669,374.967,0.000000,0.000000,0.000000,0.0000,0.182627,0.005967,0.005967,0.000000,True
2367,2,1.424054,2.4989,400.176,0.000000,0.000000,0.000000,0.0000,0.182358,0.005888,0.005888,0.000000,True
2368,2,1.426553,2.4540,407.498,0.000000,0.000000,0.000000,0.0000,0.182211,0.005762,0.005762,0.000000,True
2369,2,1.429008,2.5470,392.619,0.000000,0.000000,0.000000,0.0000,0.182174,0.005627,0.005627,0.000000,True
2370,2,1.431555,2.4986,400.224,0.000000,0.000000,0.000000,0.0000,0.182167,0.005485,0.005485,0.000000,True
2371,2,1.434054,2.4663,405.466,0.000000,0.000000,0.000000,0.0000,0.182175,0.005373,0.005373,0.000000,True
2372,2,1.436520,2.4991,400.144,0.000000,0.000000,0.000000,0.0000,0.182242,0.005294,0.005294,0.000000,True
2373,2,1.439020,2.5405,393.623,0.000000,0.000000,0.000000,0.0000,0.182315,0.005242,0.005242,0.000000,True
2374,2,1.441561,2.5477,392.511,0.000000,0.000000,0.000000,0.0000,0.182379,0.005220,0.005220,0.000000,True
2375,2,1.444109,2.5008,399.872,0.000000,0.000000,0.000000,0.0000,0.182352,0.005238,0.005238,0.000000,True
2376,2,1.446611,2.4942,400.930,0.000000,0.000000,0.000000,0.0000,0.182263,0.005304,0.005304,0.000000,True
2377,2,1.449105,2.4772,403.682,0.000000,0.000000,0.000000,0.0000,0.182109,0.005412,0.005412,0.000000,True
2378,2,1.451583,2.4886,401.832,0.000000,0.000000,0.000000,0.0000,0.181812,0.005561,0.005561,0.000000,True
2379,2,1.454072,2.5174,397.235,0.000000,0.000000,0.000000,0.0000,0.181434,0.005669,0.005669,0.000000,True
2380,2,1.456590,2.4681,405.170,0.000000,0.000000,0.000000,0.0000,0.181140,0.005651,0.005651,0.000000,True
2381,2,1.459058,2.5286,395.476,0.000000,0.000000,0.000000,0.0000,0.180966,0.005567,0.005567,0.000000,True
2382,2,1.461587,2.5420,393.391,0.000000,0.000000,0.000000,0.0000,0.180923,0.005451,0.005451,0.000000,True
2383,2,1.464129,2.4991,400.144,0.000000,0.000000,0.000000,0.0000,0.180929,0.005331,0.005331,0.000000,True
2384,2,1.466629,2.5641,390.000,0.000000,0.000000,0.000000,0.0000,0.180988,0.005229,0.005229,0.000000,True
2385,2,1.469193,2.5201,396.810,0.000000,0.000000,0.000000,0.0000,0.181102,0.005139,0.005139,0.000000,True
2386,2,1.471714,2.8520,350.631,0.000000,0.000000,0.000000,0.0000,0.181243,0.005081,0.005081,0.000000,True
2387,2,1.474566,2.7121,368.718,0.000000,0.000000,0.000000,0.0000,0.181412,0.003468,0.003468,0.000000,True
2388,2,1.477279,2.5033,399.473,0.000000,0.000000,0.000000,0.0000,0.181567,0.004464,0.004464,0.000000,True
2389,2,1.479783,2.5153,397.567,0.000000,0.000000,0.000000,0.0000,0.181680,0.003427,0.003427,0.000000,True
2390,2,1.482298,2.5494,392.249,0.000000,0.000000,0.000000,0.0000,0.181702,0.004549,0.004549,0.000000,True
2391,2,1.484849,2.5279,395.585,0.000000,0.000000,0.000000,0.0000,0.181629,0.005105,0.005105,0.000000,True
2392,2,1.487377,2.5075,398.804,0.000000,0.000000,0.000000,0.0000,0.181486,0.005299,0.005299,0.000000,True
2393,2,1.489885,2.5334,394.727,0.000000,0.000000,0.000000,0.0000,0.181305,0.005354,0.005354,0.000000,True
2394,2,1.492419,2.4874,402.026,0.000000,0.000000,0.000000,0.0000,0.181217,0.005326,0.005326,0.000000,True
2395,2,1.494907,2.5375,394.089,0.000000,0.000000,0.000000,0.0000,0.181239,0.005262,0.005262,0.000000,True
2396,2,1.497444,2.5078,398.756,0.000000,0.000000,0.000000,0.0000,0.181365,0.005181,0.005181,0.000000,True
2397,2,1.499953,2.5864,386.638,0.000000,0.000000,0.000000,0.0000,0.181554,0.005104,0.005104,0.000000,True
2398,2,1.502540,2.7045,369.754,0.000000,0.000000,0.000000,0.0000,0.181814,0.003531,0.003531,0.000000,True
2399,2,1.505245,2.5550,391.389,0.000000,0.000000,0.000000,0.0000,0.182143,0.004428,0.004428,0.000000,True
2400,2,1.507800,2.4961,400.625,0.000000,0.000000,0.000000,0.0000,0.182483,0.003439,0.003439,0.000000,True
2401,2,1.510297,2.5416,393.453,0.000000,0.000000,0.000000,0.0000,0.182798,0.004335,0.004335,0.000000,True
2402,2,1.512839,2.4968,400.513,0.000000,0.000000,0.000000,0.0000,0.183065,0.003426,0.003426,0.000000,True
2403,2,1.515336,2.5419,393.407,0.000000,0.000000,0.000000,0.0000,0.183254,0.004367,0.004367,0.000000,True
2404,2,1.517878,2.5312,395.070,0.000000,0.000000,0.000000,0.0000,0.183363,0.003463,0.003463,0.000000,True
2405,2,1.520410,2.5086,398.629,0.000000,0.000000,0.000000,0.0000,0.183358,0.004514,0.004514,0.000000,True
2406,2,1.522919,2.4961,400.625,0.000000,0.000000,0.000000,0.0000,0.183375,0.003519,0.003519,0.000000,True
2407,2,1.525415,2.5144,397.709,0.000000,0.000000,0.000000,0.0000,0.183456,0.004539,0.004539,0.000000,True
2408,2,1.527930,2.5001,399.984,0.000000,0.000000,0.000000,0.0000,0.183620,0.003519,0.003519,0.000000,True
2409,2,1.530430,2.5248,396.071,0.000000,0.000000,0.000000,0.0000,0.183882,0.004458,0.004458,0.000000,True
2410,2,1.532956,2.5119,398.105,0.000000,0.000000,0.000000,0.0000,0.184243,0.003490,0.003490,0.000000,True
2411,2,1.535468,2.4988,400.192,0.000000,0.000000,0.000000,0.0000,0.184672,0.004356,0.004356,0.000000,True
2412,2,1.537967,2.8267,353.769,0.000000,0.000000,0.000000,0.0000,0.185139,0.003460,0.003460,0.000000,True
2413,2,1.540794,2.5001,399.984,0.000000,0.000000,0.000000,0.0000,0.185664,0.003099,0.003099,0.000000,True
2414,2,1.543295,2.4568,407.034,0.000000,0.000000,0.000000,0.0000,0.186142,0.003075,0.003075,0.000000,True
2415,2,1.545752,2.5251,396.024,0.000000,0.000000,0.000000,0.0000,0.186571,0.003078,0.003078,0.000000,True
2416,2,1.548278,2.5085,398.645,0.000000,0.000000,0.000000,0.0000,0.186930,0.003082,0.003082,0.000000,True
2417,2,1.550786,2.4963,400.593,0.000000,0.000000,0.000000,0.0000,0.187181,0.003090,0.003090,0.000000,True
2418,2,1.553283,2.4965,400.561,0.000000,0.000000,0.000000,0.0000,0.187322,0.003100,0.003100,0.000000,True
2419,2,1.555780,2.4982,400.288,0.000000,0.000000,0.000000,0.0000,0.187447,0.003105,0.003105,0.000000,True
2420,2,1.558279,2.4608,406.372,0.000000,0.000000,0.000000,0.0000,0.187637,0.003105,0.003105,0.000000,True
2421,2,1.560740,2.4865,402.172,0.000000,0.000000,0.000000,0.0000,0.187899,0.003105,0.003105,0.000000,True
2422,2,1.563227,2.5419,393.407,0.000000,0.000000,0.000000,0.0000,0.188240,0.003103,0.003103,0.000000,True
2423,2,1.565769,2.5079,398.740,0.000000,0.000000,0.000000,0.0000,0.188645,0.003101,0.003101,0.000000,True
2424,2,1.568277,2.5274,395.664,0.000000,0.000000,0.000000,0.0000,0.189124,0.003099,0.003099,0.000000,True
2425,2,1.570805,2.5024,399.616,0.000000,0.000000,0.000000,0.0000,0.189647,0.003096,0.003096,0.000000,True
2426,2,1.573308,2.5562,391.206,0.000000,0.000000,0.000000,0.0000,0.190198,0.003093,0.003093,0.000000,True
2427,2,1.575865,2.4910,401.445,0.000000,0.000000,0.000000,0.0000,0.190732,0.003090,0.003090,0.000000,True
2428,2,1.578356,2.5506,392.065,0.000000,0.000000,0.000000,0.0000,0.191224,0.003088,0.003088,0.000000,True
2429,2,1.580907,2.5610,390.473,0.000000,0.000000,0.000000,0.0000,0.191664,0.003086,0.003086,0.000000,True
2430,2,1.583468,2.5026,399.584,0.000000,0.000000,0.000000,0.0000,0.192021,0.003085,0.003085,0.000000,True
2431,2,1.585971,2.5744,388.440,0.000000,0.000000,0.000000,0.0000,0.192270,0.003086,0.003086,0.000000,True
2432,2,1.588546,2.5406,393.608,0.000000,0.000000,0.000000,0.0000,0.192442,0.003088,0.003088,0.000000,True
2433,2,1.591087,2.5647,389.909,0.000000,0.000000,0.000000,0.0000,0.192664,0.003088,0.003088,0.000000,True
2434,2,1.593652,2.5393,393.809,0.000000,0.000000,0.000000,0.0000,0.192947,0.003087,0.003087,0.000000,True
2435,2,1.596192,2.5324,394.882,0.000000,0.000000,0.000000,0.0000,0.193295,0.003085,0.003085,0.000000,True
2436,2,1.598726,2.6656,375.150,0.000000,0.000000,0.000000,0.0000,0.193696,0.003082,0.003082,0.000000,True
2437,2,1.601392,2.4977,400.368,0.000000,0.000000,0.000000,0.0000,0.194155,0.003078,0.003078,0.000000,True
2438,2,1.603890,2.4947,400.850,0.000000,0.000000,0.000000,0.0000,0.194625,0.003074,0.003074,0.000000,True
2439,2,1.606385,3.0029,333.011,0.000000,0.000000,0.000000,0.0000,0.195108,0.003069,0.003069,0.000000,True
2440,2,1.609388,2.5988,384.793,0.000000,0.000000,0.000000,0.0000,0.195641,0.003064,0.003064,0.000000,True
2441,2,1.611987,2.5387,393.902,0.000000,0.000000,0.000000,0.0000,0.196107,0.003058,0.003058,0.000000,True
2442,2,1.614527,2.4898,401.639,0.000000,0.000000,0.000000,0.0000,0.196533,0.003052,0.003052,0.000000,True
2443,2,1.617017,2.5475,392.542,0.000000,0.000000,0.000000,0.0000,0.196881,0.003048,0.003048,0.000000,True
2444,2,1.619564,2.4917,401.332,0.000000,0.000000,0.000000,0.0000,0.197147,0.003044,0.003044,0.000000,True
2445,2,1.622056,2.5664,389.651,0.000000,0.000000,0.000000,0.0000,0.197340,0.003042,0.003042,0.000000,True
2446,2,1.624624,2.7499,363.650,0.000000,0.000000,0.000000,0.0000,0.197581,0.003049,0.003049,0.000000,True
2447,2,1.627374,2.4878,401.962,0.000000,0.000000,0.000000,0.0000,0.197903,0.004226,0.004226,0.000000,True
2448,2,1.629862,2.4629,406.025,0.000000,0.000000,0.000000,0.0000,0.198267,0.003425,0.003425,0.000000,True
2449,2,1.632325,2.4850,402.415,0.000000,0.000000,0.000000,0.0000,0.198642,0.004356,0.004356,0.000000,True
2450,2,1.634811,2.4590,406.669,0.000000,0.000000,0.000000,0.0000,0.199072,0.003456,0.003456,0.000000,True
2451,2,1.637270,2.5434,393.175,0.000000,0.000000,0.000000,0.0000,0.199527,0.004452,0.004452,0.000000,True
2452,2,1.639816,2.6681,374.799,0.000000,0.000000,0.000000,0.0000,0.200007,0.004870,0.004870,0.000000,True
2453,2,1.642484,2.4913,401.397,0.000000,0.000000,0.000000,0.0000,0.200504,0.004974,0.004974,0.000000,True
2454,2,1.644976,2.4736,404.269,0.000000,0.000000,0.000000,0.0000,0.200971,0.005024,0.005024,0.000000,True
2455,2,1.647450,2.5061,399.026,0.000000,0.000000,0.000000,0.0000,0.201410,0.005045,0.005045,0.000000,True
2456,2,1.649956,2.5297,395.304,0.000000,0.000000,0.000000,0.0000,0.201805,0.005043,0.005043,0.000000,True
2457,2,1.652487,2.5252,396.008,0.000000,0.000000,0.000000,0.0000,0.202135,0.005021,0.005021,0.000000,True
2458,2,1.655012,2.4643,405.795,0.000000,0.000000,0.000000,0.0000,0.202387,0.004981,0.004981,0.000000,True
2459,2,1.657477,2.5326,394.851,0.000000,0.000000,0.000000,0.0000,0.202678,0.004987,0.004987,0.000000,True
2460,2,1.660011,2.4803,403.177,0.000000,0.000000,0.000000,0.0000,0.203034,0.005048,0.005048,0.000000,True
2461,2,1.662491,2.4810,403.063,0.000000,0.000000,0.000000,0.0000,0.203461,0.005134,0.005134,0.000000,True
2462,2,1.664973,2.4790,403.389,0.000000,0.000000,0.000000,0.0000,0.203941,0.005232,0.005232,0.000000,True
2463,2,1.667452,2.5175,397.220,0.000000,0.000000,0.000000,0.0000,0.204464,0.005331,0.005331,0.000000,True
2464,2,1.669970,2.4887,401.816,0.000000,0.000000,0.000000,0.0000,0.205028,0.005426,0.005426,0.000000,True
2465,2,1.672459,2.5552,391.359,0.000000,0.000000,0.000000,0.0000,0.205614,0.005507,0.005507,0.000000,True
2466,2,1.675015,2.5018,399.712,0.000000,0.000000,0.000000,0.0000,0.206222,0.005576,0.005576,0.000000,True
2467,2,1.677517,2.5312,395.070,0.000000,0.000000,0.000000,0.0000,0.206822,0.005619,0.005619,0.000000,True
2468,2,1.680048,2.4980,400.320,0.000000,0.000000,0.000000,0.0000,0.207406,0.005641,0.005641,0.000000,True
2469,2,1.682547,2.5433,393.190,0.000000,0.000000,0.000000,0.0000,0.207957,0.005633,0.005633,0.000000,True
2470,2,1.685091,2.5252,396.008,0.000000,0.000000,0.000000,0.0000,0.208437,0.005598,0.005598,0.000000,True
2471,2,1.687616,2.5173,397.251,0.000000,0.000000,0.000000,0.0000,0.208818,0.005528,0.005528,0.000000,True
2472,2,1.690133,2.5362,394.291,0.000000,0.000000,0.000000,0.0000,0.209153,0.005470,0.005470,0.000000,True
2473,2,1.692670,2.5291,395.398,0.000000,0.000000,0.000000,0.0000,0.209576,0.005500,0.005500,0.000000,True
2474,2,1.695199,2.5683,389.363,0.000000,0.000000,0.000000,0.0000,0.210079,0.005591,0.005591,0.000000,True
2475,2,1.697768,2.5265,395.805,0.000000,0.000000,0.000000,0.0000,0.210667,0.005717,0.005717,0.000000,True
2476,2,1.700295,2.6368,379.248,0.000000,0.000000,0.000000,0.0000,0.211286,0.005851,0.005851,0.000000,True
2477,2,1.702932,2.5172,397.267,0.000000,0.000000,0.000000,0.0000,0.211963,0.005993,0.005993,0.000000,True
2478,2,1.705449,2.5859,386.713,0.000000,0.000000,0.000000,0.0000,0.212659,0.006110,0.006110,0.000000,True
2479,2,1.708037,2.5431,393.221,0.000000,0.000000,0.000000,0.0000,0.213418,0.006213,0.006213,0.000000,True
2480,2,1.710580,2.5213,396.621,0.000000,0.000000,0.000000,0.0000,0.214180,0.006285,0.006285,0.000000,True
2481,2,1.713102,2.5911,385.937,0.000000,0.000000,0.000000,0.0000,0.214929,0.006325,0.006325,0.000000,True
2482,2,1.715693,2.5172,397.267,0.000000,0.000000,0.000000,0.0000,0.215649,0.006335,0.006335,0.000000,True
2483,2,1.718211,2.5207,396.715,0.000000,0.000000,0.000000,0.0000,0.216292,0.006299,0.006299,0.000000,True
2484,2,1.720732,2.5343,394.586,0.000000,0.000000,0.000000,0.0000,0.216837,0.006220,0.006220,0.000000,True
2485,2,1.723267,2.5509,392.019,0.000000,0.000000,0.000000,0.0000,0.217260,0.006120,0.006120,0.000000,True
2486,2,1.725819,2.5234,396.291,0.000000,0.000000,0.000000,0.0000,0.217744,0.006114,0.006114,0.000000,True
2487,2,1.728343,2.5051,399.186,0.000000,0.000000,0.000000,0.0000,0.218314,0.006189,0.006189,0.000000,True
2488,2,1.730848,2.5006,399.904,0.000000,0.000000,0.000000,0.0000,0.218939,0.006310,0.006310,0.000000,True
2489,2,1.733350,2.4997,400.048,0.000000,0.000000,0.000000,0.0000,0.219617,0.006453,0.006453,0.000000,True
2490,2,1.735850,2.5035,399.441,0.000000,0.000000,0.000000,0.0000,0.220354,0.006599,0.006599,0.000000,True
2491,2,1.738353,2.4977,400.368,0.000000,0.000000,0.000000,0.0000,0.221111,0.006739,0.006739,0.000000,True
2492,2,1.740851,2.5075,398.804,0.000000,0.000000,0.000000,0.0000,0.221896,0.006860,0.006860,0.000000,True
2493,2,1.743359,2.5017,399.728,0.000000,0.000000,0.000000,0.0000,0.222693,0.006957,0.006957,0.000000,True
2494,2,1.745861,2.5729,388.667,0.000000,0.000000,0.000000,0.0000,0.223504,0.007024,0.007024,0.000000,True
2495,2,1.748435,2.8540,350.385,0.000000,0.000000,0.000000,0.0000,0.224291,0.007059,0.007059,0.000000,True
2496,2,1.751289,2.5232,396.322,0.000000,0.000000,0.000000,0.0000,0.225056,0.007064,0.007064,0.000000,True
2497,2,1.753813,2.6964,370.865,0.000000,0.000000,0.000000,0.0000,0.225716,0.006996,0.006996,0.000000,True
2498,2,1.756510,2.4897,401.655,0.000000,0.000000,0.000000,0.0000,0.226267,0.006882,0.006882,0.000000,True
2499,2,1.759000,2.4641,405.828,0.000000,0.000000,0.000000,0.0000,0.226812,0.006838,0.006838,0.000000,True
2500,2,1.761464,2.4958,400.673,0.000000,0.000000,0.000000,0.0000,0.227407,0.006883,0.006883,0.000000,True
2501,2,1.763961,2.5156,397.520,0.000000,0.000000,0.000000,0.0000,0.228053,0.006990,0.006990,0.000000,True
2502,2,1.766477,2.5697,389.151,0.000000,0.000000,0.000000,0.0000,0.228743,0.007132,0.007132,0.000000,True
2503,2,1.769047,2.5135,397.852,0.000000,0.000000,0.000000,0.0000,0.229477,0.007291,0.007291,0.000000,True
2504,2,1.771561,2.5202,396.794,0.000000,0.000000,0.000000,0.0000,0.230214,0.007442,0.007442,0.000000,True
2505,2,1.774081,2.5096,398.470,0.000000,0.000000,0.000000,0.0000,0.230956,0.007579,0.007579,0.000000,True
2506,2,1.776591,2.4894,401.703,0.000000,0.000000,0.000000,0.0000,0.231667,0.007693,0.007693,0.000000,True
2507,2,1.779081,2.4975,400.400,0.000000,0.000000,0.000000,0.0000,0.232331,0.007775,0.007775,0.000000,True
2508,2,1.781579,2.5300,395.257,0.000000,0.000000,0.000000,0.0000,0.232945,0.007824,0.007824,0.000000,True
2509,2,1.784110,2.5460,392.773,0.000000,0.000000,0.000000,0.0000,0.233477,0.007834,0.007834,0.000000,True
2510,2,1.786656,2.5587,390.824,0.000000,0.000000,0.000000,0.0000,0.233904,0.007798,0.007798,0.000000,True
2511,2,1.789215,2.5212,396.637,0.000000,0.000000,0.000000,0.0000,0.234216,0.007708,0.007708,0.000000,True
2512,2,1.791737,2.5323,394.898,0.000000,0.000000,0.000000,0.0000,0.234494,0.007630,0.007630,0.000000,True
2513,2,1.794270,2.5101,398.391,0.000000,0.000000,0.000000,0.0000,0.234829,0.007643,0.007643,0.000000,True
2514,2,1.796780,2.5092,398.533,0.000000,0.000000,0.000000,0.0000,0.235187,0.007727,0.007727,0.000000,True
2515,2,1.799290,2.5303,395.210,0.000000,0.000000,0.000000,0.0000,0.235538,0.007851,0.007851,0.000000,True
2516,2,1.801821,2.5210,396.668,0.000000,0.000000,0.000000,0.0000,0.235867,0.007996,0.007996,0.000000,True
2517,2,1.804342,2.4925,401.204,0.000000,0.000000,0.000000,0.0000,0.236163,0.008144,0.008144,0.000000,True
2518,2,1.806835,2.5332,394.758,0.000000,0.000000,0.000000,0.0000,0.236419,0.008280,0.008280,0.000000,True
2519,2,1.809368,2.4972,400.449,0.000000,0.000000,0.000000,0.0000,0.236647,0.008402,0.008402,0.000000,True
2520,2,1.811866,2.5007,399.888,0.000000,0.000000,0.000000,0.0000,0.236847,0.008495,0.008495,0.000000,True
2521,2,1.814367,2.5370,394.166,0.000000,0.000000,0.000000,0.0000,0.236977,0.008558,0.008558,0.000000,True
2522,2,1.816904,2.6858,372.329,0.000000,0.000000,0.000000,0.0000,0.237069,0.008587,0.008587,0.000000,True
2523,2,1.819591,2.5348,394.509,0.000000,0.000000,0.000000,0.0000,0.237109,0.008578,0.008578,0.000000,True
2524,2,1.822126,2.5365,394.244,0.000000,0.000000,0.000000,0.0000,0.237053,0.008512,0.008512,0.000000,True
2525,2,1.824663,2.5660,389.712,0.000000,0.000000,0.000000,0.0000,0.236973,0.008418,0.008418,0.000000,True
2526,2,1.827230,2.5264,395.820,0.000000,0.000000,0.000000,0.0000,0.236978,0.008399,0.008399,0.000000,True
2527,2,1.829757,2.8136,355.417,0.000000,0.000000,0.000000,0.0000,0.237062,0.008454,0.008454,0.000000,True
2528,2,1.832571,2.5187,397.030,0.000000,0.000000,0.000000,0.0000,0.237219,0.008577,0.008577,0.000000,True
2529,2,1.835090,2.5076,398.788,0.000000,0.000000,0.000000,0.0000,0.237344,0.008705,0.008705,0.000000,True
2530,2,1.837598,2.5167,397.346,0.000000,0.000000,0.000000,0.0000,0.237481,0.008835,0.008835,0.000000,True
2531,2,1.840115,2.6979,370.659,0.000000,0.000000,0.000000,0.0000,0.237606,0.008958,0.008958,0.000000,True
2532,2,1.842813,2.5269,395.742,0.000000,0.000000,0.000000,0.0000,0.237743,0.009081,0.009081,0.000000,True
2533,2,1.845342,2.4737,404.253,0.000000,0.000000,0.000000,0.0000,0.237833,0.009168,0.009168,0.000000,True
2534,2,1.847816,2.5341,394.617,0.000000,0.000000,0.000000,0.0000,0.237894,0.009220,0.009220,0.000000,True
2535,2,1.850351,2.5559,391.252,0.000000,0.000000,0.000000,0.0000,0.237925,0.009243,0.009243,0.000000,True
2536,2,1.852907,2.5043,399.313,0.000000,0.000000,0.000000,0.0000,0.237912,0.009230,0.009230,0.000000,True
2537,2,1.855412,2.5419,393.407,0.000000,0.000000,0.000000,0.0000,0.237836,0.009174,0.009174,0.000000,True
2538,2,1.857954,2.4780,403.551,0.000000,0.000000,0.000000,0.0000,0.237708,0.009083,0.009083,0.000000,True
2539,2,1.860433,2.4660,405.515,0.000000,0.000000,0.000000,0.0000,0.237667,0.009037,0.009037,0.000000,True
2540,2,1.862899,2.4673,405.301,0.000000,0.000000,0.000000,0.0000,0.237702,0.009056,0.009056,0.000000,True
2541,2,1.865367,2.5016,399.744,0.000000,0.000000,0.000000,0.0000,0.237791,0.009120,0.009120,0.000000,True
2542,2,1.867869,2.4767,403.763,0.000000,0.000000,0.000000,0.0000,0.237897,0.009212,0.009212,0.000000,True
2543,2,1.870346,2.4821,402.885,0.000000,0.000000,0.000000,0.0000,0.238015,0.009313,0.009313,0.000000,True
2544,2,1.872828,2.5996,384.675,0.000000,0.000000,0.000000,0.0000,0.238113,0.009413,0.009413,0.000000,True
2545,2,1.875428,2.4779,403.568,0.000000,0.000000,0.000000,0.0000,0.238224,0.009509,0.009509,0.000000,True
2546,2,1.877906,2.5464,392.711,0.000000,0.000000,0.000000,0.0000,0.238303,0.009582,0.009582,0.000000,True
2547,2,1.880453,2.5163,397.409,0.000000,0.000000,0.000000,0.0000,0.238385,0.009636,0.009636,0.000000,True
2548,2,1.882970,2.5125,398.010,0.000000,0.000000,0.000000,0.0000,0.238408,0.009663,0.009663,0.000000,True
2549,2,1.885483,2.4718,404.564,0.000000,0.000000,0.000000,0.0000,0.238415,0.009662,0.009662,0.000000,True
2550,2,1.887955,2.5144,397.709,0.000000,0.000000,0.000000,0.0000,0.238358,0.009628,0.009628,0.000000,True
2551,2,1.890470,2.6158,382.292,0.000000,0.000000,0.000000,0.0000,0.238248,0.009560,0.009560,0.000000,True
2552,2,1.893086,2.4949,400.818,0.000000,0.000000,0.000000,0.0000,0.238152,0.009493,0.009493,0.000000,True
2553,2,1.895582,2.4412,409.635,0.000000,0.000000,0.000000,0.0000,0.238164,0.009472,0.009472,0.000000,True
2554,2,1.898023,2.4899,401.623,0.000000,0.000000,0.000000,0.0000,0.238223,0.009491,0.009491,0.000000,True
2555,2,1.900514,2.5045,399.281,0.000000,0.000000,0.000000,0.0000,0.238304,0.009537,0.009537,0.000000,True
2556,2,1.903018,2.5039,399.377,0.000000,0.000000,0.000000,0.0000,0.238387,0.009596,0.009596,0.000000,True
2557,2,1.905523,2.4800,403.226,0.000000,0.000000,0.000000,0.0000,0.238462,0.009656,0.009656,0.000000,True
2558,2,1.908003,2.5230,396.354,0.000000,0.000000,0.000000,0.0000,0.238525,0.009708,0.009708,0.000000,True
2559,2,1.910526,2.5322,394.914,0.000000,0.000000,0.000000,0.0000,0.238599,0.009749,0.009749,0.000000,True
2560,2,1.913059,2.5897,386.145,0.000000,0.000000,0.000000,0.0000,0.238637,0.009776,0.009776,0.000000,True
2561,2,1.915649,2.5151,397.599,0.000000,0.000000,0.000000,0.0000,0.238663,0.009787,0.009787,0.000000,True
2562,2,1.918165,2.4908,401.477,0.000000,0.000000,0.000000,0.0000,0.238665,0.009776,0.009776,0.000000,True
2563,2,1.920656,2.5240,396.197,0.000000,0.000000,0.000000,0.0000,0.238629,0.009744,0.009744,0.000000,True
2564,2,1.923182,2.7137,368.501,0.000000,0.000000,0.000000,0.0000,0.238549,0.009691,0.009691,0.000000,True
2565,2,1.925896,2.4956,400.705,0.000000,0.000000,0.000000,0.0000,0.238437,0.009620,0.009620,0.000000,True
2566,2,1.928392,2.4649,405.696,0.000000,0.000000,0.000000,0.0000,0.238412,0.009572,0.009572,0.000000,True
2567,2,1.930857,2.4801,403.210,0.000000,0.000000,0.000000,0.0000,0.238451,0.009555,0.009555,0.000000,True
2568,2,1.933338,2.5140,397.773,0.000000,0.000000,0.000000,0.0000,0.238521,0.009561,0.009561,0.000000,True
2569,2,1.935852,2.8437,351.655,0.000000,0.000000,0.000000,0.0000,0.238576,0.009578,0.009578,0.000000,True
2570,2,1.938696,2.5217,396.558,0.000000,0.000000,0.000000,0.0000,0.238679,0.009607,0.009607,0.000000,True
2571,2,1.941218,2.4795,403.307,0.000000,0.000000,0.000000,0.0000,0.238730,0.009625,0.009625,0.000000,True
2572,2,1.943698,2.5167,397.346,0.000000,0.000000,0.000000,0.0000,0.238764,0.009630,0.009630,0.000000,True
2573,2,1.946215,2.5199,396.841,0.000000,0.000000,0.000000,0.0000,0.238793,0.009624,0.009624,0.000000,True
2574,2,1.948736,2.5113,398.200,0.000000,0.000000,0.000000,0.0000,0.238812,0.009609,0.009609,0.000000,True
2575,2,1.951247,2.4976,400.384,0.000000,0.000000,0.000000,0.0000,0.238814,0.009581,0.009581,0.000000,True
2576,2,1.953745,2.4868,402.123,0.000000,0.000000,0.000000,0.0000,0.238790,0.009543,0.009543,0.000000,True
2577,2,1.956233,2.5250,396.040,0.000000,0.000000,0.000000,0.0000,0.238740,0.009493,0.009493,0.000000,True
2578,2,1.958758,2.5040,399.361,0.000000,0.000000,0.000000,0.0000,0.238633,0.009430,0.009430,0.000000,True
2579,2,1.961262,2.4727,404.416,0.000000,0.000000,0.000000,0.0000,0.238596,0.009371,0.009371,0.000000,True
2580,2,1.963735,2.5163,397.409,0.000000,0.000000,0.000000,0.0000,0.238618,0.009332,0.009332,0.000000,True
2581,2,1.966252,2.5037,399.409,0.000000,0.000000,0.000000,0.0000,0.238675,0.009312,0.009312,0.000000,True
2582,2,1.968756,2.5369,394.182,0.000000,0.000000,0.000000,0.0000,0.238731,0.009301,0.009301,0.000000,True
2583,2,1.971294,2.6334,379.737,0.000000,0.000000,0.000000,0.0000,0.238777,0.009293,0.009293,0.000000,True
2584,2,1.973928,2.5617,390.366,0.000000,0.000000,0.000000,0.0000,0.238817,0.009285,0.009285,0.000000,True
2585,2,1.976490,2.5050,399.202,0.000000,0.000000,0.000000,0.0000,0.238834,0.009270,0.009270,0.000000,True
2586,2,1.978995,2.5565,391.160,0.000000,0.000000,0.000000,0.0000,0.238835,0.009248,0.009248,0.000000,True
2587,2,1.981552,2.5254,395.977,0.000000,0.000000,0.000000,0.0000,0.238831,0.009218,0.009218,0.000000,True
2588,2,1.984078,2.5409,393.561,0.000000,0.000000,0.000000,0.0000,0.238814,0.009181,0.009181,0.000000,True
2589,2,1.986619,2.5048,399.234,0.000000,0.000000,0.000000,0.0000,0.238776,0.009139,0.009139,0.000000,True
2590,2,1.989124,2.5245,396.118,0.000000,0.000000,0.000000,0.0000,0.238715,0.009091,0.009091,0.000000,True
2591,2,1.991649,2.5340,394.633,0.000000,0.000000,0.000000,0.0000,0.238623,0.009037,0.009037,0.000000,True
2592,2,1.994184,2.5218,396.542,0.000000,0.000000,0.000000,0.0000,0.238543,0.008980,0.008980,0.000000,True
2593,2,1.996706,2.4844,402.512,0.000000,0.000000,0.000000,0.0000,0.238536,0.008930,0.008930,0.000000,True
2594,2,1.999190,2.4926,401.188,0.000000,0.000000,0.000000,0.0000,0.238550,0.008895,0.008895,0.000000,True
2595,2,2.001683,2.4550,407.332,0.000000,0.000000,0.000000,0.0000,0.238578,0.008867,0.008867,0.000000,True
2596,2,2.004138,2.5352,394.446,0.000000,0.000000,0.000000,0.0000,0.238594,0.008842,0.008842,0.000000,True
2597,2,2.006674,2.5169,397.314,0.000000,0.000000,0.000000,0.0000,0.238605,0.008818,0.008818,0.000000,True
2598,2,2.009191,2.4628,406.042,0.000000,0.000000,0.000000,0.0000,0.238590,0.008791,0.008791,0.000000,True
2599,2,2.011654,2.4764,403.812,0.000000,0.000000,0.000000,0.0000,0.238570,0.008760,0.008760,0.000000,True
2600,2,2.014131,2.5382,393.980,0.000000,0.000000,0.000000,0.0000,0.238550,0.008781,0.008781,0.000000,True
2601,2,2.016670,2.5371,394.151,0.000000,0.000000,0.000000,0.0000,0.238521,0.008843,0.008843,0.000000,True
2602,2,2.019207,2.5392,393.825,0.000000,0.000000,0.000000,0.0000,0.238475,0.008873,0.008873,0.000000,True
2603,2,2.021747,2.4975,400.400,0.000000,0.000000,0.000000,0.0000,0.238430,0.008862,0.008862,0.000000,True
2604,2,2.024245,2.5134,397.867,0.000000,0.000000,0.000000,0.0000,0.238347,0.008804,0.008804,0.000000,True
2605,2,2.026759,2.4911,401.429,0.000000,0.000000,0.000000,0.0000,0.238246,0.008704,0.008704,0.000000,True
2606,2,2.029251,2.5403,393.654,0.000000,0.000000,0.000000,0.0000,0.238189,0.008641,0.008641,0.000000,True
2607,2,2.031792,2.6068,383.612,0.000000,0.000000,0.000000,0.0000,0.238168,0.008638,0.008638,0.000000,True
2608,2,2.034399,2.5046,399.265,0.000000,0.000000,0.000000,0.0000,0.238161,0.008686,0.008686,0.000000,True
2609,2,2.036904,2.5231,396.338,0.000000,0.000000,0.000000,0.0000,0.238144,0.008759,0.008759,0.000000,True
2610,2,2.039428,2.5321,394.929,0.000000,0.000000,0.000000,0.0000,0.238115,0.008849,0.008849,0.000000,True
2611,2,2.041960,2.5068,398.915,0.000000,0.000000,0.000000,0.0000,0.238074,0.008944,0.008944,0.000000,True
2612,2,2.044467,2.5199,396.841,0.000000,0.000000,0.000000,0.0000,0.238034,0.009033,0.009033,0.000000,True
2613,2,2.046988,2.5268,395.758,0.000000,0.000000,0.000000,0.0000,0.237986,0.009110,0.009110,0.000000,True
2614,2,2.049515,2.5493,392.265,0.000000,0.000000,0.000000,0.0000,0.237926,0.009167,0.009167,0.000000,True
2615,2,2.052065,2.5158,397.488,0.000000,0.000000,0.000000,0.0000,0.237865,0.009198,0.009198,0.000000,True
2616,2,2.054581,2.5152,397.583,0.000000,0.000000,0.000000,0.0000,0.237806,0.009195,0.009195,0.000000,True
2617,2,2.057097,2.5327,394.836,0.000000,0.000000,0.000000,0.0000,0.237734,0.009154,0.009154,0.000000,True
2618,2,2.059630,2.5014,399.776,0.000000,0.000000,0.000000,0.0000,0.237650,0.009069,0.009069,0.000000,True
2619,2,2.062132,2.5413,393.499,0.000000,0.000000,0.000000,0.0000,0.237586,0.008991,0.008991,0.000000,True
2620,2,2.064674,2.4953,400.753,0.000000,0.000000,0.000000,0.0000,0.237551,0.008962,0.008962,0.000000,True
2621,2,2.067170,2.5273,395.679,0.000000,0.000000,0.000000,0.0000,0.237525,0.008977,0.008977,0.000000,True
2622,2,2.069698,2.6678,374.841,0.000000,0.000000,0.000000,0.0000,0.237504,0.009021,0.009021,0.000000,True
2623,2,2.072366,2.5436,393.144,0.000000,0.000000,0.000000,0.0000,0.237457,0.009091,0.009091,0.000000,True
2624,2,2.074911,2.5945,385.431,0.000000,0.000000,0.000000,0.0000,0.237391,0.009163,0.009163,0.000000,True
2625,2,2.077506,2.5070,398.883,0.000000,0.000000,0.000000,0.0000,0.237324,0.009233,0.009233,0.000000,True
2626,2,2.080014,2.7571,362.700,0.000000,0.000000,0.000000,0.0000,0.237243,0.009289,0.009289,0.000000,True
2627,2,2.082771,2.5384,393.949,0.000000,0.000000,0.000000,0.0000,0.237178,0.009339,0.009339,0.000000,True
2628,2,2.085310,2.4825,402.820,0.000000,0.000000,0.000000,0.0000,0.237097,0.009358,0.009358,0.000000,True
2629,2,2.087793,2.5586,390.839,0.000000,0.000000,0.000000,0.0000,0.237019,0.009345,0.009345,0.000000,True
2630,2,2.090352,2.4928,401.155,0.000000,0.000000,0.000000,0.0000,0.236947,0.009304,0.009304,0.000000,True
2631,2,2.092845,2.4997,400.048,0.000000,0.000000,0.000000,0.0000,0.236879,0.009229,0.009229,0.000000,True
2632,2,2.095345,2.4730,404.367,0.000000,0.000000,0.000000,0.0000,0.236815,0.009143,0.009143,0.000000,True
2633,2,2.097819,2.5281,395.554,0.000000,0.000000,0.000000,0.0000,0.236770,0.009093,0.009093,0.000000,True
2634,2,2.100348,2.7840,359.195,0.000000,0.000000,0.000000,0.0000,0.236735,0.009083,0.009083,0.000000,True
2635,2,2.103132,2.5259,395.899,0.000000,0.000000,0.000000,0.0000,0.236700,0.009108,0.009108,0.000000,True
2636,2,2.105658,2.5121,398.073,0.000000,0.000000,0.000000,0.0000,0.236624,0.009143,0.009143,0.000000,True
2637,2,2.108171,2.5084,398.661,0.000000,0.000000,0.000000,0.0000,0.236536,0.009181,0.009181,0.000000,True
2638,2,2.110680,2.4848,402.447,0.000000,0.000000,0.000000,0.0000,0.236433,0.009219,0.009219,0.000000,True
2639,2,2.113165,2.5174,397.235,0.000000,0.000000,0.000000,0.0000,0.236322,0.009250,0.009250,0.000000,True
2640,2,2.115683,2.4956,400.705,0.000000,0.000000,0.000000,0.0000,0.236213,0.009272,0.009272,0.000000,True
2641,2,2.118179,2.5159,397.472,0.000000,0.000000,0.000000,0.0000,0.236110,0.009278,0.009278,0.000000,True
2642,2,2.120695,2.5103,398.359,0.000000,0.000000,0.000000,0.0000,0.236016,0.009266,0.009266,0.000000,True
2643,2,2.123206,2.4871,402.075,0.000000,0.000000,0.000000,0.0000,0.235932,0.009233,0.009233,0.000000,True
2644,2,2.125693,2.4688,405.055,0.000000,0.000000,0.000000,0.0000,0.235873,0.009176,0.009176,0.000000,True
2645,2,2.128163,2.5227,396.401,0.000000,0.000000,0.000000,0.0000,0.235813,0.009099,0.009099,0.000000,True
2646,2,2.130686,2.5004,399.936,0.000000,0.000000,0.000000,0.0000,0.235777,0.009041,0.009041,0.000000,True
2647,2,2.133187,2.5435,393.159,0.000000,0.000000,0.000000,0.0000,0.235733,0.009011,0.009011,0.000000,True
2648,2,2.135731,2.5074,398.820,0.000000,0.000000,0.000000,0.0000,0.235681,0.009003,0.009003,0.000000,True
2649,2,2.138238,2.5221,396.495,0.000000,0.000000,0.000000,0.0000,0.235617,0.009007,0.009007,0.000000,True
2650,2,2.140761,2.5165,397.377,0.000000,0.000000,0.000000,0.0000,0.235542,0.009018,0.009018,0.000000,True
2651,2,2.143278,2.5209,396.684,0.000000,0.000000,0.000000,0.0000,0.235461,0.009029,0.009029,0.000000,True
2652,2,2.145799,2.5339,394.649,0.000000,0.000000,0.000000,0.0000,0.235356,0.009036,0.009036,0.000000,True
2653,2,2.148334,2.5279,395.585,0.000000,0.000000,0.000000,0.0000,0.235246,0.009036,0.009036,0.000000,True
2654,2,2.150862,2.4707,404.744,0.000000,0.000000,0.000000,0.0000,0.235154,0.009027,0.009027,0.000000,True
2655,2,2.153333,2.5150,397.614,0.000000,0.000000,0.000000,0.0000,0.235075,0.009004,0.009004,0.000000,True
2656,2,2.155848,2.5169,397.314,0.000000,0.000000,0.000000,0.0000,0.235002,0.008969,0.008969,0.000000,True
2657,2,2.158365,2.5098,398.438,0.000000,0.000000,0.000000,0.0000,0.234939,0.008920,0.008920,0.000000,True
2658,2,2.160876,2.4634,405.943,0.000000,0.000000,0.000000,0.0000,0.234887,0.008856,0.008856,0.000000,True
2659,2,2.163340,2.5335,394.711,0.000000,0.000000,0.000000,0.0000,0.234841,0.008793,0.008793,0.000000,True
2660,2,2.165874,2.5042,399.329,0.000000,0.000000,0.000000,0.0000,0.234787,0.008749,0.008749,0.000000,True
2661,2,2.168378,2.5064,398.979,0.000000,0.000000,0.000000,0.0000,0.234737,0.008724,0.008724,0.000000,True
2662,2,2.170885,2.6479,377.658,0.000000,0.000000,0.000000,0.0000,0.234696,0.008709,0.008709,0.000000,True
2663,2,2.173533,2.5255,395.961,0.000000,0.000000,0.000000,0.0000,0.234622,0.008701,0.008701,0.000000,True
2664,2,2.176059,2.4992,400.128,0.000000,0.000000,0.000000,0.0000,0.234540,0.008694,0.008694,0.000000,True
2665,2,2.178559,2.5123,398.042,0.000000,0.000000,0.000000,0.0000,0.234453,0.008681,0.008681,0.000000,True
2666,2,2.181072,2.5009,399.856,0.000000,0.000000,0.000000,0.0000,0.234356,0.008664,0.008664,0.000000,True
2667,2,2.183573,2.5105,398.327,0.000000,0.000000,0.000000,0.0000,0.234282,0.008640,0.008640,0.000000,True
2668,2,2.186084,2.4998,400.032,0.000000,0.000000,0.000000,0.0000,0.234207,0.008608,0.008608,0.000000,True
2669,2,2.188584,2.5446,392.989,0.000000,0.000000,0.000000,0.0000,0.234138,0.008569,0.008569,0.000000,True
2670,2,2.191131,2.5363,394.275,0.000000,0.000000,0.000000,0.0000,0.234072,0.008522,0.008522,0.000000,True
2671,2,2.193667,2.4946,400.866,0.000000,0.000000,0.000000,0.0000,0.234018,0.008468,0.008468,0.000000,True
2672,2,2.196162,2.5438,393.113,0.000000,0.000000,0.000000,0.0000,0.233969,0.008408,0.008408,0.000000,True
2673,2,2.198707,2.5054,399.138,0.000000,0.000000,0.000000,0.0000,0.233912,0.008355,0.008355,0.000000,True
2674,2,2.201212,2.5358,394.353,0.000000,0.000000,0.000000,0.0000,0.233841,0.008315,0.008315,0.000000,True
2675,2,2.203748,2.5429,393.252,0.000000,0.000000,0.000000,0.0000,0.233762,0.008282,0.008282,0.000000,True
2676,2,2.206292,2.5229,396.369,0.000000,0.000000,0.000000,0.0000,0.233677,0.008253,0.008253,0.000000,True
2677,2,2.208815,2.5334,394.727,0.000000,0.000000,0.000000,0.0000,0.233590,0.008225,0.008225,0.000000,True
2678,2,2.211349,2.4688,405.055,0.000000,0.000000,0.000000,0.0000,0.233492,0.008196,0.008196,0.000000,True
2679,2,2.213818,2.5452,392.896,0.000000,0.000000,0.000000,0.0000,0.233403,0.008164,0.008164,0.000000,True
2680,2,2.216364,2.7942,357.884,0.000000,0.000000,0.000000,0.0000,0.233315,0.008129,0.008129,0.000000,True
2681,2,2.219158,2.5628,390.198,0.000000,0.000000,0.000000,0.0000,0.233229,0.008091,0.008091,0.000000,True
2682,2,2.221722,2.7628,361.952,0.000000,0.000000,0.000000,0.0000,0.233155,0.008051,0.008051,0.000000,True
2683,2,2.224485,2.5009,399.856,0.000000,0.000000,0.000000,0.0000,0.233077,0.008008,0.008008,0.000000,True
2684,2,2.226987,2.4587,406.719,0.000000,0.000000,0.000000,0.0000,0.233024,0.007964,0.007964,0.000000,True
2685,2,2.229446,2.5636,390.076,0.000000,0.000000,0.000000,0.0000,0.232977,0.007919,0.007919,0.000000,True
2686,2,2.232010,2.5083,398.676,0.000000,0.000000,0.000000,0.0000,0.232911,0.007867,0.007867,0.000000,True
2687,2,2.234519,2.5206,396.731,0.000000,0.000000,0.000000,0.0000,0.232817,0.007813,0.007813,0.000000,True
2688,2,2.237040,2.5024,399.616,0.000000,0.000000,0.000000,0.0000,0.232729,0.007757,0.007757,0.000000,True
2689,2,2.239542,2.5112,398.216,0.000000,0.000000,0.000000,0.0000,0.232634,0.007699,0.007699,0.000000,True
2690,2,2.242054,2.5168,397.330,0.000000,0.000000,0.000000,0.0000,0.232533,0.007639,0.007639,0.000000,True
2691,2,2.244571,2.5121,398.073,0.000000,0.000000,0.000000,0.0000,0.232434,0.007576,0.007576,0.000000,True
2692,2,2.247084,2.4899,401.623,0.000000,0.000000,0.000000,0.0000,0.232338,0.007513,0.007513,0.000000,True
2693,2,2.249574,2.5865,386.623,0.000000,0.000000,0.000000,0.0000,0.232251,0.007452,0.007452,0.000000,True
2694,2,2.252161,2.5561,391.221,0.000000,0.000000,0.000000,0.0000,0.232174,0.007392,0.007392,0.000000,True
2695,2,2.254718,2.5194,396.920,0.000000,0.000000,0.000000,0.0000,0.232101,0.007337,0.007337,0.000000,True
2696,2,2.257238,2.5060,399.042,0.000000,0.000000,0.000000,0.0000,0.232027,0.007291,0.007291,0.000000,True
2697,2,2.259744,2.5200,396.825,0.000000,0.000000,0.000000,0.0000,0.231979,0.007254,0.007254,0.000000,True
2698,2,2.262265,2.5649,389.879,0.000000,0.000000,0.000000,0.0000,0.231944,0.007229,0.007229,0.000000,True
2699,2,2.264830,2.4975,400.400,0.000000,0.000000,0.000000,0.0000,0.231889,0.007197,0.007197,0.000000,True
2700,2,2.267328,2.4875,402.010,0.000000,0.000000,0.000000,0.0000,0.231789,0.007148,0.007148,0.000000,True
2701,2,2.269816,2.5164,397.393,0.000000,0.000000,0.000000,0.0000,0.231682,0.007087,0.007087,0.000000,True
2702,2,2.272333,2.6106,383.054,0.000000,0.000000,0.000000,0.0000,0.231554,0.007016,0.007016,0.000000,True
2703,2,2.274944,2.5040,399.361,0.000000,0.000000,0.000000,0.0000,0.231430,0.006934,0.006934,0.000000,True
2704,2,2.277448,2.7983,357.360,0.000000,0.000000,0.000000,0.0000,0.231327,0.006851,0.006851,0.000000,True
2705,2,2.280247,2.5366,394.229,0.000000,0.000000,0.000000,0.0000,0.231195,0.006756,0.006756,0.000000,True
2706,2,2.282784,2.7797,359.751,0.000000,0.000000,0.000000,0.0000,0.231084,0.006672,0.006672,0.000000,True
2707,2,2.285565,2.5079,398.740,0.000000,0.000000,0.000000,0.0000,0.230975,0.006587,0.006587,0.000000,True
2708,2,2.288073,2.5087,398.613,0.000000,0.000000,0.000000,0.0000,0.230896,0.006519,0.006519,0.000000,True
2709,2,2.290582,2.4977,400.368,0.000000,0.000000,0.000000,0.0000,0.230844,0.006464,0.006464,0.000000,True
2710,2,2.293080,2.4668,405.384,0.000000,0.000000,0.000000,0.0000,0.230798,0.006425,0.006425,0.000000,True
2711,2,2.295547,2.5401,393.685,0.000000,0.000000,0.000000,0.0000,0.230775,0.006406,0.006406,0.000000,True
2712,2,2.298088,2.7235,367.175,0.000000,0.000000,0.000000,0.0000,0.230743,0.006385,0.006385,0.000000,True
2713,2,2.300812,2.5480,392.465,0.000000,0.000000,0.000000,0.0000,0.230669,0.006330,0.006330,0.000000,True
2714,2,2.303360,2.4823,402.852,0.000000,0.000000,0.000000,0.0000,0.230552,0.006258,0.006258,0.000000,True
2715,2,2.305843,2.5511,391.988,0.000000,0.000000,0.000000,0.0000,0.230429,0.006173,0.006173,0.000000,True
2716,2,2.308395,2.5793,387.702,0.000000,0.000000,0.000000,0.0000,0.230288,0.006074,0.006074,0.000000,True
2717,2,2.310975,2.5409,393.561,0.000000,0.000000,0.000000,0.0000,0.230134,0.005969,0.005969,0.000000,True
2718,2,2.313516,2.5641,390.000,0.000000,0.000000,0.000000,0.0000,0.229996,0.005865,0.005865,0.000000,True
2719,2,2.316081,2.5274,395.664,0.000000,0.000000,0.000000,0.0000,0.229864,0.005764,0.005764,0.000000,True
2720,2,2.318608,2.4787,403.437,0.000000,0.000000,0.000000,0.0000,0.229748,0.005673,0.005673,0.000000,True
2721,2,2.321087,2.5285,395.491,0.000000,0.000000,0.000000,0.0000,0.229675,0.005597,0.005597,0.000000,True
2722,2,2.323616,2.8555,350.201,0.000000,0.000000,0.000000,0.0000,0.229619,0.005536,0.005536,0.000000,True
2723,2,2.326472,2.5011,399.824,0.000000,0.000000,0.000000,0.0000,0.229577,0.005492,0.005492,0.000000,True
2724,2,2.328974,2.4871,402.075,0.000000,0.000000,0.000000,0.0000,0.229570,0.005485,0.005485,0.000000,True
2725,2,2.331461,2.5263,395.836,0.000000,0.000000,0.000000,0.0000,0.229563,0.005483,0.005483,0.000000,True
2726,2,2.333988,2.7355,365.564,0.000000,0.000000,0.000000,0.0000,0.229501,0.005443,0.005443,0.000000,True
2727,2,2.336724,2.5214,396.605,0.000000,0.000000,0.000000,0.0000,0.229390,0.005366,0.005366,0.000000,True
2728,2,2.339246,2.6441,378.201,0.000000,0.000000,0.000000,0.0000,0.229260,0.005275,0.005275,0.000000,True
2729,2,2.341890,2.5052,399.170,0.000000,0.000000,0.000000,0.0000,0.229109,0.005163,0.005163,0.000000,True
2730,2,2.344396,2.5149,397.630,0.000000,0.000000,0.000000,0.0000,0.228964,0.005050,0.005050,0.000000,True
2731,2,2.346911,2.5408,393.577,0.000000,0.000000,0.000000,0.0000,0.228821,0.004935,0.004935,0.000000,True
2732,2,2.349452,2.5082,398.692,0.000000,0.000000,0.000000,0.0000,0.228686,0.004823,0.004823,0.000000,True
2733,2,2.351961,2.5076,398.788,0.000000,0.000000,0.000000,0.0000,0.228565,0.004723,0.004723,0.000000,True
2734,2,2.354469,2.5826,387.207,0.000000,0.000000,0.000000,0.0000,0.228461,0.004637,0.004637,0.000000,True
2735,2,2.357052,2.5288,395.445,0.000000,0.000000,0.000000,0.0000,0.228375,0.004569,0.004569,0.000000,True
2736,2,2.359581,2.4757,403.926,0.000000,0.000000,0.000000,0.0000,0.228322,0.004530,0.004530,0.000000,True
2737,2,2.362057,2.4999,400.016,0.000000,0.000000,0.000000,0.0000,0.228297,0.004521,0.004521,0.000000,True
2738,2,2.364558,2.4909,401.461,0.000000,0.000000,0.000000,0.0000,0.228304,0.004533,0.004533,0.000000,True
2739,2,2.367049,2.5063,398.995,0.000000,0.000000,0.000000,0.0000,0.228274,0.004501,0.004501,0.000000,True
2740,2,2.369556,2.5402,393.670,0.000000,0.000000,0.000000,0.0000,0.228192,0.004427,0.004427,0.000000,True
2741,2,2.372097,2.5371,394.151,0.000000,0.000000,0.000000,0.0000,0.228061,0.004323,0.004323,0.000000,True
2742,2,2.374635,2.8753,347.790,0.000000,0.000000,0.000000,0.0000,0.227912,0.003085,0.003085,0.000000,True
2743,2,2.377510,2.5481,392.449,0.000000,0.000000,0.000000,0.0000,0.227742,0.003742,0.003742,0.000000,True
2744,2,2.380060,2.4904,401.542,0.000000,0.000000,0.000000,0.0000,0.227586,0.003102,0.003102,0.000000,True
2745,2,2.382551,2.5187,397.030,0.000000,0.000000,0.000000,0.0000,0.227444,0.003734,0.003734,0.000000,True
2746,2,2.385071,2.5175,397.220,0.000000,0.000000,0.000000,0.0000,0.227300,0.003133,0.003133,0.000000,True
2747,2,2.387588,2.5349,394.493,0.000000,0.000000,0.000000,0.0000,0.227175,0.003745,0.003745,0.000000,True
2748,2,2.390124,2.4724,404.465,0.000000,0.000000,0.000000,0.0000,0.227073,0.003167,0.003167,0.000000,True
2749,2,2.392596,2.4903,401.558,0.000000,0.000000,0.000000,0.0000,0.227006,0.003775,0.003775,0.000000,True
2750,2,2.395087,2.4513,407.947,0.000000,0.000000,0.000000,0.0000,0.226979,0.003198,0.003198,0.000000,True
2751,2,2.397538,2.5155,397.535,0.000000,0.000000,0.000000,0.0000,0.226998,0.003821,0.003821,0.000000,True
2752,2,2.400054,2.5044,399.297,0.000000,0.000000,0.000000,0.0000,0.226988,0.003218,0.003218,0.000000,True
2753,2,2.402559,2.5534,391.635,0.000000,0.000000,0.000000,0.0000,0.226924,0.003823,0.003823,0.000000,True
2754,2,2.405113,2.7664,361.481,0.000000,0.000000,0.000000,0.0000,0.226833,0.003230,0.003230,0.000000,True
2755,2,2.407880,2.5240,396.197,0.000000,0.000000,0.000000,0.0000,0.226697,0.002956,0.002956,0.000000,True
2756,2,2.410404,2.4804,403.161,0.000000,0.000000,0.000000,0.0000,0.226565,0.002934,0.002934,0.000000,True
2757,2,2.412885,2.4923,401.236,0.000000,0.000000,0.000000,0.0000,0.226429,0.002953,0.002953,0.000000,True
2758,2,2.415378,2.4931,401.107,0.000000,0.000000,0.000000,0.0000,0.226309,0.002978,0.002978,0.000000,True
2759,2,2.417872,2.5381,393.996,0.000000,0.000000,0.000000,0.0000,0.226188,0.003004,0.003004,0.000000,True
2760,2,2.420410,2.6500,377.359,0.000000,0.000000,0.000000,0.0000,0.226078,0.003030,0.003030,0.000000,True
2761,2,2.423061,2.4888,401.800,0.000000,0.000000,0.000000,0.0000,0.225981,0.003054,0.003054,0.000000,True
2762,2,2.425550,2.4751,404.024,0.000000,0.000000,0.000000,0.0000,0.225924,0.003078,0.003078,0.000000,True
2763,2,2.428025,2.4941,400.946,0.000000,0.000000,0.000000,0.0000,0.225899,0.003097,0.003097,0.000000,True
2764,2,2.430520,2.4795,403.307,0.000000,0.000000,0.000000,0.0000,0.225914,0.003112,0.003112,0.000000,True
2765,2,2.433000,2.5291,395.398,0.000000,0.000000,0.000000,0.0000,0.225928,0.003117,0.003117,0.000000,True
2766,2,2.435529,2.5223,396.464,0.000000,0.000000,0.000000,0.0000,0.225880,0.003114,0.003114,0.000000,True
2767,2,2.438052,2.4978,400.352,0.000000,0.000000,0.000000,0.0000,0.225802,0.003117,0.003117,0.000000,True
2768,2,2.440550,5.1958,192.463,0.000000,0.000000,0.000000,0.0000,0.225686,0.003127,0.003127,0.000000,True
2769,2,2.445746,2.5390,393.856,0.000000,0.000000,0.000000,0.0000,0.225341,0.003115,0.003115,0.000000,True
2770,2,2.448286,2.4953,400.753,0.000000,0.000000,0.000000,0.0000,0.225227,0.003178,0.003178,0.000000,True
2771,2,2.450781,2.5307,395.148,0.000000,0.000000,0.000000,0.0000,0.225135,0.003206,0.003206,0.000000,True
2772,2,2.453313,2.6927,371.375,0.000000,0.000000,0.000000,0.0000,0.225050,0.003229,0.003229,0.000000,True
2773,2,2.456006,2.6163,382.219,0.000000,0.000000,0.000000,0.0000,0.224963,0.003250,0.003250,0.000000,True
2774,2,2.458623,2.4891,401.752,0.000000,0.000000,0.000000,0.0000,0.224902,0.003274,0.003274,0.000000,True
2775,2,2.461112,2.5132,397.899,0.000000,0.000000,0.000000,0.0000,0.224870,0.003295,0.003295,0.000000,True
2776,2,2.463626,2.5026,399.584,0.000000,0.000000,0.000000,0.0000,0.224869,0.003313,0.003313,0.000000,True
2777,2,2.466129,2.5341,394.617,0.000000,0.000000,0.000000,0.0000,0.224888,0.003324,0.003324,0.000000,True
2778,2,2.468663,2.4907,401.494,0.000000,0.000000,0.000000,0.0000,0.224843,0.003318,0.003318,0.000000,True
2779,2,2.471154,2.5485,392.388,0.000000,0.000000,0.000000,0.0000,0.224755,0.003315,0.003315,0.000000,True
2780,2,2.473703,2.5935,385.579,0.000000,0.000000,0.000000,0.0000,0.224647,0.003317,0.003317,0.000000,True
2781,2,2.476297,2.5130,397.931,0.000000,0.000000,0.000000,0.0000,0.224511,0.003325,0.003325,0.000000,True
2782,2,2.478811,2.5101,398.391,0.000000,0.000000,0.000000,0.0000,0.224383,0.003338,0.003338,0.000000,True
2783,2,2.481321,2.5208,396.699,0.000000,0.000000,0.000000,0.0000,0.224256,0.003352,0.003352,0.000000,True
2784,2,2.483842,2.4874,402.026,0.000000,0.000000,0.000000,0.0000,0.224137,0.003368,0.003368,0.000000,True
2785,2,2.486330,2.5331,394.773,0.000000,0.000000,0.000000,0.0000,0.224050,0.003385,0.003385,0.000000,True
2786,2,2.488864,2.8604,349.602,0.000000,0.000000,0.000000,0.0000,0.223976,0.003401,0.003401,0.000000,True
2787,2,2.491725,2.5111,398.232,0.000000,0.000000,0.000000,0.0000,0.223905,0.003414,0.003414,0.000000,True
2788,2,2.494237,2.4975,400.400,0.000000,0.000000,0.000000,0.0000,0.223896,0.003438,0.003438,0.000000,True
2789,2,2.496735,2.5431,393.221,0.000000,0.000000,0.000000,0.0000,0.223898,0.003455,0.003455,0.000000,True
2790,2,2.499278,2.4835,402.658,0.000000,0.000000,0.000000,0.0000,0.223933,0.003469,0.003469,0.000000,True
2791,2,2.501762,2.5474,392.557,0.000000,0.000000,0.000000,0.0000,0.223912,0.003462,0.003462,0.000000,True
2792,2,2.504310,2.5394,393.794,0.000000,0.000000,0.000000,0.0000,0.223831,0.003453,0.003453,0.000000,True
2793,2,2.506850,2.5325,394.867,0.000000,0.000000,0.000000,0.0000,0.223716,0.003449,0.003449,0.000000,True
2794,2,2.509382,2.5104,398.343,0.000000,0.000000,0.000000,0.0000,0.223592,0.003449,0.003449,0.000000,True
2795,2,2.511893,2.5046,399.265,0.000000,0.000000,0.000000,0.0000,0.223472,0.003452,0.003452,0.000000,True
2796,2,2.514398,2.5203,396.778,0.000000,0.000000,0.000000,0.0000,0.223362,0.003459,0.003459,0.000000,True
2797,2,2.516918,2.5604,390.564,0.000000,0.000000,0.000000,0.0000,0.223262,0.003465,0.003465,0.000000,True
2798,2,2.519479,2.5287,395.460,0.000000,0.000000,0.000000,0.0000,0.223176,0.003473,0.003473,0.000000,True
2799,2,2.522008,2.5594,390.717,0.000000,0.000000,0.000000,0.0000,0.223124,0.003483,0.003483,0.000000,True
2800,2,2.524568,2.5575,391.007,0.000000,0.000000,0.000000,0.0000,0.223076,0.003494,0.003494,0.000000,True
2801,2,2.527126,2.5620,390.320,0.000000,0.000000,0.000000,0.0000,0.223053,0.003506,0.003506,0.000000,True
2802,2,2.529689,2.6360,379.363,0.000000,0.000000,0.000000,0.0000,0.223058,0.003520,0.003520,0.000000,True
2803,2,2.532325,2.5246,396.102,0.000000,0.000000,0.000000,0.0000,0.223102,0.003535,0.003535,0.000000,True
2804,2,2.534850,2.4861,402.237,0.000000,0.000000,0.000000,0.0000,0.223129,0.003531,0.003531,0.000000,True
2805,2,2.537336,2.5387,393.902,0.000000,0.000000,0.000000,0.0000,0.223079,0.003514,0.003514,0.000000,True
2806,2,2.539876,2.5615,390.396,0.000000,0.000000,0.000000,0.0000,0.222977,0.003500,0.003500,0.000000,True
2807,2,2.542437,2.4961,400.625,0.000000,0.000000,0.000000,0.0000,0.222851,0.003490,0.003490,0.000000,True
2808,2,2.544934,2.4693,404.973,0.000000,0.000000,0.000000,0.0000,0.222751,0.003485,0.003485,0.000000,True
2809,2,2.547403,2.4798,403.258,0.000000,0.000000,0.000000,0.0000,0.222663,0.003482,0.003482,0.000000,True
2810,2,2.549884,2.4596,406.570,0.000000,0.000000,0.000000,0.0000,0.222579,0.003480,0.003480,0.000000,True
2811,2,2.552344,2.4899,401.623,0.000000,0.000000,0.000000,0.0000,0.222518,0.003481,0.003481,0.000000,True
2812,2,2.554834,2.4558,407.199,0.000000,0.000000,0.000000,0.0000,0.222467,0.003483,0.003483,0.000000,True
2813,2,2.557290,2.4825,402.820,0.000000,0.000000,0.000000,0.0000,0.222432,0.003490,0.003490,0.000000,True
2814,2,2.559773,2.4702,404.826,0.000000,0.000000,0.000000,0.0000,0.222412,0.003498,0.003498,0.000000,True
2815,2,2.562243,2.5016,399.744,0.000000,0.000000,0.000000,0.0000,0.222426,0.003510,0.003510,0.000000,True
2816,2,2.564746,2.4799,403.242,0.000000,0.000000,0.000000,0.0000,0.222453,0.003526,0.003526,0.000000,True
2817,2,2.567226,2.5266,395.789,0.000000,0.000000,0.000000,0.0000,0.222499,0.003540,0.003540,0.000000,True
2818,2,2.569753,2.4929,401.139,0.000000,0.000000,0.000000,0.0000,0.222473,0.003524,0.003524,0.000000,True
2819,2,2.572246,2.5261,395.867,0.000000,0.000000,0.000000,0.0000,0.222374,0.003505,0.003505,0.000000,True
2820,2,2.574773,2.5141,397.757,0.000000,0.000000,0.000000,0.0000,0.222292,0.003487,0.003487,0.000000,True
2821,2,2.577287,2.5180,397.141,0.000000,0.000000,0.000000,0.0000,0.222202,0.003472,0.003472,0.000000,True
2822,2,2.579805,2.4853,402.366,0.000000,0.000000,0.000000,0.0000,0.222131,0.003458,0.003458,0.000000,True
2823,2,2.582291,2.4939,400.978,0.000000,0.000000,0.000000,0.0000,0.222075,0.003447,0.003447,0.000000,True
2824,2,2.584785,2.5330,394.789,0.000000,0.000000,0.000000,0.0000,0.222017,0.003436,0.003436,0.000000,True
2825,2,2.587318,2.5191,396.967,0.000000,0.000000,0.000000,0.0000,0.221983,0.003428,0.003428,0.000000,True
2826,2,2.589838,2.4839,402.593,0.000000,0.000000,0.000000,0.0000,0.221962,0.003424,0.003424,0.000000,True
2827,2,2.592322,2.5102,398.375,0.000000,0.000000,0.000000,0.0000,0.221960,0.003426,0.003426,0.000000,True
2828,2,2.594833,2.5915,385.877,0.000000,0.000000,0.000000,0.0000,0.221976,0.003431,0.003431,0.000000,True
2829,2,2.597425,2.5132,397.899,0.000000,0.000000,0.000000,0.0000,0.222026,0.003443,0.003443,0.000000,True
2830,2,2.599938,2.5198,396.857,0.000000,0.000000,0.000000,0.0000,0.222073,0.003463,0.003463,0.000000,True
2831,2,2.602458,2.4966,400.545,0.000000,0.000000,0.000000,0.0000,0.221987,0.003460,0.003460,0.000000,True
2832,2,2.604956,2.5624,390.259,0.000000,0.000000,0.000000,0.0000,0.221891,0.003440,0.003440,0.000000,True
2833,2,2.607518,2.5226,396.416,0.000000,0.000000,0.000000,0.0000,0.221848,0.003418,0.003418,0.000000,True
2834,2,2.610042,2.4796,403.291,0.000000,0.000000,0.000000,0.0000,0.221791,0.003397,0.003397,0.000000,True
2835,2,2.612521,2.5408,393.577,0.000000,0.000000,0.000000,0.0000,0.221729,0.003376,0.003376,0.000000,True
2836,2,2.615063,2.4712,404.662,0.000000,0.000000,0.000000,0.0000,0.221664,0.003354,0.003354,0.000000,True
2837,2,2.617534,2.5221,396.495,0.000000,0.000000,0.000000,0.0000,0.221623,0.003337,0.003337,0.000000,True
2838,2,2.620057,2.5274,395.664,0.000000,0.000000,0.000000,0.0000,0.221584,0.003320,0.003320,0.000000,True
2839,2,2.622585,2.5337,394.680,0.000000,0.000000,0.000000,0.0000,0.221565,0.003307,0.003307,0.000000,True
2840,2,2.625119,2.4893,401.719,0.000000,0.000000,0.000000,0.0000,0.221551,0.003299,0.003299,0.000000,True
2841,2,2.627608,2.4999,400.016,0.000000,0.000000,0.000000,0.0000,0.221558,0.003299,0.003299,0.000000,True
2842,2,2.630109,2.5115,398.168,0.000000,0.000000,0.000000,0.0000,0.221597,0.003305,0.003305,0.000000,True
2843,2,2.632621,2.4814,402.998,0.000000,0.000000,0.000000,0.0000,0.221643,0.003320,0.003320,0.000000,True
2844,2,2.635102,2.5366,394.229,0.000000,0.000000,0.000000,0.0000,0.221537,0.003332,0.003332,0.000000,True
2845,2,2.637640,2.5171,397.283,0.000000,0.000000,0.000000,0.0000,0.221446,0.003317,0.003317,0.000000,True
2846,2,2.640157,2.5110,398.248,0.000000,0.000000,0.000000,0.0000,0.221410,0.003297,0.003297,0.000000,True
2847,2,2.642668,2.4757,403.926,0.000000,0.000000,0.000000,0.0000,0.221407,0.003274,0.003274,0.000000,True
2848,2,2.645145,2.5040,399.361,0.000000,0.000000,0.000000,0.0000,0.221385,0.003252,0.003252,0.000000,True
2849,2,2.647649,2.4815,402.982,0.000000,0.000000,0.000000,0.0000,0.221351,0.003228,0.003228,0.000000,True
2850,2,2.650131,2.5242,396.165,0.000000,0.000000,0.000000,0.0000,0.221312,0.003206,0.003206,0.000000,True
2851,2,2.652656,2.5028,399.553,0.000000,0.000000,0.000000,0.0000,0.221271,0.003185,0.003185,0.000000,True
2852,2,2.655159,2.5460,392.773,0.000000,0.000000,0.000000,0.0000,0.221244,0.003168,0.003168,0.000000,True
2853,2,2.657708,2.8141,355.353,0.000000,0.000000,0.000000,0.0000,0.221229,0.003155,0.003155,0.000000,True
2854,2,2.660522,2.5167,397.346,0.000000,0.000000,0.000000,0.0000,0.221217,0.003143,0.003143,0.000000,True
2855,2,2.663039,2.4756,403.943,0.000000,0.000000,0.000000,0.0000,0.221255,0.003150,0.003150,0.000000,True
2856,2,2.665515,2.5108,398.279,0.000000,0.000000,0.000000,0.0000,0.221303,0.003162,0.003162,0.000000,True
2857,2,2.668027,2.5204,396.762,0.000000,0.000000,0.000000,0.0000,0.221237,0.003178,0.003178,0.000000,True
2858,2,2.670547,2.5148,397.646,0.000000,0.000000,0.000000,0.0000,0.221180,0.003171,0.003171,0.000000,True
2859,2,2.673063,2.5842,386.967,0.000000,0.000000,0.000000,0.0000,0.221110,0.003154,0.003154,0.000000,True
2860,2,2.675648,2.5089,398.581,0.000000,0.000000,0.000000,0.0000,0.221032,0.003132,0.003132,0.000000,True
2861,2,2.678157,2.4873,402.042,0.000000,0.000000,0.000000,0.0000,0.220957,0.003111,0.003111,0.000000,True
2862,2,2.680645,2.5014,399.776,0.000000,0.000000,0.000000,0.0000,0.220869,0.003081,0.003081,0.000000,True
2863,2,2.683148,2.4586,406.736,0.000000,0.000000,0.000000,0.0000,0.220657,0.003048,0.003048,0.000000,True
2864,2,2.685607,2.5379,394.027,0.000000,0.000000,0.000000,0.0000,0.220358,0.003021,0.003021,0.000000,True
2865,2,2.688145,2.5241,396.181,0.000000,0.000000,0.000000,0.0000,0.219967,0.002995,0.002995,0.000000,True
2866,2,2.690670,2.5107,398.295,0.000000,0.000000,0.000000,0.0000,0.219517,0.002980,0.002980,0.000000,True
2867,2,2.693181,2.4695,404.940,0.000000,0.000000,0.000000,0.0000,0.219037,0.002974,0.002974,0.000000,True
2868,2,2.695651,2.4719,404.547,0.000000,0.000000,0.000000,0.0000,0.218573,0.002981,0.002981,0.000000,True
2869,2,2.698123,2.5138,397.804,0.000000,0.000000,0.000000,0.0000,0.218117,0.002998,0.002998,0.000000,True
2870,2,2.700637,2.4926,401.188,0.000000,0.000000,0.000000,0.0000,0.217724,0.003027,0.003027,0.000000,True
2871,2,2.703130,2.5749,388.365,0.000000,0.000000,0.000000,0.0000,0.217374,0.003046,0.003046,0.000000,True
2872,2,2.705706,2.4885,401.849,0.000000,0.000000,0.000000,0.0000,0.216957,0.003032,0.003032,0.000000,True
2873,2,2.708194,2.5434,393.175,0.000000,0.000000,0.000000,0.0000,0.216544,0.003011,0.003011,0.000000,True
2874,2,2.710738,2.4921,401.268,0.000000,0.000000,0.000000,0.0000,0.216148,0.002983,0.002983,0.000000,True
2875,2,2.713231,2.5105,398.327,0.000000,0.000000,0.000000,0.0000,0.215766,0.002957,0.002957,0.000000,True
2876,2,2.715742,2.4600,406.504,0.000000,0.000000,0.000000,0.0000,0.215363,0.002931,0.002931,0.000000,True
2877,2,2.718202,3.4633,288.742,0.000000,0.000000,0.000000,0.0000,0.214953,0.002911,0.002911,0.000000,True
2878,2,2.721666,2.8087,356.037,0.000000,0.000000,0.000000,0.0000,0.214443,0.002858,0.002858,0.000000,True
2879,2,2.724475,2.5340,394.633,0.000000,0.000000,0.000000,0.0000,0.213966,0.002858,0.002858,0.000000,True
2880,2,2.727010,2.4946,400.866,0.000000,0.000000,0.000000,0.0000,0.213514,0.002868,0.002868,0.000000,True
2881,2,2.729504,2.5208,396.699,0.000000,0.000000,0.000000,0.0000,0.213097,0.002880,0.002880,0.000000,True
2882,2,2.732026,2.5193,396.936,0.000000,0.000000,0.000000,0.0000,0.212714,0.002900,0.002900,0.000000,True
2883,2,2.734545,2.5162,397.425,0.000000,0.000000,0.000000,0.0000,0.212400,0.002930,0.002930,0.000000,True
2884,2,2.737062,2.4777,403.600,0.000000,0.000000,0.000000,0.0000,0.212095,0.002947,0.002947,0.000000,True
2885,2,2.739540,2.5354,394.415,0.000000,0.000000,0.000000,0.0000,0.211750,0.002940,0.002940,0.000000,True
2886,2,2.742077,2.4842,402.544,0.000000,0.000000,0.000000,0.0000,0.211353,0.002925,0.002925,0.000000,True
2887,2,2.744562,2.4818,402.933,0.000000,0.000000,0.000000,0.0000,0.211008,0.002908,0.002908,0.000000,True
2888,2,2.747044,2.5000,400.000,0.000000,0.000000,0.000000,0.0000,0.210665,0.002890,0.002890,0.000000,True
2889,2,2.749544,2.5101,398.391,0.000000,0.000000,0.000000,0.0000,0.210322,0.002873,0.002873,0.000000,True
2890,2,2.752055,2.4818,402.933,0.000000,0.000000,0.000000,0.0000,0.209967,0.002858,0.002858,0.000000,True
2891,2,2.754537,2.5391,393.840,0.000000,0.000000,0.000000,0.0000,0.209631,0.002848,0.002848,0.000000,True
2892,2,2.757077,2.5439,393.097,0.000000,0.000000,0.000000,0.0000,0.209293,0.002841,0.002841,0.000000,True
2893,2,2.759621,2.5180,397.141,0.000000,0.000000,0.000000,0.0000,0.208974,0.002841,0.002841,0.000000,True
2894,2,2.762139,2.5722,388.772,0.000000,0.000000,0.000000,0.0000,0.208645,0.002848,0.002848,0.000000,True
2895,2,2.764712,2.5059,399.058,0.000000,0.000000,0.000000,0.0000,0.208361,0.002862,0.002862,0.000000,True
2896,2,2.767218,2.5425,393.314,0.000000,0.000000,0.000000,0.0000,0.208108,0.002885,0.002885,0.000000,True
2897,2,2.769761,2.4976,400.384,0.000000,0.000000,0.000000,0.0000,0.207901,0.002911,0.002911,0.000000,True
2898,2,2.772259,2.5608,390.503,0.000000,0.000000,0.000000,0.0000,0.207667,0.002915,0.002915,0.000000,True
2899,2,2.774821,2.8106,355.796,0.000000,0.000000,0.000000,0.0000,0.207396,0.002908,0.002908,0.000000,True
2900,2,2.777632,2.4937,401.011,0.000000,0.000000,0.000000,0.0000,0.207094,0.002895,0.002895,0.000000,True
2901,2,2.780126,2.4732,404.335,0.000000,0.000000,0.000000,0.0000,0.206797,0.002885,0.002885,0.000000,True
2902,2,2.782600,2.4407,409.719,0.000000,0.000000,0.000000,0.0000,0.206504,0.002875,0.002875,0.000000,True
2903,2,2.785041,2.4852,402.382,0.000000,0.000000,0.000000,0.0000,0.206217,0.002865,0.002865,0.000000,True
2904,2,2.787526,2.4774,403.649,0.000000,0.000000,0.000000,0.0000,0.205931,0.002857,0.002857,0.000000,True
2905,2,2.790004,2.5665,389.636,0.000000,0.000000,0.000000,0.0000,0.205661,0.002853,0.002853,0.000000,True
2906,2,2.792571,2.4903,401.558,0.000000,0.000000,0.000000,0.0000,0.205380,0.002851,0.002851,0.000000,True
2907,2,2.795061,2.4879,401.945,0.000000,0.000000,0.000000,0.0000,0.205116,0.002855,0.002855,0.000000,True
2908,2,2.797549,2.4698,404.891,0.000000,0.000000,0.000000,0.0000,0.204874,0.002865,0.002865,0.000000,True
2909,2,2.800019,2.4898,401.639,0.000000,0.000000,0.000000,0.0000,0.204667,0.002879,0.002879,0.000000,True
2910,2,2.802509,2.5292,395.382,0.000000,0.000000,0.000000,0.0000,0.204506,0.002900,0.002900,0.000000,True
2911,2,2.805039,2.5431,393.221,0.000000,0.000000,0.000000,0.0000,0.204337,0.002912,0.002912,0.000000,True
2912,2,2.807583,2.5306,395.163,0.000000,0.000000,0.000000,0.0000,0.204142,0.002914,0.002914,0.000000,True
2913,2,2.810114,2.4731,404.351,0.000000,0.000000,0.000000,0.0000,0.203902,0.002912,0.002912,0.000000,True
2914,2,2.812587,2.5190,396.983,0.000000,0.000000,0.000000,0.0000,0.203665,0.002907,0.002907,0.000000,True
2915,2,2.815107,2.6002,384.586,0.000000,0.000000,0.000000,0.0000,0.203412,0.002900,0.002900,0.000000,True
2916,2,2.817707,2.5230,396.354,0.000000,0.000000,0.000000,0.0000,0.203169,0.002892,0.002892,0.000000,True
2917,2,2.820231,2.4698,404.891,0.000000,0.000000,0.000000,0.0000,0.202934,0.002886,0.002886,0.000000,True
2918,2,2.822701,2.5296,395.319,0.000000,0.000000,0.000000,0.0000,0.202709,0.002882,0.002882,0.000000,True
2919,2,2.825231,2.4727,404.416,0.000000,0.000000,0.000000,0.0000,0.202487,0.002880,0.002880,0.000000,True
2920,2,2.827704,2.4947,400.850,0.000000,0.000000,0.000000,0.0000,0.202285,0.002881,0.002881,0.000000,True
2921,2,2.830199,2.5440,393.082,0.000000,0.000000,0.000000,0.0000,0.202088,0.002885,0.002885,0.000000,True
2922,2,2.832743,2.5320,394.945,0.000000,0.000000,0.000000,0.0000,0.201916,0.002893,0.002893,0.000000,True
2923,2,2.835275,2.4944,400.898,0.000000,0.000000,0.000000,0.0000,0.201781,0.002905,0.002905,0.000000,True
2924,2,2.837770,2.5184,397.078,0.000000,0.000000,0.000000,0.0000,0.201668,0.002918,0.002918,0.000000,True
2925,2,2.840289,2.4972,400.449,0.000000,0.000000,0.000000,0.0000,0.201527,0.002927,0.002927,0.000000,True
2926,2,2.842787,2.5958,385.238,0.000000,0.000000,0.000000,0.0000,0.201351,0.002932,0.002932,0.000000,True
2927,2,2.845384,2.6303,380.185,0.000000,0.000000,0.000000,0.0000,0.201161,0.002933,0.002933,0.000000,True
2928,2,2.848014,2.5123,398.042,0.000000,0.000000,0.000000,0.0000,0.200945,0.002931,0.002931,0.000000,True
2929,2,2.850527,2.4806,403.128,0.000000,0.000000,0.000000,0.0000,0.200728,0.002927,0.002927,0.000000,True
2930,2,2.853008,2.5465,392.696,0.000000,0.000000,0.000000,0.0000,0.200532,0.002923,0.002923,0.000000,True
2931,2,2.855555,2.5219,396.526,0.000000,0.000000,0.000000,0.0000,0.200340,0.002919,0.002919,0.000000,True
2932,2,2.858077,2.5181,397.125,0.000000,0.000000,0.000000,0.0000,0.200152,0.002916,0.002916,0.000000,True
2933,2,2.860596,2.4668,405.384,0.000000,0.000000,0.000000,0.0000,0.199993,0.002914,0.002914,0.000000,True
2934,2,2.863063,2.4936,401.027,0.000000,0.000000,0.000000,0.0000,0.199840,0.002914,0.002914,0.000000,True
2935,2,2.865557,2.4620,406.174,0.000000,0.000000,0.000000,0.0000,0.199702,0.002917,0.002917,0.000000,True
2936,2,2.868019,2.5428,393.267,0.000000,0.000000,0.000000,0.0000,0.199591,0.002922,0.002922,0.000000,True
2937,2,2.870563,2.5181,397.125,0.000000,0.000000,0.000000,0.0000,0.199508,0.002930,0.002930,0.000000,True
2938,2,2.873081,2.5452,392.896,0.000000,0.000000,0.000000,0.0000,0.199397,0.002941,0.002941,0.000000,True
2939,2,2.875627,2.5154,397.551,0.000000,0.000000,0.000000,0.0000,0.199249,0.002950,0.002950,0.000000,True
2940,2,2.878143,2.4804,403.161,0.000000,0.000000,0.000000,0.0000,0.199079,0.002955,0.002955,0.000000,True
2941,2,2.880624,2.4692,404.990,0.000000,0.000000,0.000000,0.0000,0.198902,0.002957,0.002957,0.000000,True
2942,2,2.883093,2.4794,403.323,0.000000,0.000000,0.000000,0.0000,0.198729,0.002956,0.002956,0.000000,True
2943,2,2.885573,2.5137,397.820,0.000000,0.000000,0.000000,0.0000,0.198550,0.002954,0.002954,0.000000,True
2944,2,2.888087,2.5032,399.489,0.000000,0.000000,0.000000,0.0000,0.198380,0.002952,0.002952,0.000000,True
2945,2,2.890590,2.5141,397.757,0.000000,0.000000,0.000000,0.0000,0.198247,0.002949,0.002949,0.000000,True
2946,2,2.893105,2.4740,404.204,0.000000,0.000000,0.000000,0.0000,0.198121,0.002947,0.002947,0.000000,True
2947,2,2.895579,2.5067,398.931,0.000000,0.000000,0.000000,0.0000,0.198011,0.002945,0.002945,0.000000,True
2948,2,2.898087,2.5230,396.354,0.000000,0.000000,0.000000,0.0000,0.197914,0.002945,0.002945,0.000000,True
2949,2,2.900610,2.4844,402.512,0.000000,0.000000,0.000000,0.0000,0.197834,0.002947,0.002947,0.000000,True
2950,2,2.903095,2.5253,395.993,0.000000,0.000000,0.000000,0.0000,0.197776,0.002950,0.002950,0.000000,True
2951,2,2.905621,2.5079,398.740,0.000000,0.000000,0.000000,0.0000,0.197717,0.002958,0.002958,0.000000,True
2952,2,2.908129,2.4764,403.812,0.000000,0.000000,0.000000,0.0000,0.197620,0.002969,0.002969,0.000000,True
2953,2,2.910606,2.5031,399.505,0.000000,0.000000,0.000000,0.0000,0.197498,0.002976,0.002976,0.000000,True
2954,2,2.913109,2.5358,394.353,0.000000,0.000000,0.000000,0.0000,0.197370,0.002980,0.002980,0.000000,True
2955,2,2.915645,2.5315,395.023,0.000000,0.000000,0.000000,0.0000,0.197245,0.002981,0.002981,0.000000,True
2956,2,2.918178,2.4920,401.284,0.000000,0.000000,0.000000,0.0000,0.197129,0.002979,0.002979,0.000000,True
2957,2,2.920670,2.4984,400.256,0.000000,0.000000,0.000000,0.0000,0.197025,0.002977,0.002977,0.000000,True
2958,2,2.923168,2.5510,392.003,0.000000,0.000000,0.000000,0.0000,0.196929,0.002974,0.002974,0.000000,True
2959,2,2.925720,2.5202,396.794,0.000000,0.000000,0.000000,0.0000,0.196836,0.002972,0.002972,0.000000,True
2960,2,2.928241,2.5034,399.457,0.000000,0.000000,0.000000,0.0000,0.196750,0.002970,0.002970,0.000000,True
2961,2,2.930744,2.5061,399.026,0.000000,0.000000,0.000000,0.0000,0.196669,0.002970,0.002970,0.000000,True
2962,2,2.933251,2.7033,369.918,0.000000,0.000000,0.000000,0.0000,0.196594,0.002970,0.002970,0.000000,True
2963,2,2.935955,2.5090,398.565,0.000000,0.000000,0.000000,0.0000,0.196529,0.002973,0.002973,0.000000,True
2964,2,2.938464,2.4630,406.009,0.000000,0.000000,0.000000,0.0000,0.196480,0.002979,0.002979,0.000000,True
2965,2,2.940928,2.4890,401.768,0.000000,0.000000,0.000000,0.0000,0.196397,0.002995,0.002995,0.000000,True
2966,2,2.943417,2.5350,394.477,0.000000,0.000000,0.000000,0.0000,0.196289,0.003010,0.003010,0.000000,True
2967,2,2.945952,2.5083,398.676,0.000000,0.000000,0.000000,0.0000,0.196169,0.003022,0.003022,0.000000,True
2968,2,2.948461,2.5061,399.026,0.000000,0.000000,0.000000,0.0000,0.196051,0.003030,0.003030,0.000000,True
2969,2,2.950968,2.5220,396.511,0.000000,0.000000,0.000000,0.0000,0.195942,0.003036,0.003036,0.000000,True
2970,2,2.953490,2.5131,397.915,0.000000,0.000000,0.000000,0.0000,0.195844,0.003039,0.003039,0.000000,True
2971,2,2.956004,2.5038,399.393,0.000000,0.000000,0.000000,0.0000,0.195759,0.003041,0.003041,0.000000,True
2972,2,2.958508,2.5638,390.046,0.000000,0.000000,0.000000,0.0000,0.195696,0.003041,0.003041,0.000000,True
2973,2,2.961072,2.5106,398.311,0.000000,0.000000,0.000000,0.0000,0.195628,0.003041,0.003041,0.000000,True
2974,2,2.963583,2.4916,401.349,0.000000,0.000000,0.000000,0.0000,0.195575,0.003039,0.003039,0.000000,True
2975,2,2.966075,2.4936,401.027,0.000000,0.000000,0.000000,0.0000,0.195529,0.003038,0.003038,0.000000,True
2976,2,2.968569,2.5038,399.393,0.000000,0.000000,0.000000,0.0000,0.195495,0.003037,0.003037,0.000000,True
2977,2,2.971073,2.4794,403.323,0.000000,0.000000,0.000000,0.0000,0.195474,0.003036,0.003036,0.000000,True
2978,2,2.973553,2.5284,395.507,0.000000,0.000000,0.000000,0.0000,0.195430,0.003045,0.003045,0.000000,True
2979,2,2.976082,2.5289,395.429,0.000000,0.000000,0.000000,0.0000,0.195396,0.003063,0.003063,0.000000,True
2980,2,2.978611,2.5174,397.235,0.000000,0.000000,0.000000,0.0000,0.195329,0.003078,0.003078,0.000000,True
2981,2,2.981129,2.5083,398.676,0.000000,0.000000,0.000000,0.0000,0.195284,0.003089,0.003089,0.000000,True
2982,2,2.983638,2.5084,398.661,0.000000,0.000000,0.000000,0.0000,0.195222,0.003097,0.003097,0.000000,True
2983,2,2.986147,2.4961,400.625,0.000000,0.000000,0.000000,0.0000,0.195179,0.003103,0.003103,0.000000,True
2984,2,2.988643,2.5467,392.665,0.000000,0.000000,0.000000,0.0000,0.195135,0.003106,0.003106,0.000000,True
2985,2,2.991190,2.5026,399.584,0.000000,0.000000,0.000000,0.0000,0.195098,0.003109,0.003109,0.000000,True
2986,2,2.993693,2.5457,392.819,0.000000,0.000000,0.000000,0.0000,0.195068,0.003110,0.003110,0.000000,True
2987,2,2.996239,2.4931,401.107,0.000000,0.000000,0.000000,0.0000,0.195042,0.003110,0.003110,0.000000,True
2988,2,2.998733,2.5492,392.280,0.000000,0.000000,0.000000,0.0000,0.195027,0.003108,0.003108,0.000000,True
2989,2,3.001282,2.4941,400.946,0.000000,0.000000,0.000000,0.0000,0.194993,0.003107,0.003107,0.000000,True
2990,2,3.003777,2.5908,385.981,0.000000,0.000000,0.000000,0.0000,0.194980,0.004410,0.004410,0.000000,True
2991,2,3.006368,2.7701,360.998,0.000000,0.000000,0.000000,0.0000,0.194964,0.003497,0.003497,0.000000,True
2992,2,3.009139,2.5204,396.762,0.000000,0.000000,0.000000,0.0000,0.194930,0.004502,0.004502,0.000000,True
2993,2,3.011660,2.4606,406.405,0.000000,0.000000,0.000000,0.0000,0.194886,0.003535,0.003535,0.000000,True
2994,2,3.014121,2.5296,395.319,0.000000,0.000000,0.000000,0.0000,0.194842,0.004525,0.004525,0.000000,True
2995,2,3.016651,2.5166,397.362,0.000000,0.000000,0.000000,0.0000,0.194805,0.003552,0.003552,0.000000,True
2996,2,3.019168,2.5316,395.007,0.000000,0.000000,0.000000,0.0000,0.194765,0.004536,0.004536,0.000000,True
2997,2,3.021700,2.4793,403.340,0.000000,0.000000,0.000000,0.0000,0.194752,0.003561,0.003561,0.000000,True
2998,2,3.024179,2.5914,385.892,0.000000,0.000000,0.000000,0.0000,0.194747,0.004553,0.004553,0.000000,True
2999,2,3.026772,2.5330,394.789,0.000000,0.000000,0.000000,0.0000,0.194746,0.003571,0.003571,0.000000,True
3000,2,3.029305,2.5410,393.546,0.000000,0.000000,0.000000,0.0000,0.194749,0.004583,0.004583,0.000000,True
3001,2,3.031846,2.5118,398.121,0.000000,0.000000,0.000000,0.0000,0.194764,0.003579,0.003579,0.000000,True
3002,2,3.034358,2.5464,392.711,0.000000,0.000000,0.000000,0.0000,0.194763,0.004621,0.004621,0.000000,True
3003,2,3.036905,2.5026,399.584,0.000000,0.000000,0.000000,0.0000,0.194761,0.003585,0.003585,0.000000,True
3004,2,3.039408,2.5735,388.576,0.000000,0.000000,0.000000,0.0000,0.194770,0.004666,0.004666,0.000000,True
3005,2,3.041982,2.5710,388.954,0.000000,0.000000,0.000000,0.0000,0.194758,0.003605,0.003605,0.000000,True
3006,2,3.044554,2.5505,392.080,0.000000,0.000000,0.000000,0.0000,0.194739,0.004708,0.004708,0.000000,True
3007,2,3.047105,2.5370,394.166,0.000000,0.000000,0.000000,0.0000,0.194717,0.003635,0.003635,0.000000,True
3008,2,3.049642,2.4774,403.649,0.000000,0.000000,0.000000,0.0000,0.194709,0.004720,0.004720,0.000000,True
3009,2,3.052119,2.4966,400.545,0.000000,0.000000,0.000000,0.0000,0.194711,0.003649,0.003649,0.000000,True
3010,2,3.054617,5.1943,192.519,0.000000,0.000000,0.000000,0.0000,0.194726,0.004724,0.004724,0.000000,True
3011,2,3.059812,2.5157,397.504,0.000000,0.000000,0.000000,0.0000,0.194740,0.003701,0.003701,0.000000,True
3012,2,3.062328,2.4877,401.978,0.000000,0.000000,0.000000,0.0000,0.194783,0.004704,0.004704,0.000000,True
3013,2,3.064816,2.4817,402.950,0.000000,0.000000,0.000000,0.0000,0.194827,0.003652,0.003652,0.000000,True
3014,2,3.067298,2.5085,398.645,0.000000,0.000000,0.000000,0.0000,0.194860,0.004738,0.004738,0.000000,True
3015,2,3.069807,2.5123,398.042,0.000000,0.000000,0.000000,0.0000,0.194895,0.005158,0.005158,0.000000,True
3016,2,3.072320,2.5085,398.645,0.000000,0.000000,0.000000,0.0000,0.194909,0.005233,0.005233,0.000000,True
3017,2,3.074829,2.6153,382.365,0.000000,0.000000,0.000000,0.0000,0.194911,0.005283,0.005283,0.000000,True
3018,2,3.077445,2.5180,397.141,0.000000,0.000000,0.000000,0.0000,0.194903,0.005317,0.005317,0.000000,True
3019,2,3.079963,2.5622,390.290,0.000000,0.000000,0.000000,0.0000,0.194895,0.005334,0.005334,0.000000,True
3020,2,3.082526,2.5111,398.232,0.000000,0.000000,0.000000,0.0000,0.194896,0.005342,0.005342,0.000000,True
3021,2,3.085037,2.4819,402.917,0.000000,0.000000,0.000000,0.0000,0.194909,0.005345,0.005345,0.000000,True
3022,2,3.087520,2.5378,394.042,0.000000,0.000000,0.000000,0.0000,0.194935,0.005345,0.005345,0.000000,True
3023,2,3.090058,2.5504,392.095,0.000000,0.000000,0.000000,0.0000,0.194974,0.005344,0.005344,0.000000,True
3024,2,3.092608,2.5179,397.156,0.000000,0.000000,0.000000,0.0000,0.195021,0.005343,0.005343,0.000000,True
3025,2,3.095127,2.5408,393.577,0.000000,0.000000,0.000000,0.0000,0.195072,0.005341,0.005341,0.000000,True
3026,2,3.097668,2.5072,398.851,0.000000,0.000000,0.000000,0.0000,0.195111,0.005341,0.005341,0.000000,True
3027,2,3.100175,2.5292,395.382,0.000000,0.000000,0.000000,0.0000,0.195159,0.005341,0.005341,0.000000,True
3028,2,3.102705,2.5084,398.661,0.000000,0.000000,0.000000,0.0000,0.195216,0.005343,0.005343,0.000000,True
3029,2,3.105213,2.5422,393.360,0.000000,0.000000,0.000000,0.0000,0.195227,0.005345,0.005345,0.000000,True
3030,2,3.107756,2.5470,392.619,0.000000,0.000000,0.000000,0.0000,0.195250,0.005351,0.005351,0.000000,True
3031,2,3.110303,2.5317,394.992,0.000000,0.000000,0.000000,0.0000,0.195267,0.005363,0.005363,0.000000,True
3032,2,3.112835,2.5050,399.202,0.000000,0.000000,0.000000,0.0000,0.195281,0.005368,0.005368,0.000000,True
3033,2,3.115340,2.5154,397.551,0.000000,0.000000,0.000000,0.0000,0.195293,0.005368,0.005368,0.000000,True
3034,2,3.117856,2.5634,390.107,0.000000,0.000000,0.000000,0.0000,0.195320,0.005365,0.005365,0.000000,True
3035,2,3.120420,2.4998,400.032,0.000000,0.000000,0.000000,0.0000,0.195359,0.005361,0.005361,0.000000,True
3036,2,3.122920,2.5755,388.274,0.000000,0.000000,0.000000,0.0000,0.195406,0.005354,0.005354,0.000000,True
3037,2,3.125496,2.6105,383.068,0.000000,0.000000,0.000000,0.0000,0.195459,0.005348,0.005348,0.000000,True
3038,2,3.128107,2.8766,347.633,0.000000,0.000000,0.000000,0.0000,0.195510,0.005341,0.005341,0.000000,True
3039,2,3.130984,2.5263,395.836,0.000000,0.000000,0.000000,0.0000,0.195574,0.005336,0.005336,0.000000,True
3040,2,3.133511,2.4936,401.027,0.000000,0.000000,0.000000,0.0000,0.195633,0.005325,0.005325,0.000000,True
3041,2,3.136005,2.5150,397.614,0.000000,0.000000,0.000000,0.0000,0.195684,0.005321,0.005321,0.000000,True
3042,2,3.138521,2.5625,390.244,0.000000,0.000000,0.000000,0.0000,0.195741,0.005317,0.005317,0.000000,True
3043,2,3.141083,2.5298,395.288,0.000000,0.000000,0.000000,0.0000,0.195777,0.005317,0.005317,0.000000,True
3044,2,3.143614,2.4927,401.171,0.000000,0.000000,0.000000,0.0000,0.195804,0.005328,0.005328,0.000000,True
3045,2,3.146107,2.5091,398.549,0.000000,0.000000,0.000000,0.0000,0.195825,0.005337,0.005337,0.000000,True
3046,2,3.148616,2.5071,398.867,0.000000,0.000000,0.000000,0.0000,0.195847,0.005342,0.005342,0.000000,True
3047,2,3.151124,2.5091,398.549,0.000000,0.000000,0.000000,0.0000,0.195875,0.005343,0.005343,0.000000,True
3048,2,3.153634,2.7223,367.337,0.000000,0.000000,0.000000,0.0000,0.195910,0.003882,0.003882,0.000000,True
3049,2,3.156356,2.4804,403.161,0.000000,0.000000,0.000000,0.0000,0.195962,0.004887,0.004887,0.000000,True
3050,2,3.158837,2.4607,406.388,0.000000,0.000000,0.000000,0.0000,0.196006,0.003852,0.003852,0.000000,True
3051,2,3.161298,2.4729,404.384,0.000000,0.000000,0.000000,0.0000,0.196059,0.004823,0.004823,0.000000,True
3052,2,3.163771,2.5132,397.899,0.000000,0.000000,0.000000,0.0000,0.196115,0.003838,0.003838,0.000000,True
3053,2,3.166285,2.5345,394.555,0.000000,0.000000,0.000000,0.0000,0.196158,0.004784,0.004784,0.000000,True
3054,2,3.168820,2.5058,399.074,0.000000,0.000000,0.000000,0.0000,0.196212,0.003822,0.003822,0.000000,True
3055,2,3.171326,2.4716,404.596,0.000000,0.000000,0.000000,0.0000,0.196253,0.004753,0.004753,0.000000,True
3056,2,3.173798,2.4913,401.397,0.000000,0.000000,0.000000,0.0000,0.196290,0.003797,0.003797,0.000000,True
3057,2,3.176290,2.5555,391.313,0.000000,0.000000,0.000000,0.0000,0.196323,0.004745,0.004745,0.000000,True
3058,2,3.178846,2.6644,375.319,0.000000,0.000000,0.000000,0.0000,0.196357,0.003818,0.003818,0.000000,True
3059,2,3.181511,2.5048,399.234,0.000000,0.000000,0.000000,0.0000,0.196404,0.004773,0.004773,0.000000,True
3060,2,3.184016,2.4960,400.641,0.000000,0.000000,0.000000,0.0000,0.196449,0.003849,0.003849,0.000000,True
3061,2,3.186512,2.5185,397.062,0.000000,0.000000,0.000000,0.0000,0.196490,0.004785,0.004785,0.000000,True
3062,2,3.189032,2.6177,382.015,0.000000,0.000000,0.000000,0.0000,0.196551,0.003872,0.003872,0.000000,True
3063,2,3.191650,2.5096,398.470,0.000000,0.000000,0.000000,0.0000,0.196622,0.004788,0.004788,0.000000,True
3064,2,3.194160,2.4730,404.367,0.000000,0.000000,0.000000,0.0000,0.196693,0.003886,0.003886,0.000000,True
3065,2,3.196633,2.5187,397.030,0.000000,0.000000,0.000000,0.0000,0.196755,0.004774,0.004774,0.000000,True
3066,2,3.199153,2.5764,388.139,0.000000,0.000000,0.000000,0.0000,0.196830,0.003885,0.003885,0.000000,True
3067,2,3.201730,2.5006,399.904,0.000000,0.000000,0.000000,0.0000,0.196914,0.004751,0.004751,0.000000,True
3068,2,3.204231,2.5800,387.597,0.000000,0.000000,0.000000,0.0000,0.196976,0.003870,0.003870,0.000000,True
3069,2,3.206811,2.5384,393.949,0.000000,0.000000,0.000000,0.0000,0.197029,0.004716,0.004716,0.000000,True
3070,2,3.209350,2.5030,399.521,0.000000,0.000000,0.000000,0.0000,0.197075,0.003849,0.003849,0.000000,True
3071,2,3.211853,2.5276,395.632,0.000000,0.000000,0.000000,0.0000,0.197126,0.004718,0.004718,0.000000,True
3072,2,3.214381,2.6043,383.980,0.000000,0.000000,0.000000,0.0000,0.197181,0.003879,0.003879,0.000000,True
3073,2,3.216986,2.5129,397.947,0.000000,0.000000,0.000000,0.0000,0.197259,0.004744,0.004744,0.000000,True
3074,2,3.219500,2.5101,398.391,0.000000,0.000000,0.000000,0.0000,0.197397,0.003908,0.003908,0.000000,True
3075,2,3.222010,2.5240,396.197,0.000000,0.000000,0.000000,0.0000,0.197549,0.004757,0.004757,0.000000,True
3076,2,3.224535,2.8169,355.000,0.000000,0.000000,0.000000,0.0000,0.197712,0.003929,0.003929,0.000000,True
3077,2,3.227352,2.5092,398.533,0.000000,0.000000,0.000000,0.0000,0.197893,0.004765,0.004765,0.000000,True
3078,2,3.229861,2.4695,404.940,0.000000,0.000000,0.000000,0.0000,0.198059,0.003939,0.003939,0.000000,True
3079,2,3.232331,2.5124,398.026,0.000000,0.000000,0.000000,0.0000,0.198229,0.004743,0.004743,0.000000,True
3080,2,3.234844,2.5357,394.368,0.000000,0.000000,0.000000,0.0000,0.198366,0.003932,0.003932,0.000000,True
3081,2,3.237380,2.5366,394.229,0.000000,0.000000,0.000000,0.0000,0.198480,0.004714,0.004714,0.000000,True
3082,2,3.239918,2.6555,376.577,0.000000,0.000000,0.000000,0.0000,0.198564,0.003907,0.003907,0.000000,True
3083,2,3.242573,2.5137,397.820,0.000000,0.000000,0.000000,0.0000,0.198622,0.004676,0.004676,0.000000,True
3084,2,3.245087,2.5271,395.711,0.000000,0.000000,0.000000,0.0000,0.198700,0.003904,0.003904,0.000000,True
3085,2,3.247615,2.5134,397.867,0.000000,0.000000,0.000000,0.0000,0.198803,0.004699,0.004699,0.000000,True
3086,2,3.250129,2.5016,399.744,0.000000,0.000000,0.000000,0.0000,0.198928,0.003937,0.003937,0.000000,True
3087,2,3.252631,2.5253,395.993,0.000000,0.000000,0.000000,0.0000,0.199072,0.003553,0.003553,0.000000,True
3088,2,3.255157,2.6199,381.694,0.000000,0.000000,0.000000,0.0000,0.199232,0.004680,0.004680,0.000000,True
3089,2,3.257777,2.5151,397.599,0.000000,0.000000,0.000000,0.0000,0.199422,0.003972,0.003972,0.000000,True
3090,2,3.260293,2.4719,404.547,0.000000,0.000000,0.000000,0.0000,0.199595,0.003587,0.003587,0.000000,True
3091,2,3.262765,2.5095,398.486,0.000000,0.000000,0.000000,0.0000,0.199766,0.004681,0.004681,0.000000,True
3092,2,3.265275,2.5225,396.432,0.000000,0.000000,0.000000,0.0000,0.199932,0.003979,0.003979,0.000000,True
3093,2,3.267797,2.5273,395.679,0.000000,0.000000,0.000000,0.0000,0.200091,0.003583,0.003583,0.000000,True
3094,2,3.270325,2.4771,403.698,0.000000,0.000000,0.000000,0.0000,0.200227,0.004645,0.004645,0.000000,True
3095,2,3.272803,2.5987,384.808,0.000000,0.000000,0.000000,0.0000,0.200342,0.003951,0.003951,0.000000,True
3096,2,3.275402,2.5043,399.313,0.000000,0.000000,0.000000,0.0000,0.200416,0.003534,0.003534,0.000000,True
3097,2,3.277906,2.5181,397.125,0.000000,0.000000,0.000000,0.0000,0.200510,0.004594,0.004594,0.000000,True
3098,2,3.280425,2.5233,396.306,0.000000,0.000000,0.000000,0.0000,0.200618,0.003949,0.003949,0.000000,True
3099,2,3.282949,2.5280,395.570,0.000000,0.000000,0.000000,0.0000,0.200752,0.003581,0.003581,0.000000,True
3100,2,3.285478,2.4862,402.220,0.000000,0.000000,0.000000,0.0000,0.200904,0.003517,0.003517,0.000000,True
3101,2,3.287964,2.5536,391.604,0.000000,0.000000,0.000000,0.0000,0.201070,0.004645,0.004645,0.000000,True
3102,2,3.290519,2.5897,386.145,0.000000,0.000000,0.000000,0.0000,0.201250,0.004010,0.004010,0.000000,True
3103,2,3.293109,2.4773,403.665,0.000000,0.000000,0.000000,0.0000,0.201440,0.003646,0.003646,0.000000,True
3104,2,3.295586,2.5719,388.818,0.000000,0.000000,0.000000,0.0000,0.201625,0.003569,0.003569,0.000000,True
3105,2,3.298159,2.4910,401.445,0.000000,0.000000,0.000000,0.0000,0.201815,0.003553,0.003553,0.000000,True
3106,2,3.300650,2.5279,395.585,0.000000,0.000000,0.000000,0.0000,0.201987,0.004659,0.004659,0.000000,True
3107,2,3.303178,2.5421,393.376,0.000000,0.000000,0.000000,0.0000,0.202142,0.004025,0.004025,0.000000,True
3108,2,3.305721,2.5352,394.446,0.000000,0.000000,0.000000,0.0000,0.202268,0.003630,0.003630,0.000000,True
3109,2,3.308256,2.5242,396.165,0.000000,0.000000,0.000000,0.0000,0.202358,0.003522,0.003522,0.000000,True
3110,2,3.310781,2.4958,400.673,0.000000,0.000000,0.000000,0.0000,0.202434,0.003490,0.003490,0.000000,True
3111,2,3.313277,2.5383,393.965,0.000000,0.000000,0.000000,0.0000,0.202534,0.003501,0.003501,0.000000,True
3112,2,3.315816,2.7661,361.520,0.000000,0.000000,0.000000,0.0000,0.202656,0.003521,0.003521,0.000000,True
3113,2,3.318583,2.5602,390.595,0.000000,0.000000,0.000000,0.0000,0.202822,0.003549,0.003549,0.000000,True
3114,2,3.321144,2.5465,392.696,0.000000,0.000000,0.000000,0.0000,0.202998,0.003567,0.003567,0.000000,True
3115,2,3.323691,2.5855,386.772,0.000000,0.000000,0.000000,0.0000,0.203185,0.003583,0.003583,0.000000,True
3116,2,3.326277,2.5157,397.504,0.000000,0.000000,0.000000,0.0000,0.203383,0.003598,0.003598,0.000000,True
3117,2,3.328793,2.5772,388.018,0.000000,0.000000,0.000000,0.0000,0.203591,0.003606,0.003606,0.000000,True
3118,2,3.331371,2.5053,399.154,0.000000,0.000000,0.000000,0.0000,0.203785,0.003613,0.003613,0.000000,True
3119,2,3.333876,2.5613,390.427,0.000000,0.000000,0.000000,0.0000,0.203965,0.003611,0.003611,0.000000,True
3120,2,3.336438,2.5492,392.280,0.000000,0.000000,0.000000,0.0000,0.204130,0.003606,0.003606,0.000000,True
3121,2,3.338987,2.5425,393.314,0.000000,0.000000,0.000000,0.0000,0.204268,0.003594,0.003594,0.000000,True
3122,2,3.341530,2.5578,390.961,0.000000,0.000000,0.000000,0.0000,0.204371,0.003574,0.003574,0.000000,True
3123,2,3.344088,2.4942,400.930,0.000000,0.000000,0.000000,0.0000,0.204444,0.003559,0.003559,0.000000,True
3124,2,3.346583,2.5899,386.115,0.000000,0.000000,0.000000,0.0000,0.204544,0.003571,0.003571,0.000000,True
3125,2,3.349174,2.7009,370.247,0.000000,0.000000,0.000000,0.0000,0.204653,0.003594,0.003594,0.000000,True
3126,2,3.351875,2.5453,392.881,0.000000,0.000000,0.000000,0.0000,0.204802,0.003620,0.003620,0.000000,True
3127,2,3.354421,2.5481,392.449,0.000000,0.000000,0.000000,0.0000,0.204958,0.003641,0.003641,0.000000,True
3128,2,3.356969,2.5671,389.545,0.000000,0.000000,0.000000,0.0000,0.205120,0.003661,0.003661,0.000000,True
3129,2,3.359537,2.5132,397.899,0.000000,0.000000,0.000000,0.0000,0.205286,0.004761,0.004761,0.000000,True
3130,2,3.362050,2.5263,395.836,0.000000,0.000000,0.000000,0.0000,0.205451,0.004176,0.004176,0.000000,True
3131,2,3.364577,2.5073,398.835,0.000000,0.000000,0.000000,0.0000,0.205614,0.003817,0.003817,0.000000,True
3132,2,3.367085,2.5492,392.280,0.000000,0.000000,0.000000,0.0000,0.205770,0.004832,0.004832,0.000000,True
3133,2,3.369635,2.8417,351.902,0.000000,0.000000,0.000000,0.0000,0.205916,0.004201,0.004201,0.000000,True
3134,2,3.372477,2.5286,395.476,0.000000,0.000000,0.000000,0.0000,0.206055,0.003816,0.003816,0.000000,True
3135,2,3.375005,2.5548,391.420,0.000000,0.000000,0.000000,0.0000,0.206152,0.004798,0.004798,0.000000,True
3136,2,3.377561,2.5741,388.485,0.000000,0.000000,0.000000,0.0000,0.206228,0.004169,0.004169,0.000000,True
3137,2,3.380135,2.5387,393.902,0.000000,0.000000,0.000000,0.0000,0.206335,0.003792,0.003792,0.000000,True
3138,2,3.382674,2.5551,391.374,0.000000,0.000000,0.000000,0.0000,0.206473,0.004793,0.004793,0.000000,True
3139,2,3.385230,2.5656,389.772,0.000000,0.000000,0.000000,0.0000,0.206637,0.004207,0.004207,0.000000,True
3140,2,3.387796,2.5271,395.711,0.000000,0.000000,0.000000,0.0000,0.206814,0.003857,0.003857,0.000000,True
3141,2,3.390323,2.5880,386.399,0.000000,0.000000,0.000000,0.0000,0.206989,0.004895,0.004895,0.000000,True
3142,2,3.392912,2.5542,391.512,0.000000,0.000000,0.000000,0.0000,0.207184,0.004276,0.004276,0.000000,True
3143,2,3.395466,2.5958,385.238,0.000000,0.000000,0.000000,0.0000,0.207379,0.005014,0.005014,0.000000,True
3144,2,3.398063,2.7883,358.642,0.000000,0.000000,0.000000,0.0000,0.207575,0.004318,0.004318,0.000000,True
3145,2,3.400852,2.5734,388.591,0.000000,0.000000,0.000000,0.0000,0.207772,0.005058,0.005058,0.000000,True
3146,2,3.403426,2.5769,388.063,0.000000,0.000000,0.000000,0.0000,0.207943,0.004338,0.004338,0.000000,True
3147,2,3.406003,2.5877,386.444,0.000000,0.000000,0.000000,0.0000,0.208089,0.005048,0.005048,0.000000,True
3148,2,3.408591,2.5576,390.992,0.000000,0.000000,0.000000,0.0000,0.208198,0.004325,0.004325,0.000000,True
3149,2,3.411149,2.5497,392.203,0.000000,0.000000,0.000000,0.0000,0.208275,0.004998,0.004998,0.000000,True
3150,2,3.413699,2.5385,393.933,0.000000,0.000000,0.000000,0.0000,0.208386,0.004311,0.004311,0.000000,True
3151,2,3.416238,2.5472,392.588,0.000000,0.000000,0.000000,0.0000,0.208535,0.005017,0.005017,0.000000,True
3152,2,3.418786,2.5137,397.820,0.000000,0.000000,0.000000,0.0000,0.208709,0.004342,0.004342,0.000000,True
3153,2,3.421300,2.5443,393.035,0.000000,0.000000,0.000000,0.0000,0.208897,0.005076,0.005076,0.000000,True
3154,2,3.423845,2.8810,347.102,0.000000,0.000000,0.000000,0.0000,0.209110,0.004387,0.004387,0.000000,True
3155,2,3.426727,2.5290,395.413,0.000000,0.000000,0.000000,0.0000,0.209340,0.005151,0.005151,0.000000,True
3156,2,3.429256,2.4779,403.568,0.000000,0.000000,0.000000,0.0000,0.209552,0.004434,0.004434,0.000000,True
3157,2,3.431734,2.5179,397.156,0.000000,0.000000,0.000000,0.0000,0.209759,0.005189,0.005189,0.000000,True
3158,2,3.434253,2.5314,395.038,0.000000,0.000000,0.000000,0.0000,0.209979,0.004460,0.004460,0.000000,True
3159,2,3.436785,2.5551,391.374,0.000000,0.000000,0.000000,0.0000,0.210169,0.005203,0.005203,0.000000,True
3160,2,3.439340,2.4996,400.064,0.000000,0.000000,0.000000,0.0000,0.210347,0.004466,0.004466,0.000000,True
3161,2,3.441840,2.5612,390.442,0.000000,0.000000,0.000000,0.0000,0.210463,0.005178,0.005178,0.000000,True
3162,2,3.444403,2.5036,399.425,0.000000,0.000000,0.000000,0.0000,0.210544,0.004444,0.004444,0.000000,True
3163,2,3.446907,2.5646,389.924,0.000000,0.000000,0.000000,0.0000,0.210665,0.005147,0.005147,0.000000,True
3164,2,3.449472,2.5526,391.757,0.000000,0.000000,0.000000,0.0000,0.210812,0.004453,0.004453,0.000000,True
3165,2,3.452025,2.5864,386.638,0.000000,0.000000,0.000000,0.0000,0.210994,0.005190,0.005190,0.000000,True
3166,2,3.454612,2.5383,393.965,0.000000,0.000000,0.000000,0.0000,0.211188,0.004495,0.004495,0.000000,True
3167,2,3.457151,2.5473,392.573,0.000000,0.000000,0.000000,0.0000,0.211393,0.005257,0.005257,0.000000,True
3168,2,3.459698,2.5836,387.057,0.000000,0.000000,0.000000,0.0000,0.211613,0.004543,0.004543,0.000000,True
3169,2,3.462283,2.7347,365.671,0.000000,0.000000,0.000000,0.0000,0.211835,0.005319,0.005319,0.000000,True
3170,2,3.465018,2.5563,391.190,0.000000,0.000000,0.000000,0.0000,0.212075,0.004586,0.004586,0.000000,True
3171,2,3.467575,2.5216,396.574,0.000000,0.000000,0.000000,0.0000,0.212292,0.005358,0.005358,0.000000,True
3172,2,3.470097,2.5412,393.515,0.000000,0.000000,0.000000,0.0000,0.212494,0.004607,0.004607,0.000000,True
3173,2,3.472639,2.6420,378.501,0.000000,0.000000,0.000000,0.0000,0.212678,0.005355,0.005355,0.000000,True
3174,2,3.475281,2.5059,399.058,0.000000,0.000000,0.000000,0.0000,0.212828,0.004603,0.004603,0.000000,True
3175,2,3.477788,2.4673,405.301,0.000000,0.000000,0.000000,0.0000,0.212931,0.005309,0.005309,0.000000,True
3176,2,3.480255,2.5123,398.042,0.000000,0.000000,0.000000,0.0000,0.213044,0.004583,0.004583,0.000000,True
3177,2,3.482769,2.6398,378.817,0.000000,0.000000,0.000000,0.0000,0.213190,0.005310,0.005310,0.000000,True
3178,2,3.485409,2.5169,397.314,0.000000,0.000000,0.000000,0.0000,0.213367,0.004609,0.004609,0.000000,True
3179,2,3.487926,2.5299,395.273,0.000000,0.000000,0.000000,0.0000,0.213570,0.005369,0.005369,0.000000,True
3180,2,3.490457,2.5090,398.565,0.000000,0.000000,0.000000,0.0000,0.213773,0.004655,0.004655,0.000000,True
3181,2,3.492966,2.4676,405.252,0.000000,0.000000,0.000000,0.0000,0.213984,0.005430,0.005430,0.000000,True
3182,2,3.495434,2.5131,397.915,0.000000,0.000000,0.000000,0.0000,0.214199,0.004699,0.004699,0.000000,True
3183,2,3.497947,2.5506,392.065,0.000000,0.000000,0.000000,0.0000,0.214430,0.005473,0.005473,0.000000,True
3184,2,3.500498,2.5026,399.584,0.000000,0.000000,0.000000,0.0000,0.214650,0.004732,0.004732,0.000000,True
3185,2,3.503001,2.4737,404.253,0.000000,0.000000,0.000000,0.0000,0.214855,0.005489,0.005489,0.000000,True
3186,2,3.505476,2.5994,384.704,0.000000,0.000000,0.000000,0.0000,0.215045,0.004744,0.004744,0.000000,True
3187,2,3.508076,2.5372,394.135,0.000000,0.000000,0.000000,0.0000,0.215213,0.005471,0.005471,0.000000,True
3188,2,3.510613,2.5497,392.203,0.000000,0.000000,0.000000,0.0000,0.215327,0.004730,0.004730,0.000000,True
3189,2,3.513164,2.8182,354.836,0.000000,0.000000,0.000000,0.0000,0.215434,0.005423,0.005423,0.000000,True
3190,2,3.515982,2.5201,396.810,0.000000,0.000000,0.000000,0.0000,0.215586,0.004723,0.004723,0.000000,True
3191,2,3.518503,2.5227,396.401,0.000000,0.000000,0.000000,0.0000,0.215765,0.005450,0.005450,0.000000,True
3192,2,3.521026,2.4689,405.039,0.000000,0.000000,0.000000,0.0000,0.215957,0.004757,0.004757,0.000000,True
3193,2,3.523495,2.5363,394.275,0.000000,0.000000,0.000000,0.0000,0.216158,0.005506,0.005506,0.000000,True
3194,2,3.526032,2.4785,403.470,0.000000,0.000000,0.000000,0.0000,0.216370,0.004804,0.004804,0.000000,True
3195,2,3.528511,2.5325,394.867,0.000000,0.000000,0.000000,0.0000,0.216597,0.005560,0.005560,0.000000,True
3196,2,3.531044,2.5209,396.684,0.000000,0.000000,0.000000,0.0000,0.216820,0.004847,0.004847,0.000000,True
3197,2,3.533565,2.5392,393.825,0.000000,0.000000,0.000000,0.0000,0.217032,0.005596,0.005596,0.000000,True
3198,2,3.536105,2.5314,395.038,0.000000,0.000000,0.000000,0.0000,0.217240,0.004876,0.004876,0.000000,True
3199,2,3.538636,2.5446,392.989,0.000000,0.000000,0.000000,0.0000,0.217423,0.005599,0.005599,0.000000,True
3200,2,3.541182,2.5646,389.924,0.000000,0.000000,0.000000,0.0000,0.217594,0.004881,0.004881,0.000000,True
3201,2,3.543747,2.5509,392.019,0.000000,0.000000,0.000000,0.0000,0.217731,0.005563,0.005563,0.000000,True
3202,2,3.546298,2.5182,397.109,0.000000,0.000000,0.000000,0.0000,0.217850,0.004859,0.004859,0.000000,True
3203,2,3.548816,2.4570,407.000,0.000000,0.000000,0.000000,0.0000,0.217979,0.005531,0.005531,0.000000,True
3204,2,3.551274,2.4635,405.927,0.000000,0.000000,0.000000,0.0000,0.218126,0.004864,0.004864,0.000000,True
3205,2,3.553737,2.5120,398.089,0.000000,0.000000,0.000000,0.0000,0.218301,0.005573,0.005573,0.000000,True
3206,2,3.556250,2.5241,396.181,0.000000,0.000000,0.000000,0.0000,0.218490,0.004904,0.004904,0.000000,True
3207,2,3.558774,2.5574,391.022,0.000000,0.000000,0.000000,0.0000,0.218688,0.005640,0.005640,0.000000,True
3208,2,3.561332,2.5587,390.824,0.000000,0.000000,0.000000,0.0000,0.218895,0.004956,0.004956,0.000000,True
3209,2,3.563891,2.5476,392.526,0.000000,0.000000,0.000000,0.0000,0.219107,0.005702,0.005702,0.000000,True
3210,2,3.566439,2.5076,398.788,0.000000,0.000000,0.000000,0.0000,0.219327,0.005001,0.005001,0.000000,True
3211,2,3.568947,2.5428,393.267,0.000000,0.000000,0.000000,0.0000,0.219532,0.005734,0.005734,0.000000,True
3212,2,3.571490,2.5451,392.912,0.000000,0.000000,0.000000,0.0000,0.219731,0.005028,0.005028,0.000000,True
3213,2,3.574036,2.6753,373.790,0.000000,0.000000,0.000000,0.0000,0.219908,0.005729,0.005729,0.000000,True
3214,2,3.576712,2.5296,395.319,0.000000,0.000000,0.000000,0.0000,0.220069,0.005028,0.005028,0.000000,True
3215,2,3.579242,2.4811,403.047,0.000000,0.000000,0.000000,0.0000,0.220178,0.005678,0.005678,0.000000,True
3216,2,3.581724,2.5175,397.220,0.000000,0.000000,0.000000,0.0000,0.220295,0.005005,0.005005,0.000000,True
3217,2,3.584242,2.5254,395.977,0.000000,0.000000,0.000000,0.0000,0.220457,0.005670,0.005670,0.000000,True
3218,2,3.586768,2.5178,397.172,0.000000,0.000000,0.000000,0.0000,0.220621,0.005020,0.005020,0.000000,True
3219,2,3.589286,2.5197,396.873,0.000000,0.000000,0.000000,0.0000,0.220797,0.005724,0.005724,0.000000,True
3220,2,3.591806,2.5732,388.621,0.000000,0.000000,0.000000,0.0000,0.220981,0.005065,0.005065,0.000000,True
3221,2,3.594379,2.5190,396.983,0.000000,0.000000,0.000000,0.0000,0.221170,0.005791,0.005791,0.000000,True
3222,2,3.596899,2.5363,394.275,0.000000,0.000000,0.000000,0.0000,0.221356,0.005115,0.005115,0.000000,True
3223,2,3.599437,2.4940,400.962,0.000000,0.000000,0.000000,0.0000,0.221550,0.005840,0.005840,0.000000,True
3224,2,3.601931,2.5588,390.808,0.000000,0.000000,0.000000,0.0000,0.221743,0.005153,0.005153,0.000000,True
3225,2,3.604491,3.1811,314.357,0.000000,0.000000,0.000000,0.0000,0.221936,0.005859,0.005859,0.000000,True
3226,2,3.607672,2.6410,378.644,0.000000,0.000000,0.000000,0.0000,0.222134,0.005174,0.005174,0.000000,True
3227,2,3.610314,2.4948,400.834,0.000000,0.000000,0.000000,0.0000,0.222282,0.005840,0.005840,0.000000,True
3228,2,3.612809,2.5031,399.505,0.000000,0.000000,0.000000,0.0000,0.222386,0.005161,0.005161,0.000000,True
3229,2,3.615313,2.4867,402.139,0.000000,0.000000,0.000000,0.0000,0.222489,0.005782,0.005782,0.000000,True
3230,2,3.617800,2.5395,393.778,0.000000,0.000000,0.000000,0.0000,0.222634,0.005143,0.005143,0.000000,True
3231,2,3.620340,2.6935,371.264,0.000000,0.000000,0.000000,0.0000,0.222800,0.005802,0.005802,0.000000,True
3232,2,3.623034,2.5277,395.617,0.000000,0.000000,0.000000,0.0000,0.222984,0.005172,0.005172,0.000000,True
3233,2,3.625562,2.4633,405.960,0.000000,0.000000,0.000000,0.0000,0.223164,0.005865,0.005865,0.000000,True
3234,2,3.628026,2.5208,396.699,0.000000,0.000000,0.000000,0.0000,0.223341,0.005219,0.005219,0.000000,True
3235,2,3.630547,2.4893,401.719,0.000000,0.000000,0.000000,0.0000,0.223523,0.005923,0.005923,0.000000,True
3236,2,3.633036,2.5271,395.711,0.000000,0.000000,0.000000,0.0000,0.223704,0.005262,0.005262,0.000000,True
3237,2,3.635564,2.5135,397.852,0.000000,0.000000,0.000000,0.0000,0.223886,0.005960,0.005960,0.000000,True
3238,2,3.638078,2.5335,394.711,0.000000,0.000000,0.000000,0.0000,0.224044,0.005293,0.005293,0.000000,True
3239,2,3.640612,2.6928,371.361,0.000000,0.000000,0.000000,0.0000,0.224215,0.005963,0.005963,0.000000,True
3240,2,3.643306,2.5073,398.835,0.000000,0.000000,0.000000,0.0000,0.224368,0.005301,0.005301,0.000000,True
3241,2,3.645813,2.4953,400.753,0.000000,0.000000,0.000000,0.0000,0.224481,0.005923,0.005923,0.000000,True
3242,2,3.648309,2.4904,401.542,0.000000,0.000000,0.000000,0.0000,0.224574,0.005282,0.005282,0.000000,True
3243,2,3.650800,2.5432,393.205,0.000000,0.000000,0.000000,0.0000,0.224711,0.005893,0.005893,0.000000,True
3244,2,3.653343,2.4843,402.528,0.000000,0.000000,0.000000,0.0000,0.224849,0.005279,0.005279,0.000000,True
3245,2,3.655828,2.5126,397.994,0.000000,0.000000,0.000000,0.0000,0.224994,0.005930,0.005930,0.000000,True
3246,2,3.658341,2.4798,403.258,0.000000,0.000000,0.000000,0.0000,0.225145,0.005314,0.005314,0.000000,True
3247,2,3.660821,2.5192,396.951,0.000000,0.000000,0.000000,0.0000,0.225296,0.005991,0.005991,0.000000,True
3248,2,3.663341,2.5015,399.760,0.000000,0.000000,0.000000,0.0000,0.225450,0.005360,0.005360,0.000000,True
3249,2,3.665843,2.5213,396.621,0.000000,0.000000,0.000000,0.0000,0.225608,0.006048,0.006048,0.000000,True
3250,2,3.668365,2.4677,405.236,0.000000,0.000000,0.000000,0.0000,0.225771,0.005403,0.005403,0.000000,True
3251,2,3.670833,4.7633,209.939,0.000000,0.000000,0.000000,0.0000,0.225930,0.006080,0.006080,0.000000,True
3252,2,3.675597,2.5035,399.441,0.000000,0.000000,0.000000,0.0000,0.226155,0.005435,0.005435,0.000000,True
3253,2,3.678101,2.5126,397.994,0.000000,0.000000,0.000000,0.0000,0.226276,0.006095,0.006095,0.000000,True
3254,2,3.680614,2.4871,402.075,0.000000,0.000000,0.000000,0.0000,0.226355,0.005442,0.005442,0.000000,True
3255,2,3.683101,2.5212,396.637,0.000000,0.000000,0.000000,0.0000,0.226462,0.006045,0.006045,0.000000,True
3256,2,3.685623,2.4919,401.300,0.000000,0.000000,0.000000,0.0000,0.226598,0.005424,0.005424,0.000000,True
3257,2,3.688115,2.5466,392.680,0.000000,0.000000,0.000000,0.0000,0.226750,0.006063,0.006063,0.000000,True
3258,2,3.690662,2.7686,361.193,0.000000,0.000000,0.000000,0.0000,0.226910,0.005448,0.005448,0.000000,True
3259,2,3.693431,2.5565,391.160,0.000000,0.000000,0.000000,0.0000,0.227081,0.006127,0.006127,0.000000,True
3260,2,3.695988,2.4920,401.284,0.000000,0.000000,0.000000,0.0000,0.227242,0.005498,0.005498,0.000000,True
3261,2,3.698481,2.5726,388.712,0.000000,0.000000,0.000000,0.0000,0.227398,0.006188,0.006188,0.000000,True
3262,2,3.701054,2.6738,374.000,0.000000,0.000000,0.000000,0.0000,0.227564,0.005545,0.005545,0.000000,True
3263,2,3.703728,2.5845,386.922,0.000000,0.000000,0.000000,0.0000,0.227728,0.006234,0.006234,0.000000,True
3264,2,3.706313,2.6092,383.259,0.000000,0.000000,0.000000,0.0000,0.227884,0.005583,0.005583,0.000000,True
3265,2,3.708923,2.5924,385.743,0.000000,0.000000,0.000000,0.0000,0.228016,0.006245,0.006245,0.000000,True
3266,2,3.711516,2.7857,358.976,0.000000,0.000000,0.000000,0.0000,0.228131,0.005597,0.005597,0.000000,True
3267,2,3.714302,2.5299,395.273,0.000000,0.000000,0.000000,0.0000,0.228220,0.006211,0.006211,0.000000,True
3268,2,3.716833,2.5072,398.851,0.000000,0.000000,0.000000,0.0000,0.228316,0.005580,0.005580,0.000000,True
3269,2,3.719340,2.5416,393.453,0.000000,0.000000,0.000000,0.0000,0.228429,0.006197,0.006197,0.000000,True
3270,2,3.721883,2.7143,368.419,0.000000,0.000000,0.000000,0.0000,0.228553,0.005582,0.005582,0.000000,True
3271,2,3.724597,2.5188,397.014,0.000000,0.000000,0.000000,0.0000,0.228684,0.006240,0.006240,0.000000,True
3272,2,3.727117,2.4762,403.845,0.000000,0.000000,0.000000,0.0000,0.228806,0.005620,0.005620,0.000000,True
3273,2,3.729593,2.5172,397.267,0.000000,0.000000,0.000000,0.0000,0.228939,0.006298,0.006298,0.000000,True
3274,2,3.732111,2.5501,392.142,0.000000,0.000000,0.000000,0.0000,0.229053,0.005666,0.005666,0.000000,True
3275,2,3.734661,2.4961,400.625,0.000000,0.000000,0.000000,0.0000,0.229157,0.006351,0.006351,0.000000,True
3276,2,3.737158,2.4874,402.026,0.000000,0.000000,0.000000,0.0000,0.229274,0.005711,0.005711,0.000000,True
3277,2,3.739645,2.5801,387.582,0.000000,0.000000,0.000000,0.0000,0.229383,0.006381,0.006381,0.000000,True
3278,2,3.742226,2.5178,397.172,0.000000,0.000000,0.000000,0.0000,0.229496,0.005740,0.005740,0.000000,True
3279,2,3.744744,2.5125,398.010,0.000000,0.000000,0.000000,0.0000,0.229592,0.006379,0.006379,0.000000,True
3280,2,3.747257,2.5085,398.645,0.000000,0.000000,0.000000,0.0000,0.229661,0.005748,0.005748,0.000000,True
3281,2,3.749766,2.5143,397.725,0.000000,0.000000,0.000000,0.0000,0.229734,0.006346,0.006346,0.000000,True
3282,2,3.752281,2.5080,398.724,0.000000,0.000000,0.000000,0.0000,0.229809,0.005730,0.005730,0.000000,True
3283,2,3.754789,2.5544,391.481,0.000000,0.000000,0.000000,0.0000,0.229893,0.006350,0.006350,0.000000,True
3284,2,3.757344,2.8785,347.403,0.000000,0.000000,0.000000,0.0000,0.229975,0.005740,0.005740,0.000000,True
3285,2,3.760223,2.5254,395.977,0.000000,0.000000,0.000000,0.0000,0.230074,0.006398,0.006398,0.000000,True
3286,2,3.762749,2.7407,364.870,0.000000,0.000000,0.000000,0.0000,0.230159,0.005780,0.005780,0.000000,True
3287,2,3.765491,2.5174,397.235,0.000000,0.000000,0.000000,0.0000,0.230246,0.006455,0.006455,0.000000,True
3288,2,3.768008,2.5159,397.472,0.000000,0.000000,0.000000,0.0000,0.230323,0.006703,0.006703,0.000000,True
3289,2,3.770525,2.5173,397.251,0.000000,0.000000,0.000000,0.0000,0.230400,0.006751,0.006751,0.000000,True
3290,2,3.773042,2.5071,398.867,0.000000,0.000000,0.000000,0.0000,0.230478,0.006782,0.006782,0.000000,True
3291,2,3.775550,2.5536,391.604,0.000000,0.000000,0.000000,0.0000,0.230552,0.006802,0.006802,0.000000,True
3292,2,3.778104,2.5562,391.206,0.000000,0.000000,0.000000,0.0000,0.230617,0.005931,0.005931,0.000000,True
3293,2,3.780661,2.5578,390.961,0.000000,0.000000,0.000000,0.0000,0.230668,0.006554,0.006554,0.000000,True
3294,2,3.783219,2.5633,390.122,0.000000,0.000000,0.000000,0.0000,0.230706,0.005906,0.005906,0.000000,True
3295,2,3.785783,2.5869,386.563,0.000000,0.000000,0.000000,0.0000,0.230757,0.006518,0.006518,0.000000,True
3296,2,3.788371,2.5888,386.279,0.000000,0.000000,0.000000,0.0000,0.230825,0.005886,0.005886,0.000000,True
3297,2,3.790960,2.5336,394.695,0.000000,0.000000,0.000000,0.0000,0.230883,0.006530,0.006530,0.000000,True
3298,2,3.793494,2.5459,392.788,0.000000,0.000000,0.000000,0.0000,0.230934,0.006769,0.006769,0.000000,True
3299,2,3.796040,2.5226,396.416,0.000000,0.000000,0.000000,0.0000,0.230981,0.006820,0.006820,0.000000,True
3300,2,3.798563,2.5681,389.393,0.000000,0.000000,0.000000,0.0000,0.231024,0.006860,0.006860,0.000000,True
3301,2,3.801132,2.6603,375.898,0.000000,0.000000,0.000000,0.0000,0.231075,0.006894,0.006894,0.000000,True
3302,2,3.803793,2.5543,391.497,0.000000,0.000000,0.000000,0.0000,0.231122,0.006924,0.006924,0.000000,True
3303,2,3.806348,2.5691,389.241,0.000000,0.000000,0.000000,0.0000,0.231168,0.006946,0.006946,0.000000,True
3304,2,3.808917,2.5447,392.974,0.000000,0.000000,0.000000,0.0000,0.231214,0.006960,0.006960,0.000000,True
3305,2,3.811462,2.5436,393.144,0.000000,0.000000,0.000000,0.0000,0.231255,0.006966,0.006966,0.000000,True
3306,2,3.814006,2.5758,388.229,0.000000,0.000000,0.000000,0.0000,0.231286,0.006963,0.006963,0.000000,True
3307,2,3.816583,2.6715,374.322,0.000000,0.000000,0.000000,0.0000,0.231308,0.006954,0.006954,0.000000,True
3308,2,3.819255,2.5730,388.651,0.000000,0.000000,0.000000,0.0000,0.231343,0.006949,0.006949,0.000000,True
3309,2,3.821828,2.7775,360.036,0.000000,0.000000,0.000000,0.0000,0.231382,0.006956,0.006956,0.000000,True
3310,2,3.824606,2.5343,394.586,0.000000,0.000000,0.000000,0.0000,0.231424,0.006972,0.006972,0.000000,True
3311,2,3.827141,2.5730,388.651,0.000000,0.000000,0.000000,0.0000,0.231444,0.006992,0.006992,0.000000,True
3312,2,3.829716,2.5424,393.329,0.000000,0.000000,0.000000,0.0000,0.231464,0.007014,0.007014,0.000000,True
3313,2,3.832258,2.5464,392.711,0.000000,0.000000,0.000000,0.0000,0.231490,0.007038,0.007038,0.000000,True
3314,2,3.834805,2.5066,398.947,0.000000,0.000000,0.000000,0.0000,0.231514,0.007059,0.007059,0.000000,True
3315,2,3.837312,2.5630,390.168,0.000000,0.000000,0.000000,0.0000,0.231529,0.007079,0.007079,0.000000,True
3316,2,3.839876,2.8146,355.290,0.000000,0.000000,0.000000,0.0000,0.231544,0.007096,0.007096,0.000000,True
3317,2,3.842691,2.5631,390.153,0.000000,0.000000,0.000000,0.0000,0.231571,0.007109,0.007109,0.000000,True
3318,2,3.845255,2.5122,398.058,0.000000,0.000000,0.000000,0.0000,0.231590,0.007116,0.007116,0.000000,True
3319,2,3.847767,2.5374,394.104,0.000000,0.000000,0.000000,0.0000,0.231588,0.007115,0.007115,0.000000,True
3320,2,3.850305,2.5578,390.961,0.000000,0.000000,0.000000,0.0000,0.231582,0.007108,0.007108,0.000000,True
3321,2,3.852863,2.5316,395.007,0.000000,0.000000,0.000000,0.0000,0.231601,0.007104,0.007104,0.000000,True
3322,2,3.855396,2.6374,379.161,0.000000,0.000000,0.000000,0.0000,0.231615,0.007110,0.007110,0.000000,True
3323,2,3.858033,2.5558,391.267,0.000000,0.000000,0.000000,0.0000,0.231627,0.007123,0.007123,0.000000,True
3324,2,3.860589,2.5034,399.457,0.000000,0.000000,0.000000,0.0000,0.231648,0.007142,0.007142,0.000000,True
3325,2,3.863093,2.5636,390.076,0.000000,0.000000,0.000000,0.0000,0.231652,0.007163,0.007163,0.000000,True
3326,2,3.865658,2.5589,390.793,0.000000,0.000000,0.000000,0.0000,0.231650,0.007185,0.007185,0.000000,True
3327,2,3.868217,2.5257,395.930,0.000000,0.000000,0.000000,0.0000,0.231644,0.007208,0.007208,0.000000,True
3328,2,3.870743,2.5013,399.792,0.000000,0.000000,0.000000,0.0000,0.231657,0.007228,0.007228,0.000000,True
3329,2,3.873244,2.5548,391.420,0.000000,0.000000,0.000000,0.0000,0.231648,0.007247,0.007247,0.000000,True
3330,2,3.875799,2.5703,389.060,0.000000,0.000000,0.000000,0.0000,0.231644,0.007261,0.007261,0.000000,True
3331,2,3.878370,2.5354,394.415,0.000000,0.000000,0.000000,0.0000,0.231640,0.007271,0.007271,0.000000,True
3332,2,3.880906,2.5864,386.638,0.000000,0.000000,0.000000,0.0000,0.231635,0.007275,0.007275,0.000000,True
3333,2,3.883493,2.5732,388.621,0.000000,0.000000,0.000000,0.0000,0.231620,0.007273,0.007273,0.000000,True
3334,2,3.886066,2.5570,391.083,0.000000,0.000000,0.000000,0.0000,0.231617,0.007271,0.007271,0.000000,True
3335,2,3.888624,2.6449,378.086,0.000000,0.000000,0.000000,0.0000,0.231604,0.007276,0.007276,0.000000,True
3336,2,3.891269,2.5463,392.727,0.000000,0.000000,0.000000,0.0000,0.231609,0.007290,0.007290,0.000000,True
3337,2,3.893816,2.5217,396.558,0.000000,0.000000,0.000000,0.0000,0.231602,0.007308,0.007308,0.000000,True
3338,2,3.896338,2.5313,395.054,0.000000,0.000000,0.000000,0.0000,0.231590,0.007330,0.007330,0.000000,True
3339,2,3.898870,2.6812,372.967,0.000000,0.000000,0.000000,0.0000,0.231572,0.007353,0.007353,0.000000,True
3340,2,3.901551,2.5540,391.543,0.000000,0.000000,0.000000,0.0000,0.231554,0.007378,0.007378,0.000000,True
3341,2,3.904106,2.5914,385.892,0.000000,0.000000,0.000000,0.0000,0.231529,0.007401,0.007401,0.000000,True
3342,2,3.906698,2.5985,384.837,0.000000,0.000000,0.000000,0.0000,0.231519,0.007423,0.007423,0.000000,True
3343,2,3.909297,2.5632,390.137,0.000000,0.000000,0.000000,0.0000,0.231509,0.007441,0.007441,0.000000,True
3344,2,3.911860,2.5452,392.896,0.000000,0.000000,0.000000,0.0000,0.231506,0.007454,0.007454,0.000000,True
3345,2,3.914406,2.5570,391.083,0.000000,0.000000,0.000000,0.0000,0.231507,0.007461,0.007461,0.000000,True
3346,2,3.916963,2.6145,382.482,0.000000,0.000000,0.000000,0.0000,0.231484,0.007462,0.007462,0.000000,True
3347,2,3.919578,2.5426,393.298,0.000000,0.000000,0.000000,0.0000,0.231461,0.007460,0.007460,0.000000,True
3348,2,3.922121,2.6120,382.848,0.000000,0.000000,0.000000,0.0000,0.231447,0.007462,0.007462,0.000000,True
3349,2,3.924734,2.5892,386.220,0.000000,0.000000,0.000000,0.0000,0.231439,0.007472,0.007472,0.000000,True
3350,2,3.927324,2.5472,392.588,0.000000,0.000000,0.000000,0.0000,0.231415,0.007486,0.007486,0.000000,True
3351,2,3.929872,2.5111,398.232,0.000000,0.000000,0.000000,0.0000,0.231388,0.007504,0.007504,0.000000,True
3352,2,3.932383,2.5609,390.488,0.000000,0.000000,0.000000,0.0000,0.231345,0.007523,0.007523,0.000000,True
3353,2,3.934944,2.5250,396.040,0.000000,0.000000,0.000000,0.0000,0.231307,0.007545,0.007545,0.000000,True
3354,2,3.937469,2.5429,393.252,0.000000,0.000000,0.000000,0.0000,0.231268,0.007566,0.007566,0.000000,True
3355,2,3.940013,2.8019,356.901,0.000000,0.000000,0.000000,0.0000,0.231227,0.007586,0.007586,0.000000,True
3356,2,3.942815,2.5462,392.742,0.000000,0.000000,0.000000,0.0000,0.231194,0.007605,0.007605,0.000000,True
3357,2,3.945362,2.5602,390.595,0.000000,0.000000,0.000000,0.0000,0.231159,0.007622,0.007622,0.000000,True
3358,2,3.947923,2.5524,391.788,0.000000,0.000000,0.000000,0.0000,0.231121,0.007633,0.007633,0.000000,True
3359,2,3.950475,2.5350,394.477,0.000000,0.000000,0.000000,0.0000,0.231081,0.007639,0.007639,0.000000,True
3360,2,3.953011,2.5546,391.451,0.000000,0.000000,0.000000,0.0000,0.231032,0.007641,0.007641,0.000000,True
3361,2,3.955566,2.6314,380.026,0.000000,0.000000,0.000000,0.0000,0.231008,0.007644,0.007644,0.000000,True
3362,2,3.958198,2.5356,394.384,0.000000,0.000000,0.000000,0.0000,0.230970,0.007651,0.007651,0.000000,True
3363,2,3.960734,2.5091,398.549,0.000000,0.000000,0.000000,0.0000,0.230931,0.007663,0.007663,0.000000,True
3364,2,3.963243,2.6110,382.995,0.000000,0.000000,0.000000,0.0000,0.230888,0.007678,0.007678,0.000000,True
3365,2,3.965855,2.5802,387.567,0.000000,0.000000,0.000000,0.0000,0.230838,0.007696,0.007696,0.000000,True
3366,2,3.968436,2.5488,392.342,0.000000,0.000000,0.000000,0.0000,0.230786,0.007715,0.007715,0.000000,True
3367,2,3.970985,2.5081,398.708,0.000000,0.000000,0.000000,0.0000,0.230729,0.007736,0.007736,0.000000,True
3368,2,3.973493,2.5792,387.717,0.000000,0.000000,0.000000,0.0000,0.230673,0.007756,0.007756,0.000000,True
3369,2,3.976073,2.5112,398.216,0.000000,0.000000,0.000000,0.0000,0.230619,0.007775,0.007775,0.000000,True
3370,2,3.978585,2.5493,392.265,0.000000,0.000000,0.000000,0.0000,0.230565,0.007792,0.007792,0.000000,True
3371,2,3.981134,2.5125,398.010,0.000000,0.000000,0.000000,0.0000,0.230506,0.007806,0.007806,0.000000,True
3372,2,3.983647,2.5570,391.083,0.000000,0.000000,0.000000,0.0000,0.230459,0.007817,0.007817,0.000000,True
3373,2,3.986205,2.7277,366.609,0.000000,0.000000,0.000000,0.0000,0.230421,0.007823,0.007823,0.000000,True
3374,2,3.988933,2.5867,386.593,0.000000,0.000000,0.000000,0.0000,0.230388,0.007827,0.007827,0.000000,True
3375,2,3.991520,2.6669,374.967,0.000000,0.000000,0.000000,0.0000,0.230351,0.007835,0.007835,0.000000,True
3376,2,3.994187,2.5370,394.166,0.000000,0.000000,0.000000,0.0000,0.230298,0.007846,0.007846,0.000000,True
3377,2,3.996725,2.5432,393.205,0.000000,0.000000,0.000000,0.0000,0.230259,0.007861,0.007861,0.000000,True
3378,2,3.999268,2.7310,366.166,0.000000,0.000000,0.000000,0.0000,0.230215,0.007877,0.007877,0.000000,True
3379,2,4.002000,2.5495,392.234,0.000000,0.000000,0.000000,0.0000,0.230173,0.007895,0.007895,0.000000,True
3380,2,4.004550,2.5602,390.595,0.000000,0.000000,0.000000,0.0000,0.230128,0.007917,0.007917,0.000000,True
3381,2,4.007111,2.5432,393.205,0.000000,0.000000,0.000000,0.0000,0.230078,0.007937,0.007937,0.000000,True
3382,2,4.009655,2.5088,398.597,0.000000,0.000000,0.000000,0.0000,0.230016,0.007957,0.007957,0.000000,True
3383,2,4.012164,2.5300,395.257,0.000000,0.000000,0.000000,0.0000,0.229969,0.007976,0.007976,0.000000,True
3384,2,4.014695,2.5877,386.444,0.000000,0.000000,0.000000,0.0000,0.229927,0.007993,0.007993,0.000000,True
3385,2,4.017282,2.5438,393.113,0.000000,0.000000,0.000000,0.0000,0.229896,0.008007,0.008007,0.000000,True
3386,2,4.019827,2.5156,397.520,0.000000,0.000000,0.000000,0.0000,0.229856,0.008016,0.008016,0.000000,True
3387,2,4.022343,2.6230,381.243,0.000000,0.000000,0.000000,0.0000,0.229824,0.008022,0.008022,0.000000,True
3388,2,4.024966,2.5490,392.311,0.000000,0.000000,0.000000,0.0000,0.229792,0.008030,0.008030,0.000000,True
3389,2,4.027515,2.5425,393.314,0.000000,0.000000,0.000000,0.0000,0.229763,0.008041,0.008041,0.000000,True
3390,2,4.030058,2.5062,399.011,0.000000,0.000000,0.000000,0.0000,0.229733,0.008055,0.008055,0.000000,True
3391,2,4.032565,2.5279,395.585,0.000000,0.000000,0.000000,0.0000,0.229699,0.008071,0.008071,0.000000,True
3392,2,4.035093,2.5679,389.423,0.000000,0.000000,0.000000,0.0000,0.229667,0.008090,0.008090,0.000000,True
3393,2,4.037662,2.5599,390.640,0.000000,0.000000,0.000000,0.0000,0.229632,0.008111,0.008111,0.000000,True
3394,2,4.040222,2.5389,393.871,0.000000,0.000000,0.000000,0.0000,0.229591,0.008132,0.008132,0.000000,True
3395,2,4.042761,2.5693,389.211,0.000000,0.000000,0.000000,0.0000,0.229554,0.008155,0.008155,0.000000,True
3396,2,4.045331,2.5541,391.527,0.000000,0.000000,0.000000,0.0000,0.229512,0.008176,0.008176,0.000000,True
3397,2,4.047885,2.5791,387.732,0.000000,0.000000,0.000000,0.0000,0.229467,0.008197,0.008197,0.000000,True
3398,2,4.050466,2.6725,374.182,0.000000,0.000000,0.000000,0.0000,0.229423,0.008214,0.008214,0.000000,True
3399,2,4.053138,2.5887,386.294,0.000000,0.000000,0.000000,0.0000,0.229381,0.008228,0.008228,0.000000,True
3400,2,4.055729,2.5779,387.913,0.000000,0.000000,0.000000,0.0000,0.229346,0.008237,0.008237,0.000000,True
3401,2,4.058307,2.5491,392.295,0.000000,0.000000,0.000000,0.0000,0.229325,0.008247,0.008247,0.000000,True
3402,2,4.060856,2.5737,388.546,0.000000,0.000000,0.000000,0.0000,0.229304,0.008261,0.008261,0.000000,True
3403,2,4.063430,2.5866,386.608,0.000000,0.000000,0.000000,0.0000,0.229289,0.008277,0.008277,0.000000,True
3404,2,4.066017,2.5715,388.878,0.000000,0.000000,0.000000,0.0000,0.229273,0.008296,0.008296,0.000000,True
3405,2,4.068589,2.5877,386.444,0.000000,0.000000,0.000000,0.0000,0.229253,0.008318,0.008318,0.000000,True
3406,2,4.071177,2.5780,387.898,0.000000,0.000000,0.000000,0.0000,0.229234,0.008342,0.008342,0.000000,True
3407,2,4.073757,2.6273,380.619,0.000000,0.000000,0.000000,0.0000,0.229213,0.008367,0.008367,0.000000,True
3408,2,4.076385,2.5559,391.252,0.000000,0.000000,0.000000,0.0000,0.229188,0.008393,0.008393,0.000000,True
3409,2,4.078941,2.5822,387.267,0.000000,0.000000,0.000000,0.0000,0.229160,0.008418,0.008418,0.000000,True
3410,2,4.081524,2.5520,391.850,0.000000,0.000000,0.000000,0.0000,0.229126,0.008441,0.008441,0.000000,True
3411,2,4.084076,2.5350,394.477,0.000000,0.000000,0.000000,0.0000,0.229085,0.008462,0.008462,0.000000,True
3412,2,4.086612,2.5795,387.672,0.000000,0.000000,0.000000,0.0000,0.229051,0.008478,0.008478,0.000000,True
3413,2,4.089193,2.8633,349.247,0.000000,0.000000,0.000000,0.0000,0.229037,0.008489,0.008489,0.000000,True
3414,2,4.092057,2.5545,391.466,0.000000,0.000000,0.000000,0.0000,0.229017,0.008500,0.008500,0.000000,True
3415,2,4.094612,2.7359,365.510,0.000000,0.000000,0.000000,0.0000,0.229010,0.008515,0.008515,0.000000,True
3416,2,4.097348,2.5858,386.728,0.000000,0.000000,0.000000,0.0000,0.228985,0.008533,0.008533,0.000000,True
3417,2,4.099935,2.7932,358.012,0.000000,0.000000,0.000000,0.0000,0.228960,0.008555,0.008555,0.000000,True
3418,2,4.102728,2.5481,392.449,0.000000,0.000000,0.000000,0.0000,0.228955,0.008578,0.008578,0.000000,True
3419,2,4.105277,2.5387,393.902,0.000000,0.000000,0.000000,0.0000,0.228946,0.008606,0.008606,0.000000,True
3420,2,4.107816,2.5372,394.135,0.000000,0.000000,0.000000,0.0000,0.228934,0.008634,0.008634,0.000000,True
3421,2,4.110354,2.6048,383.907,0.000000,0.000000,0.000000,0.0000,0.228919,0.008662,0.008662,0.000000,True
3422,2,4.112959,2.5974,385.000,0.000000,0.000000,0.000000,0.0000,0.228900,0.008690,0.008690,0.000000,True
3423,2,4.115557,2.5579,390.946,0.000000,0.000000,0.000000,0.0000,0.228871,0.008716,0.008716,0.000000,True
3424,2,4.118115,2.5721,388.787,0.000000,0.000000,0.000000,0.0000,0.228835,0.008739,0.008739,0.000000,True
3425,2,4.120687,2.5528,391.727,0.000000,0.000000,0.000000,0.0000,0.228817,0.008757,0.008757,0.000000,True
3426,2,4.123240,2.5482,392.434,0.000000,0.000000,0.000000,0.0000,0.228786,0.008770,0.008770,0.000000,True
3427,2,4.125789,2.6219,381.403,0.000000,0.000000,0.000000,0.0000,0.228754,0.008784,0.008784,0.000000,True
3428,2,4.128412,2.5730,388.651,0.000000,0.000000,0.000000,0.0000,0.228747,0.008800,0.008800,0.000000,True
3429,2,4.130985,2.5538,391.573,0.000000,0.000000,0.000000,0.0000,0.228747,0.008819,0.008819,0.000000,True
3430,2,4.133540,2.5573,391.037,0.000000,0.000000,0.000000,0.0000,0.228749,0.008841,0.008841,0.000000,True
3431,2,4.136097,2.5682,389.378,0.000000,0.000000,0.000000,0.0000,0.228743,0.008866,0.008866,0.000000,True
3432,2,4.138666,2.5565,391.160,0.000000,0.000000,0.000000,0.0000,0.228745,0.008893,0.008893,0.000000,True
3433,2,4.141223,2.6349,379.521,0.000000,0.000000,0.000000,0.0000,0.228745,0.008922,0.008922,0.000000,True
3434,2,4.143858,2.5242,396.165,0.000000,0.000000,0.000000,0.0000,0.228742,0.008950,0.008950,0.000000,True
3435,2,4.146382,2.5913,385.907,0.000000,0.000000,0.000000,0.0000,0.228731,0.008980,0.008980,0.000000,True
3436,2,4.148974,2.5437,393.128,0.000000,0.000000,0.000000,0.0000,0.228725,0.009007,0.009007,0.000000,True
3437,2,4.151518,2.6249,380.967,0.000000,0.000000,0.000000,0.0000,0.228697,0.009031,0.009031,0.000000,True
3438,2,4.154143,2.9188,342.607,0.000000,0.000000,0.000000,0.0000,0.228663,0.009051,0.009051,0.000000,True
3439,2,4.157063,2.5588,390.808,0.000000,0.000000,0.000000,0.0000,0.228642,0.009066,0.009066,0.000000,True
3440,2,4.159622,2.5086,398.629,0.000000,0.000000,0.000000,0.0000,0.228622,0.009082,0.009082,0.000000,True
3441,2,4.162131,2.5647,389.909,0.000000,0.000000,0.000000,0.0000,0.228611,0.009100,0.009100,0.000000,True
3442,2,4.164696,2.5662,389.681,0.000000,0.000000,0.000000,0.0000,0.228605,0.009121,0.009121,0.000000,True
3443,2,4.167263,2.5835,387.072,0.000000,0.000000,0.000000,0.0000,0.228601,0.009145,0.009145,0.000000,True
3444,2,4.169847,2.5170,397.298,0.000000,0.000000,0.000000,0.0000,0.228597,0.009171,0.009171,0.000000,True
3445,2,4.172364,2.6254,380.894,0.000000,0.000000,0.000000,0.0000,0.228593,0.009200,0.009200,0.000000,True
3446,2,4.174990,2.6400,378.788,0.000000,0.000000,0.000000,0.0000,0.228585,0.009229,0.009229,0.000000,True
3447,2,4.177630,2.5565,391.160,0.000000,0.000000,0.000000,0.0000,0.228578,0.009259,0.009259,0.000000,True
3448,2,4.180187,2.7055,369.617,0.000000,0.000000,0.000000,0.0000,0.228562,0.009288,0.009288,0.000000,True
3449,2,4.182893,2.5540,391.543,0.000000,0.000000,0.000000,0.0000,0.228539,0.009316,0.009316,0.000000,True
3450,2,4.185447,2.5181,397.125,0.000000,0.000000,0.000000,0.0000,0.228513,0.009340,0.009340,0.000000,True
3451,2,4.187965,2.5712,388.924,0.000000,0.000000,0.000000,0.0000,0.228480,0.009360,0.009360,0.000000,True
3452,2,4.190537,2.6009,384.482,0.000000,0.000000,0.000000,0.0000,0.228457,0.009375,0.009375,0.000000,True
3453,2,4.193138,2.5309,395.116,0.000000,0.000000,0.000000,0.0000,0.228438,0.009391,0.009391,0.000000,True
3454,2,4.195669,2.5827,387.192,0.000000,0.000000,0.000000,0.0000,0.228423,0.009410,0.009410,0.000000,True
3455,2,4.198252,2.5325,394.867,0.000000,0.000000,0.000000,0.0000,0.228412,0.009431,0.009431,0.000000,True
3456,2,4.200785,2.6083,383.392,0.000000,0.000000,0.000000,0.0000,0.228401,0.009455,0.009455,0.000000,True
3457,2,4.203394,2.5740,388.500,0.000000,0.000000,0.000000,0.0000,0.228376,0.009481,0.009481,0.000000,True
3458,2,4.205969,2.6182,381.942,0.000000,0.000000,0.000000,0.0000,0.228362,0.009509,0.009509,0.000000,True
3459,2,4.208587,2.6150,382.409,0.000000,0.000000,0.000000,0.0000,0.228349,0.009538,0.009538,0.000000,True
3460,2,4.211203,2.5708,388.984,0.000000,0.000000,0.000000,0.0000,0.228333,0.009568,0.009568,0.000000,True
3461,2,4.213774,2.5834,387.087,0.000000,0.000000,0.000000,0.0000,0.228310,0.009597,0.009597,0.000000,True
3462,2,4.216358,2.5670,389.560,0.000000,0.000000,0.000000,0.0000,0.228284,0.009624,0.009624,0.000000,True
3463,2,4.218925,2.5949,385.371,0.000000,0.000000,0.000000,0.0000,0.228252,0.009648,0.009648,0.000000,True
3464,2,4.221520,2.6229,381.257,0.000000,0.000000,0.000000,0.0000,0.228223,0.009668,0.009668,0.000000,True
3465,2,4.224144,2.5975,384.986,0.000000,0.000000,0.000000,0.0000,0.228194,0.009682,0.009682,0.000000,True
3466,2,4.226742,2.5725,388.727,0.000000,0.000000,0.000000,0.0000,0.228167,0.009698,0.009698,0.000000,True
3467,2,4.229315,2.5682,389.378,0.000000,0.000000,0.000000,0.0000,0.228140,0.009716,0.009716,0.000000,True
3468,2,4.231884,2.5656,389.772,0.000000,0.000000,0.000000,0.0000,0.228134,0.009736,0.009736,0.000000,True
3469,2,4.234449,2.5720,388.803,0.000000,0.000000,0.000000,0.0000,0.228114,0.009758,0.009758,0.000000,True
3470,2,4.237022,2.5622,390.290,0.000000,0.000000,0.000000,0.0000,0.228134,0.009782,0.009782,0.000000,True
3471,2,4.239584,2.5815,387.372,0.000000,0.000000,0.000000,0.0000,0.228150,0.009807,0.009807,0.000000,True
3472,2,4.242167,2.5054,399.138,0.000000,0.000000,0.000000,0.0000,0.228166,0.009833,0.009833,0.000000,True
3473,2,4.244672,2.5524,391.788,0.000000,0.000000,0.000000,0.0000,0.228177,0.009859,0.009859,0.000000,True
3474,2,4.247225,2.5364,394.260,0.000000,0.000000,0.000000,0.0000,0.228176,0.009884,0.009884,0.000000,True
3475,2,4.249762,2.5517,391.896,0.000000,0.000000,0.000000,0.0000,0.228166,0.009908,0.009908,0.000000,True
3476,2,4.252314,2.6095,383.215,0.000000,0.000000,0.000000,0.0000,0.228140,0.009929,0.009929,0.000000,True
3477,2,4.254924,2.5390,393.856,0.000000,0.000000,0.000000,0.0000,0.228099,0.009946,0.009946,0.000000,True
3478,2,4.257463,2.8515,350.693,0.000000,0.000000,0.000000,0.0000,0.228075,0.009959,0.009959,0.000000,True
3479,2,4.260315,2.5517,391.896,0.000000,0.000000,0.000000,0.0000,0.228092,0.009971,0.009971,0.000000,True
3480,2,4.262868,2.7029,369.973,0.000000,0.000000,0.000000,0.0000,0.228100,0.009986,0.009986,0.000000,True
3481,2,4.265571,2.5523,391.804,0.000000,0.000000,0.000000,0.0000,0.228123,0.010001,0.010001,0.000000,True
3482,2,4.268124,2.5577,390.976,0.000000,0.000000,0.000000,0.0000,0.228143,0.010020,0.010020,0.000000,True
3483,2,4.270682,2.5351,394.462,0.000000,0.000000,0.000000,0.0000,0.228166,0.010039,0.010039,0.000000,True
3484,2,4.273218,2.5445,393.005,0.000000,0.000000,0.000000,0.0000,0.228190,0.010060,0.010060,0.000000,True
3485,2,4.275763,2.5659,389.727,0.000000,0.000000,0.000000,0.0000,0.228210,0.010081,0.010081,0.000000,True
3486,2,4.278330,2.9211,342.337,0.000000,0.000000,0.000000,0.0000,0.228229,0.010102,0.010102,0.000000,True
3487,2,4.281251,2.5585,390.854,0.000000,0.000000,0.000000,0.0000,0.228236,0.010123,0.010123,0.000000,True
3488,2,4.283811,7.0834,141.175,0.000000,0.000000,0.000000,0.0000,0.228223,0.010143,0.010143,0.000000,True
3489,2,4.290895,2.5291,395.398,0.000000,0.000000,0.000000,0.0000,0.228211,0.010160,0.010160,0.000000,True
3490,2,4.293424,2.5147,397.662,0.000000,0.000000,0.000000,0.0000,0.228204,0.010176,0.010176,0.000000,True
3491,2,4.295939,2.5411,393.530,0.000000,0.000000,0.000000,0.0000,0.228212,0.010190,0.010190,0.000000,True
3492,2,4.298481,2.8648,349.065,0.000000,0.000000,0.000000,0.0000,0.228232,0.010204,0.010204,0.000000,True
3493,2,4.301346,2.5900,386.100,0.000000,0.000000,0.000000,0.0000,0.228270,0.010219,0.010219,0.000000,True
3494,2,4.303937,2.5115,398.168,0.000000,0.000000,0.000000,0.0000,0.228314,0.010236,0.010236,0.000000,True
3495,2,4.306449,2.5579,390.946,0.000000,0.000000,0.000000,0.0000,0.228339,0.010254,0.010254,0.000000,True
3496,2,4.309008,2.5282,395.538,0.000000,0.000000,0.000000,0.0000,0.228366,0.010272,0.010272,0.000000,True
3497,2,4.311536,2.5343,394.586,0.000000,0.000000,0.000000,0.0000,0.228379,0.010291,0.010291,0.000000,True
3498,2,4.314071,2.5028,399.553,0.000000,0.000000,0.000000,0.0000,0.228389,0.010309,0.010309,0.000000,True
3499,2,4.316574,2.5460,392.773,0.000000,0.000000,0.000000,0.0000,0.228388,0.010326,0.010326,0.000000,True
3500,2,4.319120,2.5517,391.896,0.000000,0.000000,0.000000,0.0000,0.228373,0.010343,0.010343,0.000000,True
3501,2,4.321672,2.5586,390.839,0.000000,0.000000,0.000000,0.0000,0.228344,0.010357,0.010357,0.000000,True
3502,2,4.324231,2.5740,388.500,0.000000,0.000000,0.000000,0.0000,0.228319,0.010368,0.010368,0.000000,True
3503,2,4.326805,2.5259,395.899,0.000000,0.000000,0.000000,0.0000,0.228312,0.010376,0.010376,0.000000,True
3504,2,4.329331,2.7459,364.179,0.000000,0.000000,0.000000,0.0000,0.228340,0.010385,0.010385,0.000000,True
3505,2,4.332078,2.6297,380.272,0.000000,0.000000,0.000000,0.0000,0.228351,0.010395,0.010395,0.000000,True
3506,2,4.334708,2.6047,383.921,0.000000,0.000000,0.000000,0.0000,0.228371,0.010406,0.010406,0.000000,True
3507,2,4.337313,2.6047,383.921,0.000000,0.000000,0.000000,0.0000,0.228400,0.010417,0.010417,0.000000,True
3508,2,4.339918,2.5730,388.651,0.000000,0.000000,0.000000,0.0000,0.228444,0.010430,0.010430,0.000000,True
3509,2,4.342492,2.5063,398.995,0.000000,0.000000,0.000000,0.0000,0.228470,0.010443,0.010443,0.000000,True
3510,2,4.344998,2.5497,392.203,0.000000,0.000000,0.000000,0.0000,0.228489,0.010456,0.010456,0.000000,True
3511,2,4.347549,2.6276,380.575,0.000000,0.000000,0.000000,0.0000,0.228500,0.010469,0.010469,0.000000,True
3512,2,4.350177,2.5760,388.199,0.000000,0.000000,0.000000,0.0000,0.228501,0.010482,0.010482,0.000000,True
3513,2,4.352754,2.5675,389.484,0.000000,0.000000,0.000000,0.0000,0.228498,0.010495,0.010495,0.000000,True
3514,2,4.355321,2.6563,376.464,0.000000,0.000000,0.000000,0.0000,0.228471,0.010505,0.010505,0.000000,True
3515,2,4.357978,2.7553,362.937,0.000000,0.000000,0.000000,0.0000,0.228447,0.010513,0.010513,0.000000,True
3516,2,4.360734,2.5466,392.680,0.000000,0.000000,0.000000,0.0000,0.228445,0.010517,0.010517,0.000000,True
3517,2,4.363281,2.6377,379.118,0.000000,0.000000,0.000000,0.0000,0.228453,0.010520,0.010520,0.000000,True
3518,2,4.365919,2.5489,392.326,0.000000,0.000000,0.000000,0.0000,0.228467,0.010524,0.010524,0.000000,True
3519,2,4.368469,2.8938,345.566,0.000000,0.000000,0.000000,0.0000,0.228474,0.010528,0.010528,0.000000,True
3520,2,4.371363,2.5551,391.374,0.000000,0.000000,0.000000,0.0000,0.228505,0.010531,0.010531,0.000000,True
3521,2,4.373919,2.7631,361.912,0.000000,0.000000,0.000000,0.0000,0.228531,0.010537,0.010537,0.000000,True
3522,2,4.376683,2.5315,395.023,0.000000,0.000000,0.000000,0.0000,0.228550,0.010541,0.010541,0.000000,True
3523,2,4.379215,2.5125,398.010,0.000000,0.000000,0.000000,0.0000,0.228566,0.010548,0.010548,0.000000,True
3524,2,4.381728,2.5682,389.378,0.000000,0.000000,0.000000,0.0000,0.228569,0.010556,0.010556,0.000000,True
3525,2,4.384296,2.6893,371.844,0.000000,0.000000,0.000000,0.0000,0.228561,0.010563,0.010563,0.000000,True
3526,2,4.386986,2.5573,391.037,0.000000,0.000000,0.000000,0.0000,0.228544,0.010571,0.010571,0.000000,True
3527,2,4.389544,2.9397,340.171,0.000000,0.000000,0.000000,0.0000,0.228515,0.010580,0.010580,0.000000,True
3528,2,4.392485,2.5592,390.747,0.000000,0.000000,0.000000,0.0000,0.228493,0.010583,0.010583,0.000000,True
3529,2,4.395044,2.4898,401.639,0.000000,0.000000,0.000000,0.0000,0.228480,0.010583,0.010583,0.000000,True
3530,2,4.397534,2.5643,389.970,0.000000,0.000000,0.000000,0.0000,0.228486,0.010581,0.010581,0.000000,True
3531,2,4.400099,2.5535,391.619,0.000000,0.000000,0.000000,0.0000,0.228495,0.010579,0.010579,0.000000,True
3532,2,4.402653,2.5543,391.497,0.000000,0.000000,0.000000,0.0000,0.228506,0.010576,0.010576,0.000000,True
3533,2,4.405208,2.7194,367.728,0.000000,0.000000,0.000000,0.0000,0.228517,0.010573,0.010573,0.000000,True
3534,2,4.407928,2.5397,393.747,0.000000,0.000000,0.000000,0.0000,0.228532,0.010571,0.010571,0.000000,True
3535,2,4.410468,2.5145,397.693,0.000000,0.000000,0.000000,0.0000,0.228540,0.010570,0.010570,0.000000,True
3536,2,4.412983,2.5218,396.542,0.000000,0.000000,0.000000,0.0000,0.228542,0.010571,0.010571,0.000000,True
3537,2,4.415505,2.5500,392.157,0.000000,0.000000,0.000000,0.0000,0.228540,0.010573,0.010573,0.000000,True
3538,2,4.418056,2.5214,396.605,0.000000,0.000000,0.000000,0.0000,0.228519,0.010577,0.010577,0.000000,True
3539,2,4.420577,2.5781,387.883,0.000000,0.000000,0.000000,0.0000,0.228499,0.010583,0.010583,0.000000,True
3540,2,4.423156,2.7783,359.932,0.000000,0.000000,0.000000,0.0000,0.228469,0.010591,0.010591,0.000000,True
3541,2,4.425935,2.5413,393.499,0.000000,0.000000,0.000000,0.0000,0.228448,0.010594,0.010594,0.000000,True
3542,2,4.428477,2.5847,386.892,0.000000,0.000000,0.000000,0.0000,0.228438,0.010592,0.010592,0.000000,True
3543,2,4.431062,2.7772,360.075,0.000000,0.000000,0.000000,0.0000,0.228440,0.010587,0.010587,0.000000,True
3544,2,4.433840,2.5510,392.003,0.000000,0.000000,0.000000,0.0000,0.228454,0.010578,0.010578,0.000000,True
3545,2,4.436391,2.5184,397.078,0.000000,0.000000,0.000000,0.0000,0.228466,0.010570,0.010570,0.000000,True
3546,2,4.438910,3.0886,323.771,0.000000,0.000000,0.000000,0.0000,0.228475,0.010562,0.010562,0.000000,True
3547,2,4.441999,2.6288,380.402,0.000000,0.000000,0.000000,0.0000,0.228494,0.010550,0.010550,0.000000,True
3548,2,4.444629,2.5391,393.840,0.000000,0.000000,0.000000,0.0000,0.228501,0.010544,0.010544,0.000000,True
3549,2,4.447168,2.5293,395.366,0.000000,0.000000,0.000000,0.0000,0.228505,0.010540,0.010540,0.000000,True
3550,2,4.449698,2.5634,390.107,0.000000,0.000000,0.000000,0.0000,0.228502,0.010539,0.010539,0.000000,True
3551,2,4.452262,2.5563,391.190,0.000000,0.000000,0.000000,0.0000,0.228494,0.010540,0.010540,0.000000,True
3552,2,4.454819,2.5480,392.465,0.000000,0.000000,0.000000,0.0000,0.228478,0.010545,0.010545,0.000000,True
3553,2,4.457367,2.5892,386.220,0.000000,0.000000,0.000000,0.0000,0.228465,0.010552,0.010552,0.000000,True
3554,2,4.459957,2.5842,386.967,0.000000,0.000000,0.000000,0.0000,0.228449,0.010553,0.010553,0.000000,True
3555,2,4.462542,2.6159,382.278,0.000000,0.000000,0.000000,0.0000,0.228444,0.010547,0.010547,0.000000,True
3556,2,4.465158,2.5539,391.558,0.000000,0.000000,0.000000,0.0000,0.228457,0.010537,0.010537,0.000000,True
3557,2,4.467712,2.5270,395.726,0.000000,0.000000,0.000000,0.0000,0.228461,0.010523,0.010523,0.000000,True
3558,2,4.470240,2.5624,390.259,0.000000,0.000000,0.000000,0.0000,0.228473,0.010508,0.010508,0.000000,True
3559,2,4.472803,2.9022,344.566,0.000000,0.000000,0.000000,0.0000,0.228485,0.010492,0.010492,0.000000,True
3560,2,4.475705,2.5028,399.553,0.000000,0.000000,0.000000,0.0000,0.228498,0.010473,0.010473,0.000000,True
3561,2,4.478208,2.5462,392.742,0.000000,0.000000,0.000000,0.0000,0.228504,0.010461,0.010461,0.000000,True
3562,2,4.480755,2.5319,394.960,0.000000,0.000000,0.000000,0.0000,0.228508,0.010451,0.010451,0.000000,True
3563,2,4.483287,2.5299,395.273,0.000000,0.000000,0.000000,0.0000,0.228509,0.010444,0.010444,0.000000,True
3564,2,4.485817,2.5305,395.179,0.000000,0.000000,0.000000,0.0000,0.228515,0.010441,0.010441,0.000000,True
3565,2,4.488348,2.5560,391.236,0.000000,0.000000,0.000000,0.0000,0.228495,0.010444,0.010444,0.000000,True
3566,2,4.490905,2.5278,395.601,0.000000,0.000000,0.000000,0.0000,0.228476,0.010452,0.010452,0.000000,True
3567,2,4.493433,2.5434,393.175,0.000000,0.000000,0.000000,0.0000,0.228458,0.010453,0.010453,0.000000,True
3568,2,4.495978,2.6750,373.832,0.000000,0.000000,0.000000,0.0000,0.228448,0.010444,0.010444,0.000000,True
3569,2,4.498653,2.5334,394.727,0.000000,0.000000,0.000000,0.0000,0.228445,0.010427,0.010427,0.000000,True
3570,2,4.501187,2.5424,393.329,0.000000,0.000000,0.000000,0.0000,0.228442,0.010407,0.010407,0.000000,True
3571,2,4.503730,2.5546,391.451,0.000000,0.000000,0.000000,0.0000,0.228458,0.010383,0.010383,0.000000,True
3572,2,4.506285,2.5640,390.016,0.000000,0.000000,0.000000,0.0000,0.228458,0.010358,0.010358,0.000000,True
3573,2,4.508849,2.5735,388.576,0.000000,0.000000,0.000000,0.0000,0.228458,0.010332,0.010332,0.000000,True
3574,2,4.511424,2.6872,372.135,0.000000,0.000000,0.000000,0.0000,0.228458,0.010309,0.010309,0.000000,True
3575,2,4.514111,2.5338,394.664,0.000000,0.000000,0.000000,0.0000,0.228453,0.010287,0.010287,0.000000,True
3576,2,4.516645,2.5150,397.614,0.000000,0.000000,0.000000,0.0000,0.228444,0.010272,0.010272,0.000000,True
3577,2,4.519161,2.5718,388.833,0.000000,0.000000,0.000000,0.0000,0.228446,0.010264,0.010264,0.000000,True
3578,2,4.521733,2.5676,389.469,0.000000,0.000000,0.000000,0.0000,0.228433,0.010262,0.010262,0.000000,True
3579,2,4.524301,2.5677,389.454,0.000000,0.000000,0.000000,0.0000,0.228408,0.010268,0.010268,0.000000,True
3580,2,4.526868,2.5515,391.926,0.000000,0.000000,0.000000,0.0000,0.228381,0.010269,0.010269,0.000000,True
3581,2,4.529420,2.6426,378.415,0.000000,0.000000,0.000000,0.0000,0.228355,0.010258,0.010258,0.000000,True
3582,2,4.532063,2.5651,389.848,0.000000,0.000000,0.000000,0.0000,0.228330,0.010237,0.010237,0.000000,True
3583,2,4.534629,2.5845,386.922,0.000000,0.000000,0.000000,0.0000,0.228308,0.010209,0.010209,0.000000,True
3584,2,4.537214,2.6254,380.894,0.000000,0.000000,0.000000,0.0000,0.228286,0.010175,0.010175,0.000000,True
3585,2,4.539840,2.5205,396.747,0.000000,0.000000,0.000000,0.0000,0.228268,0.010139,0.010139,0.000000,True
3586,2,4.542361,2.5308,395.132,0.000000,0.000000,0.000000,0.0000,0.228252,0.010104,0.010104,0.000000,True
3587,2,4.544892,2.5250,396.040,0.000000,0.000000,0.000000,0.0000,0.228242,0.010071,0.010071,0.000000,True
3588,2,4.547418,2.5954,385.297,0.000000,0.000000,0.000000,0.0000,0.228222,0.010041,0.010041,0.000000,True
3589,2,4.550014,2.5512,391.972,0.000000,0.000000,0.000000,0.0000,0.228202,0.010017,0.010017,0.000000,True
3590,2,4.552565,2.5942,385.475,0.000000,0.000000,0.000000,0.0000,0.228181,0.010000,0.010000,0.000000,True
3591,2,4.555160,2.5631,390.153,0.000000,0.000000,0.000000,0.0000,0.228158,0.009993,0.009993,0.000000,True
3592,2,4.557723,2.5727,388.697,0.000000,0.000000,0.000000,0.0000,0.228136,0.009996,0.009996,0.000000,True
3593,2,4.560297,2.5253,395.993,0.000000,0.000000,0.000000,0.0000,0.228111,0.009999,0.009999,0.000000,True
3594,2,4.562822,2.5824,387.237,0.000000,0.000000,0.000000,0.0000,0.228080,0.009987,0.009987,0.000000,True
3595,2,4.565405,2.5156,397.520,0.000000,0.000000,0.000000,0.0000,0.228043,0.009964,0.009964,0.000000,True
3596,2,4.567921,2.5553,391.344,0.000000,0.000000,0.000000,0.0000,0.228007,0.009933,0.009933,0.000000,True
3597,2,4.570477,2.5175,397.220,0.000000,0.000000,0.000000,0.0000,0.227973,0.009895,0.009895,0.000000,True
3598,2,4.572994,2.5292,395.382,0.000000,0.000000,0.000000,0.0000,0.227940,0.009854,0.009854,0.000000,True
3599,2,4.575524,2.5476,392.526,0.000000,0.000000,0.000000,0.0000,0.227909,0.009813,0.009813,0.000000,True
3600,2,4.578072,2.5581,390.915,0.000000,0.000000,0.000000,0.0000,0.227880,0.009773,0.009773,0.000000,True
3601,2,4.580631,2.6005,384.541,0.000000,0.000000,0.000000,0.0000,0.227868,0.009736,0.009736,0.000000,True
3602,2,4.583232,2.5450,392.927,0.000000,0.000000,0.000000,0.0000,0.227835,0.009705,0.009705,0.000000,True
3603,2,4.585777,2.5801,387.582,0.000000,0.000000,0.000000,0.0000,0.227802,0.009683,0.009683,0.000000,True
3604,2,4.588358,2.5545,391.466,0.000000,0.000000,0.000000,0.0000,0.227787,0.009672,0.009672,0.000000,True
3605,2,4.590913,2.5808,387.477,0.000000,0.000000,0.000000,0.0000,0.227757,0.009672,0.009672,0.000000,True
3606,2,4.593494,2.5153,397.567,0.000000,0.000000,0.000000,0.0000,0.227725,0.009677,0.009677,0.000000,True
3607,2,4.596010,2.5807,387.492,0.000000,0.000000,0.000000,0.0000,0.227689,0.009668,0.009668,0.000000,True
3608,2,4.598591,2.5341,394.617,0.000000,0.000000,0.000000,0.0000,0.227660,0.009645,0.009645,0.000000,True
3609,2,4.601125,2.5765,388.123,0.000000,0.000000,0.000000,0.0000,0.227608,0.009612,0.009612,0.000000,True
3610,2,4.603703,2.6866,372.218,0.000000,0.000000,0.000000,0.0000,0.227556,0.009571,0.009571,0.000000,True
3611,2,4.606390,2.5708,388.984,0.000000,0.000000,0.000000,0.0000,0.227505,0.009523,0.009523,0.000000,True
3612,2,4.608961,2.5976,384.971,0.000000,0.000000,0.000000,0.0000,0.227456,0.009476,0.009476,0.000000,True
3613,2,4.611559,2.5156,397.520,0.000000,0.000000,0.000000,0.0000,0.227410,0.009431,0.009431,0.000000,True
3614,2,4.614075,2.5670,389.560,0.000000,0.000000,0.000000,0.0000,0.227367,0.009391,0.009391,0.000000,True
3615,2,4.616642,2.5432,393.205,0.000000,0.000000,0.000000,0.0000,0.227327,0.009357,0.009357,0.000000,True
3616,2,4.619185,2.5673,389.514,0.000000,0.000000,0.000000,0.0000,0.227274,0.009332,0.009332,0.000000,True
3617,2,4.621753,2.5531,391.681,0.000000,0.000000,0.000000,0.0000,0.227241,0.009319,0.009319,0.000000,True
3618,2,4.624307,2.5754,388.289,0.000000,0.000000,0.000000,0.0000,0.227217,0.009318,0.009318,0.000000,True
3619,2,4.626883,2.5391,393.840,0.000000,0.000000,0.000000,0.0000,0.227197,0.009325,0.009325,0.000000,True
3620,2,4.629422,2.5550,391.389,0.000000,0.000000,0.000000,0.0000,0.227181,0.009317,0.009317,0.000000,True
3621,2,4.631979,2.5240,396.197,0.000000,0.000000,0.000000,0.0000,0.227136,0.009293,0.009293,0.000000,True
3622,2,4.634503,2.5410,393.546,0.000000,0.000000,0.000000,0.0000,0.227093,0.009258,0.009258,0.000000,True
3623,2,4.637045,2.5290,395.413,0.000000,0.000000,0.000000,0.0000,0.227040,0.009215,0.009215,0.000000,True
3624,2,4.639574,2.6862,372.273,0.000000,0.000000,0.000000,0.0000,0.226984,0.009167,0.009167,0.000000,True
3625,2,4.642261,2.5625,390.244,0.000000,0.000000,0.000000,0.0000,0.226928,0.009113,0.009113,0.000000,True
3626,2,4.644824,2.5695,389.181,0.000000,0.000000,0.000000,0.0000,0.226876,0.009064,0.009064,0.000000,True
3627,2,4.647394,2.7930,358.038,0.000000,0.000000,0.000000,0.0000,0.226826,0.009019,0.009019,0.000000,True
3628,2,4.650187,2.5447,392.974,0.000000,0.000000,0.000000,0.0000,0.226777,0.008977,0.008977,0.000000,True
3629,2,4.652733,2.5510,392.003,0.000000,0.000000,0.000000,0.0000,0.226736,0.008950,0.008950,0.000000,True
3630,2,4.655284,2.7181,367.904,0.000000,0.000000,0.000000,0.0000,0.226702,0.008935,0.008935,0.000000,True
3631,2,4.658003,2.6167,382.161,0.000000,0.000000,0.000000,0.0000,0.226672,0.008934,0.008934,0.000000,True
3632,2,4.660620,2.5425,393.314,0.000000,0.000000,0.000000,0.0000,0.226650,0.008942,0.008942,0.000000,True
3633,2,4.663163,2.5319,394.960,0.000000,0.000000,0.000000,0.0000,0.226626,0.008934,0.008934,0.000000,True
3634,2,4.665695,2.5649,389.879,0.000000,0.000000,0.000000,0.0000,0.226578,0.008909,0.008909,0.000000,True
3635,2,4.668261,2.5885,386.324,0.000000,0.000000,0.000000,0.0000,0.226527,0.008872,0.008872,0.000000,True
3636,2,4.670849,2.5615,390.396,0.000000,0.000000,0.000000,0.0000,0.226471,0.008826,0.008826,0.000000,True
3637,2,4.673411,2.5308,395.132,0.000000,0.000000,0.000000,0.0000,0.226418,0.008775,0.008775,0.000000,True
3638,2,4.675942,2.5607,390.518,0.000000,0.000000,0.000000,0.0000,0.226367,0.008725,0.008725,0.000000,True
3639,2,4.678505,2.7872,358.783,0.000000,0.000000,0.000000,0.0000,0.226319,0.008675,0.008675,0.000000,True
3640,2,4.681293,2.5502,392.126,0.000000,0.000000,0.000000,0.0000,0.226268,0.008625,0.008625,0.000000,True
3641,2,4.683844,2.5472,392.588,0.000000,0.000000,0.000000,0.0000,0.226225,0.008588,0.008588,0.000000,True
3642,2,4.686391,2.5356,394.384,0.000000,0.000000,0.000000,0.0000,0.226188,0.008562,0.008562,0.000000,True
3643,2,4.688927,2.6636,375.432,0.000000,0.000000,0.000000,0.0000,0.226156,0.008548,0.008548,0.000000,True
3644,2,4.691591,2.5279,395.585,0.000000,0.000000,0.000000,0.0000,0.226129,0.008548,0.008548,0.000000,True
3645,2,4.694119,2.4922,401.252,0.000000,0.000000,0.000000,0.0000,0.226111,0.008560,0.008560,0.000000,True
3646,2,4.696612,2.5577,390.976,0.000000,0.000000,0.000000,0.0000,0.226075,0.008556,0.008556,0.000000,True
3647,2,4.699170,2.5152,397.583,0.000000,0.000000,0.000000,0.0000,0.226025,0.008534,0.008534,0.000000,True
3648,2,4.701685,2.5598,390.656,0.000000,0.000000,0.000000,0.0000,0.225972,0.008501,0.008501,0.000000,True
3649,2,4.704246,2.7621,362.043,0.000000,0.000000,0.000000,0.0000,0.225918,0.008457,0.008457,0.000000,True
3650,2,4.707008,2.5302,395.226,0.000000,0.000000,0.000000,0.0000,0.225860,0.008404,0.008404,0.000000,True
3651,2,4.709538,2.5625,390.244,0.000000,0.000000,0.000000,0.0000,0.225809,0.008354,0.008354,0.000000,True
3652,2,4.712101,2.5309,395.116,0.000000,0.000000,0.000000,0.0000,0.225761,0.008305,0.008305,0.000000,True
3653,2,4.714633,2.5291,395.398,0.000000,0.000000,0.000000,0.0000,0.225717,0.008262,0.008262,0.000000,True
3654,2,4.717162,2.5740,388.500,0.000000,0.000000,0.000000,0.0000,0.225677,0.008225,0.008225,0.000000,True
3655,2,4.719737,2.5510,392.003,0.000000,0.000000,0.000000,0.0000,0.225639,0.008197,0.008197,0.000000,True
3656,2,4.722288,2.5509,392.019,0.000000,0.000000,0.000000,0.0000,0.225610,0.008181,0.008181,0.000000,True
3657,2,4.724839,2.5232,396.322,0.000000,0.000000,0.000000,0.0000,0.225585,0.008180,0.008180,0.000000,True
3658,2,4.727362,2.5673,389.514,0.000000,0.000000,0.000000,0.0000,0.225589,0.008192,0.008192,0.000000,True
3659,2,4.729930,2.5555,391.313,0.000000,0.000000,0.000000,0.0000,0.225562,0.008191,0.008191,0.000000,True
3660,2,4.732486,2.5564,391.175,0.000000,0.000000,0.000000,0.0000,0.225519,0.008173,0.008173,0.000000,True
3661,2,4.735043,2.5790,387.747,0.000000,0.000000,0.000000,0.0000,0.225468,0.008142,0.008142,0.000000,True
3662,2,4.737622,2.5446,392.989,0.000000,0.000000,0.000000,0.0000,0.225415,0.008102,0.008102,0.000000,True
3663,2,4.740167,2.5879,386.414,0.000000,0.000000,0.000000,0.0000,0.225363,0.008057,0.008057,0.000000,True
3664,2,4.742755,2.5766,388.108,0.000000,0.000000,0.000000,0.0000,0.225312,0.008009,0.008009,0.000000,True
3665,2,4.745332,2.5625,390.244,0.000000,0.000000,0.000000,0.0000,0.225265,0.007963,0.007963,0.000000,True
3666,2,4.747895,2.5145,397.693,0.000000,0.000000,0.000000,0.0000,0.225221,0.007921,0.007921,0.000000,True
3667,2,4.750410,2.5760,388.199,0.000000,0.000000,0.000000,0.0000,0.225183,0.007885,0.007885,0.000000,True
3668,2,4.752986,2.5373,394.120,0.000000,0.000000,0.000000,0.0000,0.225148,0.007858,0.007858,0.000000,True
3669,2,4.755524,2.5492,392.280,0.000000,0.000000,0.000000,0.0000,0.225121,0.007841,0.007841,0.000000,True
3670,2,4.758074,2.6804,373.079,0.000000,0.000000,0.000000,0.0000,0.225099,0.007838,0.007838,0.000000,True
3671,2,4.760755,2.5627,390.213,0.000000,0.000000,0.000000,0.0000,0.225092,0.007848,0.007848,0.000000,True
3672,2,4.763318,2.5467,392.665,0.000000,0.000000,0.000000,0.0000,0.225077,0.007851,0.007851,0.000000,True
3673,2,4.765865,2.5701,389.090,0.000000,0.000000,0.000000,0.0000,0.225051,0.007837,0.007837,0.000000,True
3674,2,4.768435,2.5507,392.049,0.000000,0.000000,0.000000,0.0000,0.225019,0.007811,0.007811,0.000000,True
3675,2,4.770987,2.5380,394.011,0.000000,0.000000,0.000000,0.0000,0.224985,0.007776,0.007776,0.000000,True
3676,2,4.773525,2.6201,381.665,0.000000,0.000000,0.000000,0.0000,0.224956,0.007737,0.007737,0.000000,True
3677,2,4.776145,2.5812,387.417,0.000000,0.000000,0.000000,0.0000,0.224929,0.007694,0.007694,0.000000,True
3678,2,4.778727,2.5627,390.213,0.000000,0.000000,0.000000,0.0000,0.224918,0.007653,0.007653,0.000000,True
3679,2,4.781290,2.5545,391.466,0.000000,0.000000,0.000000,0.0000,0.224899,0.007616,0.007616,0.000000,True
3680,2,4.783844,2.6049,383.892,0.000000,0.000000,0.000000,0.0000,0.224894,0.007585,0.007585,0.000000,True
3681,2,4.786451,2.7608,362.214,0.000000,0.000000,0.000000,0.0000,0.224879,0.007561,0.007561,0.000000,True
3682,2,4.789212,2.5295,395.335,0.000000,0.000000,0.000000,0.0000,0.224867,0.007545,0.007545,0.000000,True
3683,2,4.791742,2.5570,391.083,0.000000,0.000000,0.000000,0.0000,0.224865,0.007544,0.007544,0.000000,True
3684,2,4.794299,2.5167,397.346,0.000000,0.000000,0.000000,0.0000,0.224866,0.007556,0.007556,0.000000,True
3685,2,4.796816,2.5569,391.099,0.000000,0.000000,0.000000,0.0000,0.224863,0.007562,0.007562,0.000000,True
3686,2,4.799374,2.7376,365.284,0.000000,0.000000,0.000000,0.0000,0.224848,0.007552,0.007552,0.000000,True
3687,2,4.802112,2.5584,390.869,0.000000,0.000000,0.000000,0.0000,0.224834,0.007528,0.007528,0.000000,True
3688,2,4.804670,2.5538,391.573,0.000000,0.000000,0.000000,0.0000,0.224818,0.007499,0.007499,0.000000,True
3689,2,4.807225,2.5552,391.359,0.000000,0.000000,0.000000,0.0000,0.224808,0.007465,0.007465,0.000000,True
3690,2,4.809780,2.5727,388.697,0.000000,0.000000,0.000000,0.0000,0.224802,0.007430,0.007430,0.000000,True
3691,2,4.812354,2.5734,388.591,0.000000,0.000000,0.000000,0.0000,0.224809,0.007395,0.007395,0.000000,True
3692,2,4.814929,2.5749,388.365,0.000000,0.000000,0.000000,0.0000,0.224814,0.007363,0.007363,0.000000,True
3693,2,4.817505,2.5393,393.809,0.000000,0.000000,0.000000,0.0000,0.224820,0.007337,0.007337,0.000000,True
3694,2,4.820045,2.5526,391.757,0.000000,0.000000,0.000000,0.0000,0.224827,0.007317,0.007317,0.000000,True
3695,2,4.822598,2.6388,378.960,0.000000,0.000000,0.000000,0.0000,0.224840,0.007306,0.007306,0.000000,True
3696,2,4.825237,2.5316,395.007,0.000000,0.000000,0.000000,0.0000,0.224854,0.007304,0.007304,0.000000,True
3697,2,4.827769,2.5368,394.197,0.000000,0.000000,0.000000,0.0000,0.224871,0.007314,0.007314,0.000000,True
3698,2,4.830307,2.5520,391.850,0.000000,0.000000,0.000000,0.0000,0.224883,0.007321,0.007321,0.000000,True
3699,2,4.832859,2.5702,389.075,0.000000,0.000000,0.000000,0.0000,0.224892,0.007314,0.007314,0.000000,True
3700,2,4.835430,2.5200,396.825,0.000000,0.000000,0.000000,0.0000,0.224899,0.007296,0.007296,0.000000,True
3701,2,4.837950,2.5665,389.636,0.000000,0.000000,0.000000,0.0000,0.224912,0.007272,0.007272,0.000000,True
3702,2,4.840517,2.5503,392.111,0.000000,0.000000,0.000000,0.0000,0.224927,0.007244,0.007244,0.000000,True
3703,2,4.843068,2.5143,397.725,0.000000,0.000000,0.000000,0.0000,0.224947,0.007215,0.007215,0.000000,True
3704,2,4.845582,2.6011,384.453,0.000000,0.000000,0.000000,0.0000,0.224975,0.007188,0.007188,0.000000,True
3705,2,4.848184,2.5809,387.462,0.000000,0.000000,0.000000,0.0000,0.225004,0.007161,0.007161,0.000000,True
3706,2,4.850765,2.5366,394.229,0.000000,0.000000,0.000000,0.0000,0.225041,0.007139,0.007139,0.000000,True
3707,2,4.853302,2.5154,397.551,0.000000,0.000000,0.000000,0.0000,0.225091,0.007124,0.007124,0.000000,True
3708,2,4.855818,2.6599,375.954,0.000000,0.000000,0.000000,0.0000,0.225125,0.007115,0.007115,0.000000,True
3709,2,4.858478,2.6072,383.553,0.000000,0.000000,0.000000,0.0000,0.225156,0.007114,0.007114,0.000000,True
3710,2,4.861086,2.5987,384.808,0.000000,0.000000,0.000000,0.0000,0.225196,0.007123,0.007123,0.000000,True
3711,2,4.863685,2.5967,385.104,0.000000,0.000000,0.000000,0.0000,0.225214,0.007134,0.007134,0.000000,True
3712,2,4.866282,2.5832,387.117,0.000000,0.000000,0.000000,0.0000,0.225222,0.007131,0.007131,0.000000,True
3713,2,4.868865,2.5868,386.578,0.000000,0.000000,0.000000,0.0000,0.225231,0.007120,0.007120,0.000000,True
3714,2,4.871453,2.5889,386.264,0.000000,0.000000,0.000000,0.0000,0.225242,0.007102,0.007102,0.000000,True
3715,2,4.874042,2.5600,390.625,0.000000,0.000000,0.000000,0.0000,0.225259,0.007081,0.007081,0.000000,True
3716,2,4.876602,2.6531,376.918,0.000000,0.000000,0.000000,0.0000,0.225284,0.007060,0.007060,0.000000,True
3717,2,4.879256,2.5861,386.683,0.000000,0.000000,0.000000,0.0000,0.225309,0.007036,0.007036,0.000000,True
3718,2,4.881842,2.6378,379.104,0.000000,0.000000,0.000000,0.0000,0.225348,0.007016,0.007016,0.000000,True
3719,2,4.884480,2.6518,377.102,0.000000,0.000000,0.000000,0.0000,0.225404,0.006998,0.006998,0.000000,True
3720,2,4.887133,2.5733,388.606,0.000000,0.000000,0.000000,0.0000,0.225442,0.006984,0.006984,0.000000,True
3721,2,4.889706,5.8012,172.378,0.000000,0.000000,0.000000,0.0000,0.225479,0.006977,0.006977,0.000000,True
3722,2,4.895508,2.5867,386.593,0.000000,0.000000,0.000000,0.0000,0.225513,0.006969,0.006969,0.000000,True
3723,2,4.898096,2.5815,387.372,0.000000,0.000000,0.000000,0.0000,0.225546,0.006980,0.006980,0.000000,True
3724,2,4.900678,2.6239,381.112,0.000000,0.000000,0.000000,0.0000,0.225564,0.006979,0.006979,0.000000,True
3725,2,4.903302,2.5672,389.529,0.000000,0.000000,0.000000,0.0000,0.225585,0.006972,0.006972,0.000000,True
3726,2,4.905869,2.5610,390.473,0.000000,0.000000,0.000000,0.0000,0.225588,0.006960,0.006960,0.000000,True
3727,2,4.908431,2.7173,368.012,0.000000,0.000000,0.000000,0.0000,0.225590,0.006945,0.006945,0.000000,True
3728,2,4.911149,2.5825,387.222,0.000000,0.000000,0.000000,0.0000,0.225589,0.006927,0.006927,0.000000,True
3729,2,4.913732,2.5338,394.664,0.000000,0.000000,0.000000,0.0000,0.225597,0.006910,0.006910,0.000000,True
3730,2,4.916265,2.5246,396.102,0.000000,0.000000,0.000000,0.0000,0.225609,0.006894,0.006894,0.000000,True
3731,2,4.918790,2.5746,388.410,0.000000,0.000000,0.000000,0.0000,0.225625,0.006880,0.006880,0.000000,True
3732,2,4.921366,2.6673,374.911,0.000000,0.000000,0.000000,0.0000,0.225643,0.006869,0.006869,0.000000,True
3733,2,4.924034,2.5550,391.389,0.000000,0.000000,0.000000,0.0000,0.225665,0.006861,0.006861,0.000000,True
3734,2,4.926589,2.5164,397.393,0.000000,0.000000,0.000000,0.0000,0.225691,0.006859,0.006859,0.000000,True
3735,2,4.929106,2.5257,395.930,0.000000,0.000000,0.000000,0.0000,0.225722,0.006863,0.006863,0.000000,True
3736,2,4.931632,2.5596,390.686,0.000000,0.000000,0.000000,0.0000,0.225747,0.006865,0.006865,0.000000,True
3737,2,4.934191,2.5471,392.603,0.000000,0.000000,0.000000,0.0000,0.225765,0.006860,0.006860,0.000000,True
3738,2,4.936738,2.5335,394.711,0.000000,0.000000,0.000000,0.0000,0.225786,0.006852,0.006852,0.000000,True
3739,2,4.939272,2.5864,386.638,0.000000,0.000000,0.000000,0.0000,0.225808,0.006839,0.006839,0.000000,True
3740,2,4.941859,2.5418,393.422,0.000000,0.000000,0.000000,0.0000,0.225812,0.006824,0.006824,0.000000,True
3741,2,4.944401,2.5352,394.446,0.000000,0.000000,0.000000,0.0000,0.225816,0.006808,0.006808,0.000000,True
3742,2,4.946937,2.5847,386.892,0.000000,0.000000,0.000000,0.0000,0.225822,0.006792,0.006792,0.000000,True
3743,2,4.949522,2.6596,375.996,0.000000,0.000000,0.000000,0.0000,0.225839,0.005906,0.005906,0.000000,True
3744,2,4.952182,2.5948,385.386,0.000000,0.000000,0.000000,0.0000,0.225847,0.006480,0.006480,0.000000,True
3745,2,4.954778,2.9142,343.147,0.000000,0.000000,0.000000,0.0000,0.225860,0.005838,0.005838,0.000000,True
3746,2,4.957693,2.5880,386.399,0.000000,0.000000,0.000000,0.0000,0.225875,0.006410,0.006410,0.000000,True
3747,2,4.960281,2.5453,392.881,0.000000,0.000000,0.000000,0.0000,0.225892,0.005805,0.005805,0.000000,True
3748,2,4.962827,2.5507,392.049,0.000000,0.000000,0.000000,0.0000,0.225914,0.006378,0.006378,0.000000,True
3749,2,4.965378,2.5393,393.809,0.000000,0.000000,0.000000,0.0000,0.225931,0.005791,0.005791,0.000000,True
3750,2,4.967917,2.5560,391.236,0.000000,0.000000,0.000000,0.0000,0.225943,0.006356,0.006356,0.000000,True
3751,2,4.970474,2.5276,395.632,0.000000,0.000000,0.000000,0.0000,0.225949,0.005776,0.005776,0.000000,True
3752,2,4.973001,2.5346,394.540,0.000000,0.000000,0.000000,0.0000,0.225953,0.006328,0.006328,0.000000,True
3753,2,4.975536,2.5264,395.820,0.000000,0.000000,0.000000,0.0000,0.225958,0.005758,0.005758,0.000000,True
3754,2,4.978063,2.5251,396.024,0.000000,0.000000,0.000000,0.0000,0.225966,0.006297,0.006297,0.000000,True
3755,2,4.980588,2.5692,389.226,0.000000,0.000000,0.000000,0.0000,0.225975,0.005739,0.005739,0.000000,True
3756,2,4.983158,2.5897,386.145,0.000000,0.000000,0.000000,0.0000,0.225987,0.006265,0.006265,0.000000,True
3757,2,4.985748,2.5576,390.992,0.000000,0.000000,0.000000,0.0000,0.226000,0.005721,0.005721,0.000000,True
3758,2,4.988307,2.5185,397.062,0.000000,0.000000,0.000000,0.0000,0.226016,0.006237,0.006237,0.000000,True
3759,2,4.990825,2.5661,389.696,0.000000,0.000000,0.000000,0.0000,0.226036,0.005707,0.005707,0.000000,True
3760,2,4.993392,2.5678,389.438,0.000000,0.000000,0.000000,0.0000,0.226057,0.006219,0.006219,0.000000,True
3761,2,4.995960,2.5055,399.122,0.000000,0.000000,0.000000,0.0000,0.226079,0.005700,0.005700,0.000000,True
3762,2,4.998466,2.5677,389.454,0.000000,0.000000,0.000000,0.0000,0.226103,0.006214,0.006214,0.000000,True
3763,2,5.001034,2.5135,397.852,0.000000,0.000000,0.000000,0.0000,0.226124,0.005698,0.005698,0.000000,True
3764,2,5.003548,2.5787,387.792,0.000000,0.000000,0.000000,0.0000,0.226143,0.006204,0.006204,0.000000,True
3765,2,5.006127,2.5568,391.114,0.000000,0.000000,0.000000,0.0000,0.226163,0.005692,0.005692,0.000000,True
3766,2,5.008684,2.6305,380.156,0.000000,0.000000,0.000000,0.0000,0.226184,0.006186,0.006186,0.000000,True
3767,2,5.011315,2.7231,367.229,0.000000,0.000000,0.000000,0.0000,0.226207,0.005681,0.005681,0.000000,True
3768,2,5.014039,2.5343,394.586,0.000000,0.000000,0.000000,0.0000,0.226252,0.006162,0.006162,0.000000,True
3769,2,5.016573,2.6191,381.811,0.000000,0.000000,0.000000,0.0000,0.226276,0.005666,0.005666,0.000000,True
3770,2,5.019193,2.5414,393.484,0.000000,0.000000,0.000000,0.0000,0.226311,0.006136,0.006136,0.000000,True
3771,2,5.021735,2.5761,388.184,0.000000,0.000000,0.000000,0.0000,0.226356,0.005650,0.005650,0.000000,True
3772,2,5.024311,2.5410,393.546,0.000000,0.000000,0.000000,0.0000,0.226386,0.006112,0.006112,0.000000,True
3773,2,5.026853,2.5132,397.899,0.000000,0.000000,0.000000,0.0000,0.226417,0.005636,0.005636,0.000000,True
3774,2,5.029366,2.5624,390.259,0.000000,0.000000,0.000000,0.0000,0.226448,0.006096,0.006096,0.000000,True
3775,2,5.031929,2.5475,392.542,0.000000,0.000000,0.000000,0.0000,0.226477,0.005627,0.005627,0.000000,True
3776,2,5.034477,2.5614,390.412,0.000000,0.000000,0.000000,0.0000,0.226504,0.006090,0.006090,0.000000,True
3777,2,5.037039,2.7703,360.972,0.000000,0.000000,0.000000,0.0000,0.226530,0.005627,0.005627,0.000000,True
3778,2,5.039810,2.5896,386.160,0.000000,0.000000,0.000000,0.0000,0.226549,0.006081,0.006081,0.000000,True
3779,2,5.042400,2.5497,392.203,0.000000,0.000000,0.000000,0.0000,0.226580,0.005622,0.005622,0.000000,True
3780,2,5.044950,2.5475,392.542,0.000000,0.000000,0.000000,0.0000,0.226614,0.005302,0.005302,0.000000,True
3781,2,5.047498,2.5510,392.003,0.000000,0.000000,0.000000,0.0000,0.226651,0.005998,0.005998,0.000000,True
3782,2,5.050049,2.5674,389.499,0.000000,0.000000,0.000000,0.0000,0.226690,0.005597,0.005597,0.000000,True
3783,2,5.052617,2.5593,390.732,0.000000,0.000000,0.000000,0.0000,0.226732,0.005288,0.005288,0.000000,True
3784,2,5.055177,2.5797,387.642,0.000000,0.000000,0.000000,0.0000,0.226775,0.005956,0.005956,0.000000,True
3785,2,5.057757,2.5543,391.497,0.000000,0.000000,0.000000,0.0000,0.226828,0.005568,0.005568,0.000000,True
3786,2,5.060312,2.5260,395.883,0.000000,0.000000,0.000000,0.0000,0.226871,0.005269,0.005269,0.000000,True
3787,2,5.062839,2.5779,387.913,0.000000,0.000000,0.000000,0.0000,0.226913,0.005918,0.005918,0.000000,True
3788,2,5.065417,2.5633,390.122,0.000000,0.000000,0.000000,0.0000,0.226952,0.005542,0.005542,0.000000,True
3789,2,5.067981,2.5548,391.420,0.000000,0.000000,0.000000,0.0000,0.226984,0.005258,0.005258,0.000000,True
3790,2,5.070536,2.6263,380.764,0.000000,0.000000,0.000000,0.0000,0.227013,0.005169,0.005169,0.000000,True
3791,2,5.073163,2.8217,354.396,0.000000,0.000000,0.000000,0.0000,0.227040,0.005885,0.005885,0.000000,True
3792,2,5.075985,2.5526,391.757,0.000000,0.000000,0.000000,0.0000,0.227066,0.005537,0.005537,0.000000,True
3793,2,5.078538,2.5302,395.226,0.000000,0.000000,0.000000,0.0000,0.227094,0.005259,0.005259,0.000000,True
3794,2,5.081069,2.5267,395.773,0.000000,0.000000,0.000000,0.0000,0.227121,0.005168,0.005168,0.000000,True
3795,2,5.083596,2.5464,392.711,0.000000,0.000000,0.000000,0.0000,0.227151,0.005137,0.005137,0.000000,True
3796,2,5.086143,2.5801,387.582,0.000000,0.000000,0.000000,0.0000,0.227172,0.005124,0.005124,0.000000,True
3797,2,5.088723,2.6340,379.651,0.000000,0.000000,0.000000,0.0000,0.227211,0.005117,0.005117,0.000000,True
3798,2,5.091357,2.8197,354.648,0.000000,0.000000,0.000000,0.0000,0.227253,0.005110,0.005110,0.000000,True
3799,2,5.094177,2.5153,397.567,0.000000,0.000000,0.000000,0.0000,0.227296,0.005103,0.005103,0.000000,True
3800,2,5.096693,2.5201,396.810,0.000000,0.000000,0.000000,0.0000,0.227341,0.005095,0.005095,0.000000,True
3801,2,5.099213,2.5032,399.489,0.000000,0.000000,0.000000,0.0000,0.227386,0.005089,0.005089,0.000000,True
3802,2,5.101717,2.5069,398.899,0.000000,0.000000,0.000000,0.0000,0.227423,0.005090,0.005090,0.000000,True
3803,2,5.104224,2.5529,391.711,0.000000,0.000000,0.000000,0.0000,0.227454,0.005093,0.005093,0.000000,True
3804,2,5.106777,2.5662,389.681,0.000000,0.000000,0.000000,0.0000,0.227482,0.005096,0.005096,0.000000,True
3805,2,5.109344,2.5024,399.616,0.000000,0.000000,0.000000,0.0000,0.227493,0.005097,0.005097,0.000000,True
3806,2,5.111846,2.5369,394.182,0.000000,0.000000,0.000000,0.0000,0.227517,0.005097,0.005097,0.000000,True
3807,2,5.114383,2.5203,396.778,0.000000,0.000000,0.000000,0.0000,0.227543,0.005095,0.005095,0.000000,True
3808,2,5.116904,2.6074,383.524,0.000000,0.000000,0.000000,0.0000,0.227570,0.005091,0.005091,0.000000,True
3809,2,5.119512,2.5152,397.583,0.000000,0.000000,0.000000,0.0000,0.227600,0.005087,0.005087,0.000000,True
3810,2,5.122027,2.5575,391.007,0.000000,0.000000,0.000000,0.0000,0.227644,0.005080,0.005080,0.000000,True
3811,2,5.124585,2.5892,386.220,0.000000,0.000000,0.000000,0.0000,0.227663,0.005073,0.005073,0.000000,True
3812,2,5.127174,2.5504,392.095,0.000000,0.000000,0.000000,0.0000,0.227703,0.005065,0.005065,0.000000,True
3813,2,5.129725,2.5330,394.789,0.000000,0.000000,0.000000,0.0000,0.227749,0.005056,0.005056,0.000000,True
3814,2,5.132258,2.5941,385.490,0.000000,0.000000,0.000000,0.0000,0.227796,0.005048,0.005048,0.000000,True
3815,2,5.134853,2.5580,390.930,0.000000,0.000000,0.000000,0.0000,0.227836,0.005047,0.005047,0.000000,True
3816,2,5.137412,2.5326,394.851,0.000000,0.000000,0.000000,0.0000,0.227867,0.005051,0.005051,0.000000,True
3817,2,5.139945,2.5543,391.497,0.000000,0.000000,0.000000,0.0000,0.227893,0.005054,0.005054,0.000000,True
3818,2,5.142499,2.5632,390.137,0.000000,0.000000,0.000000,0.0000,0.227913,0.005056,0.005056,0.000000,True
3819,2,5.145062,2.5503,392.111,0.000000,0.000000,0.000000,0.0000,0.227929,0.005056,0.005056,0.000000,True
3820,2,5.147613,2.6012,384.438,0.000000,0.000000,0.000000,0.0000,0.227943,0.005055,0.005055,0.000000,True
3821,2,5.150215,2.5519,391.865,0.000000,0.000000,0.000000,0.0000,0.227969,0.005051,0.005051,0.000000,True
3822,2,5.152767,2.5717,388.848,0.000000,0.000000,0.000000,0.0000,0.227984,0.005046,0.005046,0.000000,True
3823,2,5.155339,2.8284,353.557,0.000000,0.000000,0.000000,0.0000,0.228005,0.005039,0.005039,0.000000,True
3824,2,5.158168,2.5495,392.234,0.000000,0.000000,0.000000,0.0000,0.228031,0.005032,0.005032,0.000000,True
3825,2,5.160718,2.5211,396.652,0.000000,0.000000,0.000000,0.0000,0.228064,0.005022,0.005022,0.000000,True
3826,2,5.163240,2.5493,392.265,0.000000,0.000000,0.000000,0.0000,0.228102,0.005011,0.005011,0.000000,True
3827,2,5.165790,2.5815,387.372,0.000000,0.000000,0.000000,0.0000,0.228142,0.005001,0.005001,0.000000,True
3828,2,5.168372,2.5567,391.129,0.000000,0.000000,0.000000,0.0000,0.228180,0.004999,0.004999,0.000000,True
3829,2,5.170928,2.5331,394.773,0.000000,0.000000,0.000000,0.0000,0.228222,0.005003,0.005003,0.000000,True
3830,2,5.173462,2.5699,389.120,0.000000,0.000000,0.000000,0.0000,0.228243,0.005007,0.005007,0.000000,True
3831,2,5.176033,2.5422,393.360,0.000000,0.000000,0.000000,0.0000,0.228257,0.005010,0.005010,0.000000,True
3832,2,5.178575,2.5888,386.279,0.000000,0.000000,0.000000,0.0000,0.228267,0.005010,0.005010,0.000000,True
3833,2,5.181164,2.5774,387.988,0.000000,0.000000,0.000000,0.0000,0.228275,0.005009,0.005009,0.000000,True
3834,2,5.183742,2.5741,388.485,0.000000,0.000000,0.000000,0.0000,0.228283,0.005006,0.005006,0.000000,True
3835,2,5.186317,2.7513,363.465,0.000000,0.000000,0.000000,0.0000,0.228276,0.005001,0.005001,0.000000,True
3836,2,5.189069,2.5833,387.102,0.000000,0.000000,0.000000,0.0000,0.228295,0.004995,0.004995,0.000000,True
3837,2,5.191655,2.7947,357.820,0.000000,0.000000,0.000000,0.0000,0.228323,0.004986,0.004986,0.000000,True
3838,2,5.194450,2.5896,386.160,0.000000,0.000000,0.000000,0.0000,0.228357,0.004977,0.004977,0.000000,True
3839,2,5.197040,2.5581,390.915,0.000000,0.000000,0.000000,0.0000,0.228399,0.004965,0.004965,0.000000,True
3840,2,5.199599,2.5638,390.046,0.000000,0.000000,0.000000,0.0000,0.228444,0.004953,0.004953,0.000000,True
3841,2,5.202163,2.5457,392.819,0.000000,0.000000,0.000000,0.0000,0.228486,0.004951,0.004951,0.000000,True
3842,2,5.204709,2.5977,384.956,0.000000,0.000000,0.000000,0.0000,0.228525,0.004957,0.004957,0.000000,True
3843,2,5.207307,2.5837,387.042,0.000000,0.000000,0.000000,0.0000,0.228544,0.004963,0.004963,0.000000,True
3844,2,5.209891,2.6137,382.599,0.000000,0.000000,0.000000,0.0000,0.228540,0.004966,0.004966,0.000000,True
3845,2,5.212505,2.5250,396.040,0.000000,0.000000,0.000000,0.0000,0.228550,0.004968,0.004968,0.000000,True
3846,2,5.215031,2.5266,395.789,0.000000,0.000000,0.000000,0.0000,0.228548,0.004966,0.004966,0.000000,True
3847,2,5.217557,2.5122,398.058,0.000000,0.000000,0.000000,0.0000,0.228557,0.004962,0.004962,0.000000,True
3848,2,5.220070,2.5646,389.924,0.000000,0.000000,0.000000,0.0000,0.228568,0.004956,0.004956,0.000000,True
3849,2,5.222635,2.6588,376.110,0.000000,0.000000,0.000000,0.0000,0.228600,0.004949,0.004949,0.000000,True
3850,2,5.225295,2.5752,388.319,0.000000,0.000000,0.000000,0.0000,0.228621,0.004941,0.004941,0.000000,True
3851,2,5.227870,2.5295,395.335,0.000000,0.000000,0.000000,0.0000,0.228651,0.004929,0.004929,0.000000,True
3852,2,5.230400,2.5173,397.251,0.000000,0.000000,0.000000,0.0000,0.228677,0.004917,0.004917,0.000000,True
3853,2,5.232917,2.5337,394.680,0.000000,0.000000,0.000000,0.0000,0.228730,0.004904,0.004904,0.000000,True
3854,2,5.235451,2.5666,389.621,0.000000,0.000000,0.000000,0.0000,0.228770,0.004899,0.004899,0.000000,True
3855,2,5.238019,2.5471,392.603,0.000000,0.000000,0.000000,0.0000,0.228798,0.004906,0.004906,0.000000,True
3856,2,5.240566,2.4990,400.160,0.000000,0.000000,0.000000,0.0000,0.228799,0.004912,0.004912,0.000000,True
3857,2,5.243065,2.5409,393.561,0.000000,0.000000,0.000000,0.0000,0.228810,0.004917,0.004917,0.000000,True
3858,2,5.245606,2.5443,393.035,0.000000,0.000000,0.000000,0.0000,0.228804,0.004919,0.004919,0.000000,True
3859,2,5.248151,2.5565,391.160,0.000000,0.000000,0.000000,0.0000,0.228792,0.004919,0.004919,0.000000,True
3860,2,5.250708,2.7631,361.912,0.000000,0.000000,0.000000,0.0000,0.228775,0.004917,0.004917,0.000000,True
3861,2,5.253471,2.5641,390.000,0.000000,0.000000,0.000000,0.0000,0.228759,0.004914,0.004914,0.000000,True
3862,2,5.256036,2.5236,396.259,0.000000,0.000000,0.000000,0.0000,0.228753,0.004904,0.004904,0.000000,True
3863,2,5.258560,2.5484,392.403,0.000000,0.000000,0.000000,0.0000,0.228755,0.004893,0.004893,0.000000,True
3864,2,5.261108,2.5148,397.646,0.000000,0.000000,0.000000,0.0000,0.228767,0.004882,0.004882,0.000000,True
3865,2,5.263624,2.5952,385.327,0.000000,0.000000,0.000000,0.0000,0.228791,0.004869,0.004869,0.000000,True
3866,2,5.266220,2.5667,389.605,0.000000,0.000000,0.000000,0.0000,0.228823,0.004854,0.004854,0.000000,True
3867,2,5.266667,2.5679,389.423,0.000000,0.000000,0.000000,0.0000,0.228864,0.004842,0.004842,0.000000,True
